"FullName","Length","LastWriteTime"
"C:\Users\TUF Gaming\Desktop\我的專案\財富密碼\.gitignore","1454","2026/8/10 下午 09:58:44"
"C:\Users\TUF Gaming\Desktop\我的專案\財富密碼\channel-avatar.png","673550","2026/8/9 下午 12:33:42"
"C:\Users\TUF Gaming\Desktop\我的專案\財富密碼\channel-banner.png","1983174","2026/8/8 下午 09:32:22"
"C:\Users\TUF Gaming\Desktop\我的專案\財富密碼\README.md","3956","2026/8/11 下午 09:51:22"
"C:\Users\TUF Gaming\Desktop\我的專案\財富密碼\taco-bed-10s-thumb.jpg","200538","2026/8/8 上午 01:38:15"
"C:\Users\TUF Gaming\Desktop\我的專案\財富密碼\taco-bed-10s-veo.mp4","2502980","2026/8/8 上午 04:47:19"
"C:\Users\TUF Gaming\Desktop\我的專案\財富密碼\taco-plant-draft-thumb.jpg","185685","2026/8/6 下午 05:27:48"
"C:\Users\TUF Gaming\Desktop\我的專案\財富密碼\taco-troll-10s-veo-v2.mp4","2530088","2026/8/6 下午 09:28:30"
"C:\Users\TUF Gaming\Desktop\我的專案\財富密碼\taco-troll-10s-veo.mp4","2492806","2026/8/6 下午 08:58:38"
"C:\Users\TUF Gaming\Desktop\我的專案\財富密碼\增長實驗紀錄.md","10731","2026/8/12 上午 06:45:08"
"C:\Users\TUF Gaming\Desktop\我的專案\財富密碼\導覽.md","3670","2026/8/11 下午 09:52:00"
"C:\Users\TUF Gaming\Desktop\我的專案\財富密碼\排程19支-總覽.html","128057","2026/8/11 下午 10:07:02"
"C:\Users\TUF Gaming\Desktop\我的專案\財富密碼\接手-下次開機.md","11967","2026/8/12 上午 12:22:58"
"C:\Users\TUF Gaming\Desktop\我的專案\財富密碼\01-企劃\IP總覽.md","2718","2026/8/8 上午 12:27:34"
"C:\Users\TUF Gaming\Desktop\我的專案\財富密碼\01-企劃\對標計畫.md","11422","2026/8/12 上午 12:02:42"
"C:\Users\TUF Gaming\Desktop\我的專案\財富密碼\01-企劃\開拍前-prompt模板.md","5138","2026/8/12 上午 12:15:52"
"C:\Users\TUF Gaming\Desktop\我的專案\財富密碼\02-技術選型\本機生圖-實測報告.md","6458","2026/8/11 下午 03:42:00"
"C:\Users\TUF Gaming\Desktop\我的專案\財富密碼\02-技術選型\選型-歸因對抗檢驗.md","16238","2026/8/10 下午 09:41:05"
"C:\Users\TUF Gaming\Desktop\我的專案\財富密碼\02-技術選型\選型-產線與人力.md","23546","2026/8/10 下午 09:39:39"
"C:\Users\TUF Gaming\Desktop\我的專案\財富密碼\02-技術選型\選型-畫質與演算法.md","18880","2026/8/10 下午 09:29:47"
"C:\Users\TUF Gaming\Desktop\我的專案\財富密碼\02-技術選型\選型-硬體路線.md","17046","2026/8/10 下午 09:29:20"
"C:\Users\TUF Gaming\Desktop\我的專案\財富密碼\02-技術選型\選型-結論與建議.md","18050","2026/8/10 下午 09:45:00"
"C:\Users\TUF Gaming\Desktop\我的專案\財富密碼\02-技術選型\選型-賽道標竿.md","18055","2026/8/10 下午 09:31:49"
"C:\Users\TUF Gaming\Desktop\我的專案\財富密碼\03-歷史交接\交接-2026-08-10.md","3631","2026/8/10 下午 01:15:59"
"C:\Users\TUF Gaming\Desktop\我的專案\財富密碼\03-歷史交接\交接-2026-08-11-傍晚.md","6980","2026/8/11 下午 10:48:08"
"C:\Users\TUF Gaming\Desktop\我的專案\財富密碼\03-歷史交接\交接-2026-08-13.md","4365","2026/8/13 上午 10:54:54"
"C:\Users\TUF Gaming\Desktop\我的專案\財富密碼\03-歷史交接\對標計畫-v1-2026-08-05.md","4338","2026/8/5 下午 11:32:21"
"C:\Users\TUF Gaming\Desktop\我的專案\財富密碼\ab-test\A-原版prompt.mp4","6220190","2026/8/8 下午 12:59:54"
"C:\Users\TUF Gaming\Desktop\我的專案\財富密碼\ab-test\B-電影感prompt.mp4","6321595","2026/8/8 下午 01:02:45"
"C:\Users\TUF Gaming\Desktop\我的專案\財富密碼\ab-test\C-本機畫面+Veo音效.mp4","6254816","2026/8/8 下午 09:35:52"
"C:\Users\TUF Gaming\Desktop\我的專案\財富密碼\ab-test\對照圖.png","2595201","2026/8/8 下午 01:04:09"
"C:\Users\TUF Gaming\Desktop\我的專案\財富密碼\auto\browser_lock.py","2980","2026/8/11 下午 05:32:52"
"C:\Users\TUF Gaming\Desktop\我的專案\財富密碼\auto\clean_depth.py","1873","2026/8/12 下午 03:08:07"
"C:\Users\TUF Gaming\Desktop\我的專案\財富密碼\auto\comfy_api.py","8105","2026/8/11 下午 01:11:09"
"C:\Users\TUF Gaming\Desktop\我的專案\財富密碼\auto\daily_report.py","6321","2026/8/10 上午 02:05:30"
"C:\Users\TUF Gaming\Desktop\我的專案\財富密碼\auto\desc_spec.py","4073","2026/8/11 下午 04:55:47"
"C:\Users\TUF Gaming\Desktop\我的專案\財富密碼\auto\diag.py","1341","2026/8/8 下午 10:21:57"
"C:\Users\TUF Gaming\Desktop\我的專案\財富密碼\auto\gbot.py","12519","2026/8/9 下午 06:32:32"
"C:\Users\TUF Gaming\Desktop\我的專案\財富密碼\auto\gen_scene_local.py","12605","2026/8/12 下午 03:08:04"
"C:\Users\TUF Gaming\Desktop\我的專案\財富密碼\auto\make_depth.py","2446","2026/8/12 下午 03:08:06"
"C:\Users\TUF Gaming\Desktop\我的專案\財富密碼\auto\make_scene.py","4804","2026/8/10 下午 05:26:22"
"C:\Users\TUF Gaming\Desktop\我的專案\財富密碼\auto\make_video_cloud.py","18801","2026/8/12 下午 03:08:02"
"C:\Users\TUF Gaming\Desktop\我的專案\財富密碼\auto\make_video_local_5s.py","7068","2026/8/13 上午 01:20:56"
"C:\Users\TUF Gaming\Desktop\我的專案\財富密碼\auto\momentum.py","3476","2026/8/12 上午 12:01:22"
"C:\Users\TUF Gaming\Desktop\我的專案\財富密碼\auto\pipeline.log","36263","2026/8/13 上午 10:48:33"
"C:\Users\TUF Gaming\Desktop\我的專案\財富密碼\auto\pipeline.py","19986","2026/8/12 下午 03:07:48"
"C:\Users\TUF Gaming\Desktop\我的專案\財富密碼\auto\publish_video.py","5911","2026/8/12 下午 03:07:49"
"C:\Users\TUF Gaming\Desktop\我的專案\財富密碼\auto\README.md","5568","2026/8/11 下午 08:37:45"
"C:\Users\TUF Gaming\Desktop\我的專案\財富密碼\auto\schedule-v1-三支制.json","114796","2026/8/8 下午 10:00:32"
"C:\Users\TUF Gaming\Desktop\我的專案\財富密碼\auto\schedule.json","136911","2026/8/13 上午 10:37:11"
"C:\Users\TUF Gaming\Desktop\我的專案\財富密碼\auto\state-v1.json","461","2026/8/8 下午 10:00:32"
"C:\Users\TUF Gaming\Desktop\我的專案\財富密碼\auto\state.backup_20260813_103031.json","3431","2026/8/13 上午 10:30:31"
"C:\Users\TUF Gaming\Desktop\我的專案\財富密碼\auto\state.json","3688","2026/8/13 上午 10:48:33"
"C:\Users\TUF Gaming\Desktop\我的專案\財富密碼\auto\studio_stats.py","1525","2026/8/9 下午 12:14:22"
"C:\Users\TUF Gaming\Desktop\我的專案\財富密碼\auto\sync_gbrain.py","5052","2026/8/12 上午 12:21:40"
"C:\Users\TUF Gaming\Desktop\我的專案\財富密碼\auto\update_desc.py","3170","2026/8/12 下午 03:08:14"
"C:\Users\TUF Gaming\Desktop\我的專案\財富密碼\auto\update_title.py","2943","2026/8/12 上午 06:27:37"
"C:\Users\TUF Gaming\Desktop\我的專案\財富密碼\auto\video_reach.py","2722","2026/8/12 上午 12:30:45"
"C:\Users\TUF Gaming\Desktop\我的專案\財富密碼\auto\video_stats.py","1419","2026/8/12 上午 12:27:28"
"C:\Users\TUF Gaming\Desktop\我的專案\財富密碼\auto\clips\avatar_face.jpg","150286","2026/8/9 下午 12:30:36"
"C:\Users\TUF Gaming\Desktop\我的專案\財富密碼\auto\clips\avatar_face.txt","1136","2026/8/9 下午 12:30:07"
"C:\Users\TUF Gaming\Desktop\我的專案\財富密碼\auto\clips\bgA.jpg","278506","2026/8/9 上午 08:45:25"
"C:\Users\TUF Gaming\Desktop\我的專案\財富密碼\auto\clips\bgA.txt","1789","2026/8/9 上午 08:44:49"
"C:\Users\TUF Gaming\Desktop\我的專案\財富密碼\auto\clips\bgB.jpg","193068","2026/8/9 上午 08:45:46"
"C:\Users\TUF Gaming\Desktop\我的專案\財富密碼\auto\clips\bgB.txt","1862","2026/8/9 上午 08:44:49"
"C:\Users\TUF Gaming\Desktop\我的專案\財富密碼\auto\clips\d1s1-無聲備份.mp4","2431322","2026/8/9 上午 11:23:58"
"C:\Users\TUF Gaming\Desktop\我的專案\財富密碼\auto\clips\d1s1.mp4","2646630","2026/8/9 上午 11:23:58"
"C:\Users\TUF Gaming\Desktop\我的專案\財富密碼\auto\clips\d1s1b_video.txt","2055","2026/8/9 上午 08:54:41"
"C:\Users\TUF Gaming\Desktop\我的專案\財富密碼\auto\clips\d1s1_desc.txt","430","2026/8/9 上午 11:24:53"
"C:\Users\TUF Gaming\Desktop\我的專案\財富密碼\auto\clips\d1s1_last.jpg","105970","2026/8/9 上午 08:54:07"
"C:\Users\TUF Gaming\Desktop\我的專案\財富密碼\auto\clips\d1s1_scene.jpg","122772","2026/8/8 下午 10:06:16"
"C:\Users\TUF Gaming\Desktop\我的專案\財富密碼\auto\clips\d1s1_scene.txt","2306","2026/8/8 下午 10:05:01"
"C:\Users\TUF Gaming\Desktop\我的專案\財富密碼\auto\clips\d1s1_title.txt","57","2026/8/9 上午 11:24:53"
"C:\Users\TUF Gaming\Desktop\我的專案\財富密碼\auto\clips\d1s1_video.txt","3367","2026/8/9 上午 02:05:01"
"C:\Users\TUF Gaming\Desktop\我的專案\財富密碼\auto\clips\d2s1_desc.txt","427","2026/8/11 下午 01:18:27"
"C:\Users\TUF Gaming\Desktop\我的專案\財富密碼\auto\clips\d2s1_local.err","0","2026/8/10 上午 09:13:15"
"C:\Users\TUF Gaming\Desktop\我的專案\財富密碼\auto\clips\d2s1_local.log","190","2026/8/10 上午 09:18:28"
"C:\Users\TUF Gaming\Desktop\我的專案\財富密碼\auto\clips\d2s1_raw.mp4","4087922","2026/8/10 上午 09:18:28"
"C:\Users\TUF Gaming\Desktop\我的專案\財富密碼\auto\clips\d2s1_scene.jpg","123342","2026/8/10 上午 09:11:43"
"C:\Users\TUF Gaming\Desktop\我的專案\財富密碼\auto\clips\d2s1_scene.txt","1269","2026/8/10 上午 09:11:00"
"C:\Users\TUF Gaming\Desktop\我的專案\財富密碼\auto\clips\d2s1_title.txt","61","2026/8/10 上午 09:22:40"
"C:\Users\TUF Gaming\Desktop\我的專案\財富密碼\auto\clips\d2s1_video.txt","929","2026/8/10 上午 09:25:01"
"C:\Users\TUF Gaming\Desktop\我的專案\財富密碼\auto\clips\d3s1.mp4","15931323","2026/8/10 下午 03:01:53"
"C:\Users\TUF Gaming\Desktop\我的專案\財富密碼\auto\clips\d3s1.mp4.conv","46","2026/8/10 下午 07:05:53"
"C:\Users\TUF Gaming\Desktop\我的專案\財富密碼\auto\clips\d3s1_desc.txt","453","2026/8/11 下午 01:18:18"
"C:\Users\TUF Gaming\Desktop\我的專案\財富密碼\auto\clips\d3s1_scene.jpg","180281","2026/8/10 下午 05:21:40"
"C:\Users\TUF Gaming\Desktop\我的專案\財富密碼\auto\clips\d3s1_scene.txt","2205","2026/8/10 下午 05:21:14"
"C:\Users\TUF Gaming\Desktop\我的專案\財富密碼\auto\clips\d3s1_title.txt","65","2026/8/10 下午 08:53:03"
"C:\Users\TUF Gaming\Desktop\我的專案\財富密碼\auto\clips\d3s1_video.txt","3495","2026/8/10 下午 08:05:01"
"C:\Users\TUF Gaming\Desktop\我的專案\財富密碼\auto\clips\d4s1_bridge.jpg","107787","2026/8/11 下午 04:54:04"
"C:\Users\TUF Gaming\Desktop\我的專案\財富密碼\auto\clips\d4s1_desc.txt","558","2026/8/13 上午 10:47:33"
"C:\Users\TUF Gaming\Desktop\我的專案\財富密碼\auto\clips\d4s1_list.txt","42","2026/8/11 下午 04:59:43"
"C:\Users\TUF Gaming\Desktop\我的專案\財富密碼\auto\clips\d4s1_scene.jpg","216042","2026/8/11 下午 08:41:17"
"C:\Users\TUF Gaming\Desktop\我的專案\財富密碼\auto\clips\d4s1_scene.txt","2871","2026/8/11 下午 08:38:37"
"C:\Users\TUF Gaming\Desktop\我的專案\財富密碼\auto\clips\d4s1_scene_v1_有商標.jpg","202414","2026/8/11 下午 04:05:35"
"C:\Users\TUF Gaming\Desktop\我的專案\財富密碼\auto\clips\d4s1_scene_v3_無商標.jpg","186872","2026/8/11 下午 08:00:11"
"C:\Users\TUF Gaming\Desktop\我的專案\財富密碼\auto\clips\d4s1_scene_v4_無粉塵.jpg","216042","2026/8/11 下午 08:42:19"
"C:\Users\TUF Gaming\Desktop\我的專案\財富密碼\auto\clips\d4s1_scene_本機版.jpg","1259263","2026/8/11 下午 07:57:34"
"C:\Users\TUF Gaming\Desktop\我的專案\財富密碼\auto\clips\d4s1_seg1.mp4","7161076","2026/8/11 下午 04:52:54"
"C:\Users\TUF Gaming\Desktop\我的專案\財富密碼\auto\clips\d4s1_seg2.mp4","5522432","2026/8/11 下午 04:58:48"
"C:\Users\TUF Gaming\Desktop\我的專案\財富密碼\auto\clips\d4s1_shake_desc.txt","553","2026/8/13 上午 04:53:40"
"C:\Users\TUF Gaming\Desktop\我的專案\財富密碼\auto\clips\d4s1_shake_title.txt","74","2026/8/13 上午 04:53:31"
"C:\Users\TUF Gaming\Desktop\我的專案\財富密碼\auto\clips\d4s1_silent.mp4","12682733","2026/8/11 下午 04:59:43"
"C:\Users\TUF Gaming\Desktop\我的專案\財富密碼\auto\clips\d4s1_title.txt","73","2026/8/13 上午 10:47:33"
"C:\Users\TUF Gaming\Desktop\我的專案\財富密碼\auto\clips\d4s1_v2_bridge.jpg","105555","2026/8/11 下午 05:36:59"
"C:\Users\TUF Gaming\Desktop\我的專案\財富密碼\auto\clips\d4s1_v2_list.txt","48","2026/8/11 下午 05:42:13"
"C:\Users\TUF Gaming\Desktop\我的專案\財富密碼\auto\clips\d4s1_v2_seg1.mp4","8377822","2026/8/11 下午 05:33:20"
"C:\Users\TUF Gaming\Desktop\我的專案\財富密碼\auto\clips\d4s1_v2_seg1.txt","915","2026/8/11 下午 08:42:06"
"C:\Users\TUF Gaming\Desktop\我的專案\財富密碼\auto\clips\d4s1_v2_seg2.mp4","4905780","2026/8/11 下午 05:41:47"
"C:\Users\TUF Gaming\Desktop\我的專案\財富密碼\auto\clips\d4s1_v2_seg2.txt","784","2026/8/11 下午 05:28:22"
"C:\Users\TUF Gaming\Desktop\我的專案\財富密碼\auto\clips\d4s1_v2_silent.mp4","13282843","2026/8/11 下午 05:42:13"
"C:\Users\TUF Gaming\Desktop\我的專案\財富密碼\auto\clips\d4s1_v3_seg1.mp4","7335609","2026/8/11 下午 08:05:06"
"C:\Users\TUF Gaming\Desktop\我的專案\財富密碼\auto\clips\d4s1_v4_bridge.jpg","117149","2026/8/11 下午 08:48:11"
"C:\Users\TUF Gaming\Desktop\我的專案\財富密碼\auto\clips\d4s1_v4_list.txt","48","2026/8/11 下午 08:53:43"
"C:\Users\TUF Gaming\Desktop\我的專案\財富密碼\auto\clips\d4s1_v4_seg1.mp4","8313027","2026/8/11 下午 08:47:29"
"C:\Users\TUF Gaming\Desktop\我的專案\財富密碼\auto\clips\d4s1_v4_seg2.mp4","6218019","2026/8/11 下午 08:52:58"
"C:\Users\TUF Gaming\Desktop\我的專案\財富密碼\auto\clips\d4s1_v4_silent.mp4","14530251","2026/8/11 下午 08:53:44"
"C:\Users\TUF Gaming\Desktop\我的專案\財富密碼\auto\clips\d4s1_video.txt","3219","2026/8/11 下午 04:05:35"
"C:\Users\TUF Gaming\Desktop\我的專案\財富密碼\auto\clips\d4s1_video_seg2.txt","925","2026/8/11 下午 04:54:05"
"C:\Users\TUF Gaming\Desktop\我的專案\財富密碼\auto\clips\d4s1_video_shake.txt","2040","2026/8/13 上午 01:19:49"
"C:\Users\TUF Gaming\Desktop\我的專案\財富密碼\auto\clips\d5s1_bridge.jpg","128922","2026/8/11 下午 10:29:25"
"C:\Users\TUF Gaming\Desktop\我的專案\財富密碼\auto\clips\d5s1_desc.txt","528","2026/8/11 下午 10:24:56"
"C:\Users\TUF Gaming\Desktop\我的專案\財富密碼\auto\clips\d5s1_scene.jpg","236992","2026/8/11 下午 10:20:49"
"C:\Users\TUF Gaming\Desktop\我的專案\財富密碼\auto\clips\d5s1_scene.txt","3709","2026/8/11 下午 10:20:17"
"C:\Users\TUF Gaming\Desktop\我的專案\財富密碼\auto\clips\d5s1_scene_v1_眉毛不對稱.jpg","213001","2026/8/11 下午 10:17:31"
"C:\Users\TUF Gaming\Desktop\我的專案\財富密碼\auto\clips\d5s1_seg1.mp4","9581237","2026/8/11 下午 10:28:15"
"C:\Users\TUF Gaming\Desktop\我的專案\財富密碼\auto\clips\d5s1_seg1.txt","2022","2026/8/11 下午 10:22:23"
"C:\Users\TUF Gaming\Desktop\我的專案\財富密碼\auto\clips\d5s1_seg2.mp4","5851298","2026/8/11 下午 10:34:28"
"C:\Users\TUF Gaming\Desktop\我的專案\財富密碼\auto\clips\d5s1_seg2.txt","1885","2026/8/11 下午 10:22:34"
"C:\Users\TUF Gaming\Desktop\我的專案\財富密碼\auto\clips\d5s1_silent.mp4","14128274","2026/8/11 下午 10:44:12"
"C:\Users\TUF Gaming\Desktop\我的專案\財富密碼\auto\clips\d5s1_title.txt","61","2026/8/11 下午 10:24:51"
"C:\Users\TUF Gaming\Desktop\我的專案\財富密碼\auto\clips\d9s1_desc.txt","445","2026/8/10 下午 03:15:09"
"C:\Users\TUF Gaming\Desktop\我的專案\財富密碼\auto\clips\d9s1_scene.jpg","226493","2026/8/10 下午 03:12:34"
"C:\Users\TUF Gaming\Desktop\我的專案\財富密碼\auto\clips\d9s1_scene.txt","2163","2026/8/10 下午 03:12:08"
"C:\Users\TUF Gaming\Desktop\我的專案\財富密碼\auto\clips\d9s1_scene_up.jpg","108690","2026/8/10 下午 03:37:00"
"C:\Users\TUF Gaming\Desktop\我的專案\財富密碼\auto\clips\d9s1_title.txt","55","2026/8/10 下午 03:15:09"
"C:\Users\TUF Gaming\Desktop\我的專案\財富密碼\auto\clips\d9s1_video.txt","3368","2026/8/10 下午 03:12:08"
"C:\Users\TUF Gaming\Desktop\我的專案\財富密碼\auto\clips\d9s1_video_3s.txt","823","2026/8/11 上午 09:46:58"
"C:\Users\TUF Gaming\Desktop\我的專案\財富密碼\auto\clips\d9s1_video_pixverse.txt","1532","2026/8/11 上午 07:58:55"
"C:\Users\TUF Gaming\Desktop\我的專案\財富密碼\auto\clips\duoface.txt","1668","2026/8/8 下午 02:51:30"
"C:\Users\TUF Gaming\Desktop\我的專案\財富密碼\auto\clips\eyes_A.jpg","132451","2026/8/9 下午 12:43:23"
"C:\Users\TUF Gaming\Desktop\我的專案\財富密碼\auto\clips\eyes_A.txt","1191","2026/8/9 下午 12:42:59"
"C:\Users\TUF Gaming\Desktop\我的專案\財富密碼\auto\clips\eyes_B.jpg","115587","2026/8/9 下午 12:43:47"
"C:\Users\TUF Gaming\Desktop\我的專案\財富密碼\auto\clips\eyes_B.txt","1255","2026/8/9 下午 12:42:59"
"C:\Users\TUF Gaming\Desktop\我的專案\財富密碼\auto\clips\newface.jpg","162961","2026/8/8 下午 02:49:59"
"C:\Users\TUF Gaming\Desktop\我的專案\財富密碼\auto\clips\newface.txt","1663","2026/8/8 下午 02:49:01"
"C:\Users\TUF Gaming\Desktop\我的專案\財富密碼\auto\clips\test_scene.jpg","267956","2026/8/9 上午 08:07:09"
"C:\Users\TUF Gaming\Desktop\我的專案\財富密碼\auto\clips\test_scene.txt","2409","2026/8/9 上午 08:06:36"
"C:\Users\TUF Gaming\Desktop\我的專案\財富密碼\auto\clips\test_video.txt","1999","2026/8/9 上午 08:06:36"
"C:\Users\TUF Gaming\Desktop\我的專案\財富密碼\auto\clips\_d9s1_verify.mp4","5798346","2026/8/13 上午 12:40:17"
"C:\Users\TUF Gaming\Desktop\我的專案\財富密碼\auto\clips\_d9s1_verify_frames.jpg","342042","2026/8/13 上午 12:40:38"
"C:\Users\TUF Gaming\Desktop\我的專案\財富密碼\auto\clips\_d9s1_verify_scene.png","1352472","2026/8/13 上午 12:33:01"
"C:\Users\TUF Gaming\Desktop\我的專案\財富密碼\auto\clips\_lora_test.mp4","8431386","2026/8/12 下午 11:04:50"
"C:\Users\TUF Gaming\Desktop\我的專案\財富密碼\auto\clips\_lora_test_frames.jpg","188336","2026/8/12 下午 11:05:46"
"C:\Users\TUF Gaming\Desktop\我的專案\財富密碼\auto\clips\_lora_test_scene.png","1489252","2026/8/12 下午 10:59:46"
"C:\Users\TUF Gaming\Desktop\我的專案\財富密碼\auto\clips\背景AB比較.jpg","515589","2026/8/9 上午 08:47:32"
"C:\Users\TUF Gaming\Desktop\我的專案\財富密碼\auto\clips\archived-舊題材\d1s1.mp4","9813323","2026/8/8 下午 02:01:46"
"C:\Users\TUF Gaming\Desktop\我的專案\財富密碼\auto\clips\archived-舊題材\d1s1_local.err","0","2026/8/8 下午 01:51:54"
"C:\Users\TUF Gaming\Desktop\我的專案\財富密碼\auto\clips\archived-舊題材\d1s1_local.log","125","2026/8/8 下午 02:01:46"
"C:\Users\TUF Gaming\Desktop\我的專案\財富密碼\auto\clips\archived-舊題材\d1s1_scene.jpg","125047","2026/8/8 下午 01:50:16"
"C:\Users\TUF Gaming\Desktop\我的專案\財富密碼\auto\clips\archived-舊題材\d1s1_scene.txt","1271","2026/8/8 下午 01:49:27"
"C:\Users\TUF Gaming\Desktop\我的專案\財富密碼\auto\clips\archived-舊題材\d1s1_video.txt","1444","2026/8/8 下午 01:49:27"
"C:\Users\TUF Gaming\Desktop\我的專案\財富密碼\auto\clips\archived-舊題材\d1s2.mp4","14410559","2026/8/8 下午 08:24:48"
"C:\Users\TUF Gaming\Desktop\我的專案\財富密碼\auto\clips\archived-舊題材\d1s2_desc.txt","334","2026/8/8 下午 08:24:48"
"C:\Users\TUF Gaming\Desktop\我的專案\財富密碼\auto\clips\archived-舊題材\d1s2_scene.jpg","210689","2026/8/8 下午 08:06:02"
"C:\Users\TUF Gaming\Desktop\我的專案\財富密碼\auto\clips\archived-舊題材\d1s2_scene.txt","1772","2026/8/8 下午 08:05:06"
"C:\Users\TUF Gaming\Desktop\我的專案\財富密碼\auto\clips\archived-舊題材\d1s2_title.txt","36","2026/8/8 下午 08:24:48"
"C:\Users\TUF Gaming\Desktop\我的專案\財富密碼\auto\clips\archived-舊題材\d1s2_video.txt","3100","2026/8/8 下午 08:06:02"
"C:\Users\TUF Gaming\Desktop\我的專案\財富密碼\auto\clips\_fr\t0.1.png","2074028","2026/8/12 下午 11:05:44"
"C:\Users\TUF Gaming\Desktop\我的專案\財富密碼\auto\clips\_fr\t1.2.png","2135666","2026/8/12 下午 11:05:45"
"C:\Users\TUF Gaming\Desktop\我的專案\財富密碼\auto\clips\_fr\t2.5.png","2242491","2026/8/12 下午 11:05:45"
"C:\Users\TUF Gaming\Desktop\我的專案\財富密碼\auto\clips\_fr\t3.7.png","2549869","2026/8/12 下午 11:05:45"
"C:\Users\TUF Gaming\Desktop\我的專案\財富密碼\auto\clips\_fr\t4.9.png","2755692","2026/8/12 下午 11:05:46"
"C:\Users\TUF Gaming\Desktop\我的專案\財富密碼\auto\clips\_vfr\t0.05.png","3174030","2026/8/13 上午 12:40:35"
"C:\Users\TUF Gaming\Desktop\我的專案\財富密碼\auto\clips\_vfr\t1.0.png","3464376","2026/8/13 上午 12:40:35"
"C:\Users\TUF Gaming\Desktop\我的專案\財富密碼\auto\clips\_vfr\t2.0.png","3489079","2026/8/13 上午 12:40:36"
"C:\Users\TUF Gaming\Desktop\我的專案\財富密碼\auto\clips\_vfr\t3.0.png","3560743","2026/8/13 上午 12:40:36"
"C:\Users\TUF Gaming\Desktop\我的專案\財富密碼\auto\clips\_vfr\t4.0.png","3572475","2026/8/13 上午 12:40:37"
"C:\Users\TUF Gaming\Desktop\我的專案\財富密碼\auto\clips\_vfr\t4.95.png","3399129","2026/8/13 上午 12:40:37"
"C:\Users\TUF Gaming\Desktop\我的專案\財富密碼\auto\clips12\q1.mp4","3579783","2026/8/10 下午 02:53:26"
"C:\Users\TUF Gaming\Desktop\我的專案\財富密碼\auto\clips12\q1_scene.jpg","164445","2026/8/10 下午 02:45:04"
"C:\Users\TUF Gaming\Desktop\我的專案\財富密碼\auto\clips12\q1_video.txt","804","2026/8/10 下午 02:45:04"
"C:\Users\TUF Gaming\Desktop\我的專案\財富密碼\auto\clips12\q2.mp4","4229788","2026/8/10 下午 02:56:14"
"C:\Users\TUF Gaming\Desktop\我的專案\財富密碼\auto\clips12\q2_scene.jpg","156155","2026/8/10 下午 02:47:06"
"C:\Users\TUF Gaming\Desktop\我的專案\財富密碼\auto\clips12\q2_scene.txt","1207","2026/8/10 下午 02:45:22"
"C:\Users\TUF Gaming\Desktop\我的專案\財富密碼\auto\clips12\q2_video.txt","778","2026/8/10 下午 02:45:34"
"C:\Users\TUF Gaming\Desktop\我的專案\財富密碼\auto\clips12\q3.mp4","4499288","2026/8/10 下午 02:59:02"
"C:\Users\TUF Gaming\Desktop\我的專案\財富密碼\auto\clips12\q3_scene.jpg","174679","2026/8/10 下午 02:48:01"
"C:\Users\TUF Gaming\Desktop\我的專案\財富密碼\auto\clips12\q3_scene.txt","1293","2026/8/10 下午 02:45:27"
"C:\Users\TUF Gaming\Desktop\我的專案\財富密碼\auto\clips12\q3_video.txt","800","2026/8/10 下午 02:45:38"
"C:\Users\TUF Gaming\Desktop\我的專案\財富密碼\auto\clips12\q4.mp4","3308082","2026/8/10 下午 03:01:50"
"C:\Users\TUF Gaming\Desktop\我的專案\財富密碼\auto\clips12\q4_scene.jpg","150240","2026/8/10 下午 02:48:40"
"C:\Users\TUF Gaming\Desktop\我的專案\財富密碼\auto\clips12\q4_scene.txt","1232","2026/8/10 下午 02:45:31"
"C:\Users\TUF Gaming\Desktop\我的專案\財富密碼\auto\clips12\q4_video.txt","803","2026/8/10 下午 02:45:41"
"C:\Users\TUF Gaming\Desktop\我的專案\財富密碼\auto\clips12\_12s_silent.mp4","15614528","2026/8/10 下午 03:01:51"
"C:\Users\TUF Gaming\Desktop\我的專案\財富密碼\auto\clips12\_list.txt","328","2026/8/10 下午 03:01:50"
"C:\Users\TUF Gaming\Desktop\我的專案\財富密碼\auto\clips12w\w1_scene.txt","2112","2026/8/10 下午 04:52:56"
"C:\Users\TUF Gaming\Desktop\我的專案\財富密碼\auto\clips12w\w1_video.txt","849","2026/8/10 下午 03:38:51"
"C:\Users\TUF Gaming\Desktop\我的專案\財富密碼\auto\clips12w\w2_scene.txt","1380","2026/8/10 下午 03:38:21"
"C:\Users\TUF Gaming\Desktop\我的專案\財富密碼\auto\clips12w\w2_video.txt","797","2026/8/10 下午 03:38:56"
"C:\Users\TUF Gaming\Desktop\我的專案\財富密碼\auto\clips12w\w3_scene.txt","1396","2026/8/10 下午 03:38:27"
"C:\Users\TUF Gaming\Desktop\我的專案\財富密碼\auto\clips12w\w3_video.txt","818","2026/8/10 下午 03:38:59"
"C:\Users\TUF Gaming\Desktop\我的專案\財富密碼\auto\clips12w\w4_scene.txt","1417","2026/8/10 下午 03:38:32"
"C:\Users\TUF Gaming\Desktop\我的專案\財富密碼\auto\clips12w\w4_video.txt","857","2026/8/10 下午 03:39:02"
"C:\Users\TUF Gaming\Desktop\我的專案\財富密碼\auto\clips15\run.err","165","2026/8/10 下午 02:18:10"
"C:\Users\TUF Gaming\Desktop\我的專案\財富密碼\auto\clips15\run.log","540","2026/8/10 下午 02:33:35"
"C:\Users\TUF Gaming\Desktop\我的專案\財富密碼\auto\clips15\s1.mp4","6530963","2026/8/10 下午 02:23:38"
"C:\Users\TUF Gaming\Desktop\我的專案\財富密碼\auto\clips15\s1_scene.jpg","164445","2026/8/10 下午 02:15:05"
"C:\Users\TUF Gaming\Desktop\我的專案\財富密碼\auto\clips15\s1_scene.txt","1230","2026/8/10 下午 02:14:20"
"C:\Users\TUF Gaming\Desktop\我的專案\財富密碼\auto\clips15\s1_video.txt","804","2026/8/10 下午 02:14:20"
"C:\Users\TUF Gaming\Desktop\我的專案\財富密碼\auto\clips15\s2.mp4","7529918","2026/8/10 下午 02:28:43"
"C:\Users\TUF Gaming\Desktop\我的專案\財富密碼\auto\clips15\s2_scene.jpg","186559","2026/8/10 下午 02:15:26"
"C:\Users\TUF Gaming\Desktop\我的專案\財富密碼\auto\clips15\s2_scene.txt","1248","2026/8/10 下午 02:14:20"
"C:\Users\TUF Gaming\Desktop\我的專案\財富密碼\auto\clips15\s2_video.txt","756","2026/8/10 下午 02:14:20"
"C:\Users\TUF Gaming\Desktop\我的專案\財富密碼\auto\clips15\s3.mp4","6709047","2026/8/10 下午 02:33:32"
"C:\Users\TUF Gaming\Desktop\我的專案\財富密碼\auto\clips15\s3_scene.jpg","176494","2026/8/10 下午 02:15:52"
"C:\Users\TUF Gaming\Desktop\我的專案\財富密碼\auto\clips15\s3_scene.txt","1191","2026/8/10 下午 02:14:20"
"C:\Users\TUF Gaming\Desktop\我的專案\財富密碼\auto\clips15\s3_video.txt","760","2026/8/10 下午 02:14:20"
"C:\Users\TUF Gaming\Desktop\我的專案\財富密碼\auto\clips15\_15s_silent.mp4","20768342","2026/8/10 下午 02:33:33"
"C:\Users\TUF Gaming\Desktop\我的專案\財富密碼\auto\clips15\_list.txt","246","2026/8/10 下午 02:33:32"
"C:\Users\TUF Gaming\Desktop\我的專案\財富密碼\auto\newsched\batch-1.json","19377","2026/8/8 下午 09:52:43"
"C:\Users\TUF Gaming\Desktop\我的專案\財富密碼\auto\newsched\batch-2.json","19634","2026/8/8 下午 09:58:38"
"C:\Users\TUF Gaming\Desktop\我的專案\財富密碼\auto\newsched\batch-3.json","20395","2026/8/8 下午 09:54:51"
"C:\Users\TUF Gaming\Desktop\我的專案\財富密碼\auto\newsched\batch-4.json","19886","2026/8/8 下午 09:56:52"
"C:\Users\TUF Gaming\Desktop\我的專案\財富密碼\auto\newsched\batch-5.json","19190","2026/8/8 下午 09:52:06"
"C:\Users\TUF Gaming\Desktop\我的專案\財富密碼\auto\newsched\batch-6.json","25964","2026/8/8 下午 09:52:36"
"C:\Users\TUF Gaming\Desktop\我的專案\財富密碼\auto\_log\d3s1_publish.log","220","2026/8/10 下午 08:54:38"
"C:\Users\TUF Gaming\Desktop\我的專案\財富密碼\auto\_log\d4s1_gen.log","132","2026/8/11 下午 04:52:54"
"C:\Users\TUF Gaming\Desktop\我的專案\財富密碼\auto\_log\d4s1_gen2.log","132","2026/8/11 下午 04:58:48"
"C:\Users\TUF Gaming\Desktop\我的專案\財富密碼\auto\_log\d4s1_v2_g1.log","135","2026/8/11 下午 05:33:20"
"C:\Users\TUF Gaming\Desktop\我的專案\財富密碼\auto\_log\d4s1_v2_g2.log","135","2026/8/11 下午 05:41:47"
"C:\Users\TUF Gaming\Desktop\我的專案\財富密碼\auto\_log\d4s1_v3_g1.log","135","2026/8/11 下午 08:05:06"
"C:\Users\TUF Gaming\Desktop\我的專案\財富密碼\auto\_log\d4s1_v4_g1.log","135","2026/8/11 下午 08:47:29"
"C:\Users\TUF Gaming\Desktop\我的專案\財富密碼\auto\_log\d4s1_v4_g2.log","135","2026/8/11 下午 08:52:58"
"C:\Users\TUF Gaming\Desktop\我的專案\財富密碼\auto\_log\d4s1_wait.log","143","2026/8/11 下午 08:41:17"
"C:\Users\TUF Gaming\Desktop\我的專案\財富密碼\auto\_log\d5s1_publish.log","311","2026/8/11 下午 10:57:53"
"C:\Users\TUF Gaming\Desktop\我的專案\財富密碼\auto\_log\d5s1_scene.log","55","2026/8/11 下午 10:17:32"
"C:\Users\TUF Gaming\Desktop\我的專案\財富密碼\auto\_log\d5s1_scene_v2.log","55","2026/8/11 下午 10:20:49"
"C:\Users\TUF Gaming\Desktop\我的專案\財富密碼\auto\_log\d5s1_seg1.log","135","2026/8/11 下午 10:28:15"
"C:\Users\TUF Gaming\Desktop\我的專案\財富密碼\auto\_log\d5s1_seg2.log","135","2026/8/11 下午 10:34:28"
"C:\Users\TUF Gaming\Desktop\我的專案\財富密碼\auto\_log\d9s1_resume.log","337","2026/8/10 下午 05:11:36"
"C:\Users\TUF Gaming\Desktop\我的專案\財富密碼\auto\_log\d9s1_veo.log","2006","2026/8/10 下午 05:01:14"
"C:\Users\TUF Gaming\Desktop\我的專案\財富密碼\auto\_log\d9s1_veo2.log","2013","2026/8/10 下午 05:21:20"
"C:\Users\TUF Gaming\Desktop\我的專案\財富密碼\auto\_log\sweep.log","5228","2026/8/11 下午 01:51:45"
"C:\Users\TUF Gaming\Desktop\我的專案\財富密碼\auto\__pycache__\browser_lock.cpython-313.pyc","4266","2026/8/13 上午 08:04:42"
"C:\Users\TUF Gaming\Desktop\我的專案\財富密碼\auto\__pycache__\clean_depth.cpython-313.pyc","2909","2026/8/13 上午 08:04:42"
"C:\Users\TUF Gaming\Desktop\我的專案\財富密碼\auto\__pycache__\comfy_api.cpython-313.pyc","13887","2026/8/13 上午 08:04:42"
"C:\Users\TUF Gaming\Desktop\我的專案\財富密碼\auto\__pycache__\daily_report.cpython-313.pyc","9395","2026/8/13 上午 08:04:42"
"C:\Users\TUF Gaming\Desktop\我的專案\財富密碼\auto\__pycache__\desc_spec.cpython-313.pyc","5144","2026/8/13 上午 08:04:42"
"C:\Users\TUF Gaming\Desktop\我的專案\財富密碼\auto\__pycache__\diag.cpython-313.pyc","2259","2026/8/13 上午 08:04:42"
"C:\Users\TUF Gaming\Desktop\我的專案\財富密碼\auto\__pycache__\gbot.cpython-313.pyc","18526","2026/8/13 上午 08:04:42"
"C:\Users\TUF Gaming\Desktop\我的專案\財富密碼\auto\__pycache__\gen_scene_local.cpython-313.pyc","13010","2026/8/13 上午 08:04:42"
"C:\Users\TUF Gaming\Desktop\我的專案\財富密碼\auto\__pycache__\make_depth.cpython-313.pyc","2894","2026/8/13 上午 08:04:42"
"C:\Users\TUF Gaming\Desktop\我的專案\財富密碼\auto\__pycache__\make_scene.cpython-313.pyc","7141","2026/8/13 上午 08:04:42"
"C:\Users\TUF Gaming\Desktop\我的專案\財富密碼\auto\__pycache__\make_video_cloud.cpython-313.pyc","17532","2026/8/13 上午 08:04:42"
"C:\Users\TUF Gaming\Desktop\我的專案\財富密碼\auto\__pycache__\make_video_local_5s.cpython-313.pyc","8668","2026/8/13 上午 08:04:42"
"C:\Users\TUF Gaming\Desktop\我的專案\財富密碼\auto\__pycache__\momentum.cpython-313.pyc","5009","2026/8/13 上午 08:04:42"
"C:\Users\TUF Gaming\Desktop\我的專案\財富密碼\auto\__pycache__\pipeline.cpython-313.pyc","27547","2026/8/13 上午 08:04:42"
"C:\Users\TUF Gaming\Desktop\我的專案\財富密碼\auto\__pycache__\publish_video.cpython-313.pyc","7919","2026/8/13 上午 08:04:42"
"C:\Users\TUF Gaming\Desktop\我的專案\財富密碼\auto\__pycache__\studio_stats.cpython-313.pyc","2423","2026/8/13 上午 08:04:42"
"C:\Users\TUF Gaming\Desktop\我的專案\財富密碼\auto\__pycache__\sync_gbrain.cpython-313.pyc","7589","2026/8/13 上午 08:04:42"
"C:\Users\TUF Gaming\Desktop\我的專案\財富密碼\auto\__pycache__\update_desc.cpython-313.pyc","4797","2026/8/13 上午 08:04:42"
"C:\Users\TUF Gaming\Desktop\我的專案\財富密碼\auto\__pycache__\update_title.cpython-313.pyc","4520","2026/8/13 上午 08:04:42"
"C:\Users\TUF Gaming\Desktop\我的專案\財富密碼\auto\__pycache__\video_reach.cpython-313.pyc","4063","2026/8/13 上午 08:04:42"
"C:\Users\TUF Gaming\Desktop\我的專案\財富密碼\auto\__pycache__\video_stats.cpython-313.pyc","2362","2026/8/13 上午 08:04:42"
"C:\Users\TUF Gaming\Desktop\我的專案\財富密碼\auto\_舊版備份\diag_menu.py","1569","2026/8/9 上午 08:56:02"
"C:\Users\TUF Gaming\Desktop\我的專案\財富密碼\auto\_舊版備份\finish_d5s1.py","3209","2026/8/11 下午 10:33:40"
"C:\Users\TUF Gaming\Desktop\我的專案\財富密碼\auto\_舊版備份\finish_d9s1.py","3722","2026/8/10 下午 03:14:12"
"C:\Users\TUF Gaming\Desktop\我的專案\財富密碼\auto\_舊版備份\make12.py","9804","2026/8/10 下午 03:41:45"
"C:\Users\TUF Gaming\Desktop\我的專案\財富密碼\auto\_舊版備份\make12.status.txt","635","2026/8/10 下午 03:01:54"
"C:\Users\TUF Gaming\Desktop\我的專案\財富密碼\auto\_舊版備份\make15.py","8814","2026/8/10 下午 02:17:42"
"C:\Users\TUF Gaming\Desktop\我的專案\財富密碼\auto\_舊版備份\make15.status.txt","540","2026/8/10 下午 02:33:35"
"C:\Users\TUF Gaming\Desktop\我的專案\財富密碼\auto\_舊版備份\make_scene.py.bak","2553","2026/8/9 下午 06:31:52"
"C:\Users\TUF Gaming\Desktop\我的專案\財富密碼\auto\_舊版備份\make_scene_ref.py","5434","2026/8/10 下午 05:26:27"
"C:\Users\TUF Gaming\Desktop\我的專案\財富密碼\auto\_舊版備份\make_video_local.py","6688","2026/8/8 下午 02:47:23"
"C:\Users\TUF Gaming\Desktop\我的專案\財富密碼\auto\_舊版備份\merge_schedule.py","2012","2026/8/8 下午 10:00:25"
"C:\Users\TUF Gaming\Desktop\我的專案\財富密碼\auto\_舊版備份\schedule.json.bak-exp1","125476","2026/8/10 上午 02:26:49"
"C:\Users\TUF Gaming\Desktop\我的專案\財富密碼\auto\_舊版備份\schedule.json.bak-swap","125977","2026/8/10 上午 09:11:00"
"C:\Users\TUF Gaming\Desktop\我的專案\財富密碼\auto\_舊版備份\schedule.json.bak-去掉DayN前","137103","2026/8/12 上午 06:43:50"
"C:\Users\TUF Gaming\Desktop\我的專案\財富密碼\auto\_舊版備份\schedule.json.bak-拿掉DayN前","136830","2026/8/12 上午 06:38:44"
"C:\Users\TUF Gaming\Desktop\我的專案\財富密碼\auto\_舊版備份\schedule.json.bak-改甩身說明前_20260813_103710","137104","2026/8/13 上午 10:37:11"
"C:\Users\TUF Gaming\Desktop\我的專案\財富密碼\auto\_舊版備份\schedule.json.bak-眉毛修正前","123264","2026/8/11 下午 10:26:03"
"C:\Users\TUF Gaming\Desktop\我的專案\財富密碼\auto\_舊版備份\set_about.py","3072","2026/8/9 下午 04:19:17"
"C:\Users\TUF Gaming\Desktop\我的專案\財富密碼\auto\_舊版備份\state.json.bak-before-final","2346","2026/8/11 下午 05:03:42"
"C:\Users\TUF Gaming\Desktop\我的專案\財富密碼\auto\_舊版備份\test_click.py","1264","2026/8/9 上午 10:18:38"
"C:\Users\TUF Gaming\Desktop\我的專案\財富密碼\auto\_舊版備份\test_send.py","2637","2026/8/9 上午 10:42:24"
"C:\Users\TUF Gaming\Desktop\我的專案\財富密碼\auto\_舊版備份\upload_branding.py","2865","2026/8/9 下午 12:34:50"
"C:\Users\TUF Gaming\Desktop\我的專案\財富密碼\auto\_舊版備份\veo_diag.py","6408","2026/8/10 下午 05:00:57"
"C:\Users\TUF Gaming\Desktop\我的專案\財富密碼\auto\_舊版備份\veo_resume.py","3333","2026/8/10 下午 05:26:39"
"C:\Users\TUF Gaming\Desktop\我的專案\財富密碼\auto\_舊版備份\wait_and_gen_scene.py","2011","2026/8/11 下午 07:59:07"
"C:\Users\TUF Gaming\Desktop\我的專案\財富密碼\auto\_舊版備份\watch_video.py","2622","2026/8/9 上午 11:10:40"
"C:\Users\TUF Gaming\Desktop\我的專案\財富密碼\auto\_診斷截圖\desc_done_HrzwXbVRsWI.png","354089","2026/8/11 下午 01:19:49"
"C:\Users\TUF Gaming\Desktop\我的專案\財富密碼\auto\_診斷截圖\desc_done_MIWNqt3w3qM.png","344241","2026/8/11 下午 01:21:21"
"C:\Users\TUF Gaming\Desktop\我的專案\財富密碼\auto\_診斷截圖\diag-click.png","864921","2026/8/9 上午 10:19:07"
"C:\Users\TUF Gaming\Desktop\我的專案\財富密碼\auto\_診斷截圖\diag-gemini.png","79365","2026/8/9 下午 06:28:11"
"C:\Users\TUF Gaming\Desktop\我的專案\財富密碼\auto\_診斷截圖\diag-gmail.png","353633","2026/8/9 下午 03:46:47"
"C:\Users\TUF Gaming\Desktop\我的專案\財富密碼\auto\_診斷截圖\diag-menu.png","389462","2026/8/9 上午 08:56:22"
"C:\Users\TUF Gaming\Desktop\我的專案\財富密碼\auto\_診斷截圖\diag-now.png","124965","2026/8/9 上午 11:10:05"
"C:\Users\TUF Gaming\Desktop\我的專案\財富密碼\auto\_診斷截圖\step-1-模式.png","864921","2026/8/9 上午 10:42:48"
"C:\Users\TUF Gaming\Desktop\我的專案\財富密碼\auto\_診斷截圖\step-2-比例.png","866120","2026/8/9 上午 10:42:54"
"C:\Users\TUF Gaming\Desktop\我的專案\財富密碼\auto\_診斷截圖\step-3-掛圖.png","691360","2026/8/9 上午 10:43:02"
"C:\Users\TUF Gaming\Desktop\我的專案\財富密碼\auto\_診斷截圖\step-4-打字.png","509730","2026/8/9 上午 10:43:05"
"C:\Users\TUF Gaming\Desktop\我的專案\財富密碼\auto\_診斷截圖\step-5-Enter後3秒.png","107948","2026/8/9 上午 10:43:08"
"C:\Users\TUF Gaming\Desktop\我的專案\財富密碼\auto\_診斷截圖\step-6-Enter後15秒.png","109044","2026/8/9 上午 10:43:20"
"C:\Users\TUF Gaming\Desktop\我的專案\財富密碼\auto\_診斷截圖\step-7-Enter後45秒.png","124965","2026/8/9 上午 10:43:50"
"C:\Users\TUF Gaming\Desktop\我的專案\財富密碼\auto\_診斷截圖\studio-about-1.png","205808","2026/8/9 下午 04:20:31"
"C:\Users\TUF Gaming\Desktop\我的專案\財富密碼\auto\_診斷截圖\studio-about-2.png","203632","2026/8/9 下午 04:20:40"
"C:\Users\TUF Gaming\Desktop\我的專案\財富密碼\auto\_診斷截圖\studio-avatar-1.png","635976","2026/8/9 下午 12:35:34"
"C:\Users\TUF Gaming\Desktop\我的專案\財富密碼\auto\_診斷截圖\studio-avatar-2.png","297596","2026/8/9 下午 12:35:40"
"C:\Users\TUF Gaming\Desktop\我的專案\財富密碼\auto\_診斷截圖\studio-avatar-3.png","296792","2026/8/9 下午 12:35:48"
"C:\Users\TUF Gaming\Desktop\我的專案\財富密碼\auto\_診斷截圖\studio-banner-1.png","454911","2026/8/9 下午 12:19:55"
"C:\Users\TUF Gaming\Desktop\我的專案\財富密碼\auto\_診斷截圖\studio-banner-2.png","298659","2026/8/9 下午 12:20:02"
"C:\Users\TUF Gaming\Desktop\我的專案\財富密碼\auto\_診斷截圖\studio-banner-3.png","297756","2026/8/9 下午 12:20:10"
"C:\Users\TUF Gaming\Desktop\我的專案\財富密碼\auto\_診斷截圖\studio-branding.png","211641","2026/8/9 下午 12:17:18"
"C:\Users\TUF Gaming\Desktop\我的專案\財富密碼\auto\_診斷截圖\studio-overview.png","182647","2026/8/9 下午 12:15:47"
"C:\Users\TUF Gaming\Desktop\我的專案\財富密碼\auto\_診斷截圖\studio-reach.png","59045","2026/8/9 下午 12:15:12"
"C:\Users\TUF Gaming\Desktop\我的專案\財富密碼\auto\_診斷截圖\studio-videos.png","333268","2026/8/12 上午 06:37:50"
"C:\Users\TUF Gaming\Desktop\我的專案\財富密碼\auto\_診斷截圖\veo_diag_end.png","117350","2026/8/10 下午 05:02:37"
"C:\Users\TUF Gaming\Desktop\我的專案\財富密碼\auto\_診斷截圖\veo_state.png","379604","2026/8/10 下午 04:50:47"
"C:\Users\TUF Gaming\Desktop\我的專案\財富密碼\auto\_診斷截圖\veo_state2.png","651752","2026/8/10 下午 04:59:25"
"C:\Users\TUF Gaming\Desktop\我的專案\財富密碼\auto\_診斷截圖\veo_state3.png","651752","2026/8/10 下午 05:11:59"
"C:\Users\TUF Gaming\Desktop\我的專案\財富密碼\auto\_診斷截圖\veo_state4.png","390213","2026/8/10 下午 05:21:45"
"C:\Users\TUF Gaming\Desktop\我的專案\財富密碼\auto\_診斷截圖\veo_state5.png","124477","2026/8/10 下午 08:18:10"
"C:\Users\TUF Gaming\Desktop\我的專案\財富密碼\channel-art\avatar.html","1567","2026/8/9 下午 12:32:33"
"C:\Users\TUF Gaming\Desktop\我的專案\財富密碼\channel-art\banner.html","4609","2026/8/8 下午 09:32:13"
"C:\Users\TUF Gaming\Desktop\我的專案\財富密碼\channel-art\crop_assets.py","1214","2026/8/8 下午 06:42:24"
"C:\Users\TUF Gaming\Desktop\我的專案\財富密碼\channel-art\cutout.py","1938","2026/8/8 下午 09:19:58"
"C:\Users\TUF Gaming\Desktop\我的專案\財富密碼\channel-art\render.ps1","1375","2026/8/8 下午 06:52:37"
"C:\Users\TUF Gaming\Desktop\我的專案\財富密碼\channel-art\video_overview.py","2575","2026/8/8 下午 09:39:48"
"C:\Users\TUF Gaming\Desktop\我的專案\財富密碼\channel-art\archive\v1-2026-08-08\channel-avatar-v1.jpg","50325","2026/8/8 上午 02:30:09"
"C:\Users\TUF Gaming\Desktop\我的專案\財富密碼\channel-art\archive\v1-2026-08-08\channel-avatar-v2-單邊眉.png","577905","2026/8/9 下午 12:33:41"
"C:\Users\TUF Gaming\Desktop\我的專案\財富密碼\channel-art\archive\v1-2026-08-08\channel-banner-v1.png","1665796","2026/8/8 上午 02:46:15"
"C:\Users\TUF Gaming\Desktop\我的專案\財富密碼\channel-art\assets\nova-cut.png","677097","2026/8/8 下午 09:31:22"
"C:\Users\TUF Gaming\Desktop\我的專案\財富密碼\channel-art\assets\nova-full.jpg","255243","2026/8/8 下午 06:45:32"
"C:\Users\TUF Gaming\Desktop\我的專案\財富密碼\channel-art\assets\taco-cut.png","564762","2026/8/8 下午 09:31:21"
"C:\Users\TUF Gaming\Desktop\我的專案\財富密碼\channel-art\assets\taco-face.jpg","314663","2026/8/9 下午 12:31:18"
"C:\Users\TUF Gaming\Desktop\我的專案\財富密碼\channel-art\assets\taco-full.jpg","246471","2026/8/8 下午 06:45:32"
"C:\Users\TUF Gaming\Desktop\我的專案\財富密碼\channel-art\preview\avatar-v2.png","577905","2026/8/8 下午 09:17:39"
"C:\Users\TUF Gaming\Desktop\我的專案\財富密碼\channel-art\preview\avatar-v3.png","673550","2026/8/9 下午 12:32:51"
"C:\Users\TUF Gaming\Desktop\我的專案\財富密碼\channel-art\preview\banner-v2.png","1983174","2026/8/8 下午 09:32:22"
"C:\Users\TUF Gaming\Desktop\我的專案\財富密碼\channel-art\preview\d1s1-9格.jpg","103192","2026/8/9 上午 08:32:10"
"C:\Users\TUF Gaming\Desktop\我的專案\財富密碼\channel-art\preview\已發布-d1s1-本機.jpg","59536","2026/8/8 下午 09:29:59"
"C:\Users\TUF Gaming\Desktop\我的專案\財富密碼\channel-art\preview\已發布-d1s2-本機.jpg","77681","2026/8/8 下午 09:29:58"
"C:\Users\TUF Gaming\Desktop\我的專案\財富密碼\channel-art\preview\成品總覽.jpg","571644","2026/8/8 下午 09:40:11"
"C:\Users\TUF Gaming\Desktop\我的專案\財富密碼\channel-art\preview\眼睛比較.jpg","303279","2026/8/9 下午 12:44:30"
"C:\Users\TUF Gaming\Desktop\我的專案\財富密碼\channel-art\preview\音效波形比較.png","35608","2026/8/9 下午 06:57:44"
"C:\Users\TUF Gaming\Desktop\我的專案\財富密碼\channel-art\preview\驗證-98px實際大小.png","28087","2026/8/9 下午 12:33:09"
"C:\Users\TUF Gaming\Desktop\我的專案\財富密碼\channel-art\preview\驗證-眉毛放大.png","267741","2026/8/9 下午 12:33:09"
"C:\Users\TUF Gaming\Desktop\我的專案\財富密碼\channel-art\preview\_frames\A-原版prompt.jpg","20363","2026/8/8 下午 09:40:02"
"C:\Users\TUF Gaming\Desktop\我的專案\財富密碼\channel-art\preview\_frames\B-電影感prompt.jpg","20505","2026/8/8 下午 09:40:03"
"C:\Users\TUF Gaming\Desktop\我的專案\財富密碼\channel-art\preview\_frames\D1S1-驗收-大狗睡小床.jpg","24526","2026/8/8 下午 09:40:01"
"C:\Users\TUF Gaming\Desktop\我的專案\財富密碼\channel-art\preview\_frames\d1s1.jpg","20552","2026/8/8 下午 09:40:00"
"C:\Users\TUF Gaming\Desktop\我的專案\財富密碼\channel-art\preview\_frames\d1s2.jpg","24701","2026/8/8 下午 09:39:59"
"C:\Users\TUF Gaming\Desktop\我的專案\財富密碼\channel-art\preview\_frames\hand-test-10s.jpg","19900","2026/8/8 下午 09:40:04"
"C:\Users\TUF Gaming\Desktop\我的專案\財富密碼\channel-art\preview\_frames\taco-bed-10s-local.jpg","21663","2026/8/8 下午 09:40:07"
"C:\Users\TUF Gaming\Desktop\我的專案\財富密碼\channel-art\preview\_frames\taco-bed-10s-veo.jpg","22992","2026/8/8 下午 09:40:05"
"C:\Users\TUF Gaming\Desktop\我的專案\財富密碼\channel-art\preview\_frames\taco-plant-draft.jpg","19267","2026/8/8 下午 09:40:11"
"C:\Users\TUF Gaming\Desktop\我的專案\財富密碼\channel-art\preview\_frames\taco-troll-10s-local.jpg","18110","2026/8/8 下午 09:40:10"
"C:\Users\TUF Gaming\Desktop\我的專案\財富密碼\channel-art\preview\_frames\taco-troll-10s-veo-v2.jpg","23531","2026/8/8 下午 09:40:08"
"C:\Users\TUF Gaming\Desktop\我的專案\財富密碼\channel-art\preview\_frames\taco-troll-10s-veo.jpg","22549","2026/8/8 下午 09:40:09"
"C:\Users\TUF Gaming\Desktop\我的專案\財富密碼\character\duo-scene-dogbed.jpg","1048298","2026/8/8 上午 12:51:56"
"C:\Users\TUF Gaming\Desktop\我的專案\財富密碼\character\duo-scene-remote.jpg","1005113","2026/8/6 下午 08:46:56"
"C:\Users\TUF Gaming\Desktop\我的專案\財富密碼\character\duo-新臉-奸詐哈士奇×高傲吉娃娃.jpg","151197","2026/8/8 下午 02:52:31"
"C:\Users\TUF Gaming\Desktop\我的專案\財富密碼\character\taco-ref-v2-sly.jpg","936598","2026/8/6 下午 08:10:52"
"C:\Users\TUF Gaming\Desktop\我的專案\財富密碼\character\taco-ref-v3a-con.jpg","977840","2026/8/6 下午 08:28:49"
"C:\Users\TUF Gaming\Desktop\我的專案\財富密碼\character\taco-ref-v3b-mastermind.jpg","914377","2026/8/6 下午 08:31:45"
"C:\Users\TUF Gaming\Desktop\我的專案\財富密碼\character\taco-ref-v4a-meme.jpg","1017748","2026/8/6 下午 08:35:20"
"C:\Users\TUF Gaming\Desktop\我的專案\財富密碼\character\taco-ref-v4b-glare.jpg","894808","2026/8/6 下午 08:37:27"
"C:\Users\TUF Gaming\Desktop\我的專案\財富密碼\character\taco-ref-v5-max.jpg","970585","2026/8/6 下午 08:44:23"
"C:\Users\TUF Gaming\Desktop\我的專案\財富密碼\character\taco-ref.jpg","842086","2026/8/6 上午 07:37:45"
"C:\Users\TUF Gaming\Desktop\我的專案\財富密碼\character\角色設定.md","2877","2026/8/8 下午 12:25:32"
"C:\Users\TUF Gaming\Desktop\我的專案\財富密碼\character\ref-square\duo_full.png","1144319","2026/8/11 下午 01:05:42"
"C:\Users\TUF Gaming\Desktop\我的專案\財富密碼\character\ref-square\nova_face.png","1045204","2026/8/11 下午 01:05:41"
"C:\Users\TUF Gaming\Desktop\我的專案\財富密碼\character\ref-square\taco_face.png","740524","2026/8/11 下午 01:05:41"
"C:\Users\TUF Gaming\Desktop\我的專案\財富密碼\character\ref-square\_check.jpg","35743","2026/8/11 下午 01:05:42"
"C:\Users\TUF Gaming\Desktop\我的專案\財富密碼\hand-test\attach_ref.py","1132","2026/8/8 下午 12:24:41"
"C:\Users\TUF Gaming\Desktop\我的專案\財富密碼\hand-test\evidence-composer-9x16-dog-ref-only.png","661490","2026/8/8 下午 12:25:02"
"C:\Users\TUF Gaming\Desktop\我的專案\財富密碼\hand-test\frames-contact-sheet.jpg","195499","2026/8/8 下午 12:29:31"
"C:\Users\TUF Gaming\Desktop\我的專案\財富密碼\hand-test\hand-closeup-5.75s.jpg","32169","2026/8/8 下午 12:31:17"
"C:\Users\TUF Gaming\Desktop\我的專案\財富密碼\hand-test\hand-exit-sequence.jpg","88980","2026/8/8 下午 12:31:52"
"C:\Users\TUF Gaming\Desktop\我的專案\財富密碼\hand-test\hand-grip-6.5s.jpg","23851","2026/8/8 下午 12:30:04"
"C:\Users\TUF Gaming\Desktop\我的專案\財富密碼\hand-test\hand-test-10s.mp4","2587723","2026/8/8 下午 12:28:51"
"C:\Users\TUF Gaming\Desktop\我的專案\財富密碼\hand-test\prompt-v2-cinematic.txt","1593","2026/8/8 下午 12:30:00"
"C:\Users\TUF Gaming\Desktop\我的專案\財富密碼\hand-test\prompt.txt","1201","2026/8/8 下午 12:19:36"
"C:\Users\TUF Gaming\Desktop\我的專案\財富密碼\hand-test\ratio.py","1609","2026/8/8 下午 12:22:31"
"C:\Users\TUF Gaming\Desktop\我的專案\財富密碼\hand-test\set_portrait.py","1091","2026/8/8 下午 12:22:55"
"C:\Users\TUF Gaming\Desktop\我的專案\財富密碼\LOCAL-AI-STUDIO\DATASET_STATUS.md","10563","2026/8/12 下午 03:53:18"
"C:\Users\TUF Gaming\Desktop\我的專案\財富密碼\LOCAL-AI-STUDIO\ENTITY_REGISTRY.md","5353","2026/8/12 下午 03:36:10"
"C:\Users\TUF Gaming\Desktop\我的專案\財富密碼\LOCAL-AI-STUDIO\FAILURE_DATABASE.md","3482","2026/8/12 下午 03:38:00"
"C:\Users\TUF Gaming\Desktop\我的專案\財富密碼\LOCAL-AI-STUDIO\MASTER_STYLE_BIBLE.md","4215","2026/8/12 下午 03:37:31"
"C:\Users\TUF Gaming\Desktop\我的專案\財富密碼\LOCAL-AI-STUDIO\MODEL_REGISTRY.md","4643","2026/8/12 下午 05:52:03"
"C:\Users\TUF Gaming\Desktop\我的專案\財富密碼\LOCAL-AI-STUDIO\PROJECT_AUDIT.md","11207","2026/8/12 下午 08:01:40"
"C:\Users\TUF Gaming\Desktop\我的專案\財富密碼\LOCAL-AI-STUDIO\RESOURCE_STATUS.md","2564","2026/8/12 下午 03:34:56"
"C:\Users\TUF Gaming\Desktop\我的專案\財富密碼\LOCAL-AI-STUDIO\TRAINING_LOG.md","15697","2026/8/12 下午 11:20:05"
"C:\Users\TUF Gaming\Desktop\我的專案\財富密碼\LOCAL-AI-STUDIO\WORKFLOW_PLAN.md","3678","2026/8/12 下午 03:38:33"
"C:\Users\TUF Gaming\Desktop\我的專案\財富密碼\LOCAL-AI-STUDIO\_pip-freeze-before-training.txt","1838","2026/8/12 下午 05:44:21"
"C:\Users\TUF Gaming\Desktop\我的專案\財富密碼\LOCAL-AI-STUDIO\DATASET\README.md","4083","2026/8/12 下午 05:38:25"
"C:\Users\TUF Gaming\Desktop\我的專案\財富密碼\LOCAL-AI-STUDIO\DATASET\dog_main\REJECT\v1_caramel-ear_no-brows.jpg","842086","2026/8/12 下午 05:37:48"
"C:\Users\TUF Gaming\Desktop\我的專案\財富密碼\LOCAL-AI-STUDIO\DATASET\dog_main\REJECT\v2_no-brows.jpg","936598","2026/8/12 下午 05:37:48"
"C:\Users\TUF Gaming\Desktop\我的專案\財富密碼\LOCAL-AI-STUDIO\DATASET\dog_main\REJECT\v3a_no-brows.jpg","977840","2026/8/12 下午 05:37:48"
"C:\Users\TUF Gaming\Desktop\我的專案\財富密碼\LOCAL-AI-STUDIO\DATASET\dog_main\REJECT\v3b_no-brows_TAG-Milo.jpg","914377","2026/8/12 下午 05:37:48"
"C:\Users\TUF Gaming\Desktop\我的專案\財富密碼\LOCAL-AI-STUDIO\DATASET\dog_main\REVIEW\taco_R1_lying_TAGMASKED.png","217346","2026/8/12 下午 05:37:48"
"C:\Users\TUF Gaming\Desktop\我的專案\財富密碼\LOCAL-AI-STUDIO\DATASET\dog_main\REVIEW\taco_R2_sitting_TAGMASKED.png","321750","2026/8/12 下午 05:37:48"
"C:\Users\TUF Gaming\Desktop\我的專案\財富密碼\LOCAL-AI-STUDIO\DATASET\dog_main\REVIEW\taco_R3_snarl_ONEBROWONLY.jpg","970585","2026/8/12 下午 05:37:48"
"C:\Users\TUF Gaming\Desktop\我的專案\財富密碼\LOCAL-AI-STUDIO\DATASET\dog_main\TRAIN\taco_01_closeup.png","740524","2026/8/12 下午 05:37:48"
"C:\Users\TUF Gaming\Desktop\我的專案\財富密碼\LOCAL-AI-STUDIO\DATASET\dog_main\TRAIN\taco_02_front_squint.jpg","1017748","2026/8/12 下午 05:37:48"
"C:\Users\TUF Gaming\Desktop\我的專案\財富密碼\LOCAL-AI-STUDIO\DATASET\dog_main\TRAIN\taco_03_34side_openmouth.jpg","894808","2026/8/12 下午 05:37:48"
"C:\Users\TUF Gaming\Desktop\我的專案\財富密碼\LOCAL-AI-STUDIO\DATASET\dog_main\TRAIN\taco_04_front_fullbody.png","173911","2026/8/12 下午 05:37:48"
"C:\Users\TUF Gaming\Desktop\我的專案\財富密碼\LOCAL-AI-STUDIO\DATASET\dog_main\TRAIN\taco_05_front_fullbody.png","164606","2026/8/12 下午 05:37:48"
"C:\Users\TUF Gaming\Desktop\我的專案\財富密碼\LOCAL-AI-STUDIO\DATASET\dog_support\TRAIN\nova_01_closeup.png","1045204","2026/8/12 下午 05:37:47"
"C:\Users\TUF Gaming\Desktop\我的專案\財富密碼\LOCAL-AI-STUDIO\DATASET\dog_support\TRAIN\nova_02_front_fullbody.png","424364","2026/8/12 下午 05:37:47"
"C:\Users\TUF Gaming\Desktop\我的專案\財富密碼\LOCAL-AI-STUDIO\DATASET\dog_support\TRAIN\nova_03_front_fullbody.png","421545","2026/8/12 下午 05:37:47"
"C:\Users\TUF Gaming\Desktop\我的專案\財富密碼\LOCAL-AI-STUDIO\DATASET\dog_support\TRAIN\nova_04_34standing_SIZEREF.png","286794","2026/8/12 下午 05:37:47"
"C:\Users\TUF Gaming\Desktop\我的專案\財富密碼\LOCAL-AI-STUDIO\DATASET\dog_support\TRAIN\nova_05_34lying.png","97945","2026/8/12 下午 05:37:48"
"C:\Users\TUF Gaming\Desktop\我的專案\財富密碼\LOCAL-AI-STUDIO\DATASET\dog_support_v2\manifest.json","5121","2026/8/13 上午 08:08:03"
"C:\Users\TUF Gaming\Desktop\我的專案\財富密碼\LOCAL-AI-STUDIO\DATASET\dog_support_v2\_TRAIN_SHEET.jpg","254651","2026/8/13 上午 08:08:03"
"C:\Users\TUF Gaming\Desktop\我的專案\財富密碼\LOCAL-AI-STUDIO\DATASET\dog_support_v2\REJECT\taco_d1s1-blackhole_f002.png","159914","2026/8/12 下午 11:32:09"
"C:\Users\TUF Gaming\Desktop\我的專案\財富密碼\LOCAL-AI-STUDIO\DATASET\dog_support_v2\REJECT\taco_d1s1-blackhole_f008.png","112521","2026/8/12 下午 11:32:09"
"C:\Users\TUF Gaming\Desktop\我的專案\財富密碼\LOCAL-AI-STUDIO\DATASET\dog_support_v2\REJECT\unknown_d3s1-flood_f009.png","550959","2026/8/12 下午 11:32:10"
"C:\Users\TUF Gaming\Desktop\我的專案\財富密碼\LOCAL-AI-STUDIO\DATASET\dog_support_v2\REJECT\unknown_d3s1-flood_f010.png","550264","2026/8/12 下午 11:32:10"
"C:\Users\TUF Gaming\Desktop\我的專案\財富密碼\LOCAL-AI-STUDIO\DATASET\dog_support_v2\REVIEW\nova_flood_f008.png","625626","2026/8/13 上午 08:08:03"
"C:\Users\TUF Gaming\Desktop\我的專案\財富密碼\LOCAL-AI-STUDIO\DATASET\dog_support_v2\REVIEW\nova_flood_f011.png","486448","2026/8/13 上午 08:08:03"
"C:\Users\TUF Gaming\Desktop\我的專案\財富密碼\LOCAL-AI-STUDIO\DATASET\dog_support_v2\TRAIN\nova_clean_nova_01_closeup.png","1045204","2026/8/12 下午 05:37:47"
"C:\Users\TUF Gaming\Desktop\我的專案\財富密碼\LOCAL-AI-STUDIO\DATASET\dog_support_v2\TRAIN\nova_clean_nova_02_front_fullbody.png","424364","2026/8/12 下午 05:37:47"
"C:\Users\TUF Gaming\Desktop\我的專案\財富密碼\LOCAL-AI-STUDIO\DATASET\dog_support_v2\TRAIN\nova_clean_nova_03_front_fullbody.png","421545","2026/8/12 下午 05:37:47"
"C:\Users\TUF Gaming\Desktop\我的專案\財富密碼\LOCAL-AI-STUDIO\DATASET\dog_support_v2\TRAIN\nova_clean_nova_04_34standing_SIZEREF.png","286794","2026/8/12 下午 05:37:47"
"C:\Users\TUF Gaming\Desktop\我的專案\財富密碼\LOCAL-AI-STUDIO\DATASET\dog_support_v2\TRAIN\nova_clean_nova_05_34lying.png","97945","2026/8/12 下午 05:37:48"
"C:\Users\TUF Gaming\Desktop\我的專案\財富密碼\LOCAL-AI-STUDIO\DATASET\dog_support_v2\TRAIN\nova_flood_f002.png","347373","2026/8/13 上午 08:08:03"
"C:\Users\TUF Gaming\Desktop\我的專案\財富密碼\LOCAL-AI-STUDIO\DATASET\dog_support_v2\TRAIN\nova_flood_f005.png","309229","2026/8/13 上午 08:08:03"
"C:\Users\TUF Gaming\Desktop\我的專案\財富密碼\LOCAL-AI-STUDIO\DATASET\dog_support_v2\TRAIN\nova_flood_f007.png","364205","2026/8/13 上午 08:08:03"
"C:\Users\TUF Gaming\Desktop\我的專案\財富密碼\LOCAL-AI-STUDIO\DATASET\dog_support_v2\TRAIN\nova_flour_f001.png","148931","2026/8/13 上午 08:08:03"
"C:\Users\TUF Gaming\Desktop\我的專案\財富密碼\LOCAL-AI-STUDIO\DATASET\dog_support_v2\TRAIN\nova_flour_f003.png","115603","2026/8/13 上午 08:08:03"
"C:\Users\TUF Gaming\Desktop\我的專案\財富密碼\LOCAL-AI-STUDIO\DATASET\dog_support_v2\TRAIN\nova_lava_f002.png","315832","2026/8/13 上午 08:08:03"
"C:\Users\TUF Gaming\Desktop\我的專案\財富密碼\LOCAL-AI-STUDIO\DATASET\dog_support_v2\TRAIN\nova_lava_f004.png","445841","2026/8/13 上午 08:08:03"
"C:\Users\TUF Gaming\Desktop\我的專案\財富密碼\LOCAL-AI-STUDIO\DATASET\_candidates\dog_main\taco_d1s1-blackhole_f002.png","159914","2026/8/12 下午 11:32:09"
"C:\Users\TUF Gaming\Desktop\我的專案\財富密碼\LOCAL-AI-STUDIO\DATASET\_candidates\dog_main\taco_d1s1-blackhole_f008.png","112521","2026/8/12 下午 11:32:09"
"C:\Users\TUF Gaming\Desktop\我的專案\財富密碼\LOCAL-AI-STUDIO\DATASET\_candidates\dog_main\taco_d3s1-flood_f002.png","347373","2026/8/12 下午 11:32:09"
"C:\Users\TUF Gaming\Desktop\我的專案\財富密碼\LOCAL-AI-STUDIO\DATASET\_candidates\dog_main\taco_d3s1-flood_f005.png","309229","2026/8/12 下午 11:32:10"
"C:\Users\TUF Gaming\Desktop\我的專案\財富密碼\LOCAL-AI-STUDIO\DATASET\_candidates\dog_main\taco_d3s1-flood_f007.png","364205","2026/8/12 下午 11:32:10"
"C:\Users\TUF Gaming\Desktop\我的專案\財富密碼\LOCAL-AI-STUDIO\DATASET\_candidates\dog_main\unknown_d1s1-blackhole_f004.png","322454","2026/8/12 下午 11:32:09"
"C:\Users\TUF Gaming\Desktop\我的專案\財富密碼\LOCAL-AI-STUDIO\DATASET\_candidates\dog_main\unknown_d3s1-flood_f003.png","1393168","2026/8/12 下午 11:32:10"
"C:\Users\TUF Gaming\Desktop\我的專案\財富密碼\LOCAL-AI-STUDIO\DATASET\_candidates\dog_main\unknown_d3s1-flood_f004.png","1528297","2026/8/12 下午 11:32:10"
"C:\Users\TUF Gaming\Desktop\我的專案\財富密碼\LOCAL-AI-STUDIO\DATASET\_candidates\dog_main\unknown_d3s1-flood_f008.png","1427896","2026/8/12 下午 11:32:10"
"C:\Users\TUF Gaming\Desktop\我的專案\財富密碼\LOCAL-AI-STUDIO\DATASET\_candidates\dog_main\unknown_d3s1-flood_f009.png","550959","2026/8/12 下午 11:32:10"
"C:\Users\TUF Gaming\Desktop\我的專案\財富密碼\LOCAL-AI-STUDIO\DATASET\_candidates\dog_main\unknown_d3s1-flood_f010.png","550264","2026/8/12 下午 11:32:10"
"C:\Users\TUF Gaming\Desktop\我的專案\財富密碼\LOCAL-AI-STUDIO\DATASET\_candidates\dog_main\unknown_d3s1-flood_f011.png","1072150","2026/8/12 下午 11:32:10"
"C:\Users\TUF Gaming\Desktop\我的專案\財富密碼\LOCAL-AI-STUDIO\DATASET\_candidates\dog_main\unknown_d3s1-flood_f012.png","1048345","2026/8/12 下午 11:32:11"
"C:\Users\TUF Gaming\Desktop\我的專案\財富密碼\LOCAL-AI-STUDIO\DATASET\_candidates\dog_main\unknown_d4s1-flour_f001.png","991153","2026/8/12 下午 11:32:11"
"C:\Users\TUF Gaming\Desktop\我的專案\財富密碼\LOCAL-AI-STUDIO\DATASET\_candidates\dog_main\unknown_d4s1-flour_f002.png","618065","2026/8/12 下午 11:32:11"
"C:\Users\TUF Gaming\Desktop\我的專案\財富密碼\LOCAL-AI-STUDIO\DATASET\_candidates\dog_main\unknown_d4s1-flour_f003.png","681705","2026/8/12 下午 11:32:11"
"C:\Users\TUF Gaming\Desktop\我的專案\財富密碼\LOCAL-AI-STUDIO\DATASET\_candidates\dog_main\unknown_d4s1-flour_f004.png","921370","2026/8/12 下午 11:32:11"
"C:\Users\TUF Gaming\Desktop\我的專案\財富密碼\LOCAL-AI-STUDIO\DATASET\_candidates\dog_main\unknown_d4s1-flour_f005.png","770752","2026/8/12 下午 11:32:11"
"C:\Users\TUF Gaming\Desktop\我的專案\財富密碼\LOCAL-AI-STUDIO\DATASET\_candidates\dog_main\unknown_d5s1-lava_f002.png","1555240","2026/8/12 下午 11:32:11"
"C:\Users\TUF Gaming\Desktop\我的專案\財富密碼\LOCAL-AI-STUDIO\DATASET\_candidates\dog_main\unknown_d5s1-lava_f003.png","1278216","2026/8/12 下午 11:32:11"
"C:\Users\TUF Gaming\Desktop\我的專案\財富密碼\LOCAL-AI-STUDIO\DATASET\_candidates\dog_main\unknown_d5s1-lava_f004.png","2114351","2026/8/12 下午 11:32:12"
"C:\Users\TUF Gaming\Desktop\我的專案\財富密碼\LOCAL-AI-STUDIO\DATASET\_candidates\dog_main\unknown_d5s1-lava_f005.png","1666762","2026/8/12 下午 11:32:12"
"C:\Users\TUF Gaming\Desktop\我的專案\財富密碼\LOCAL-AI-STUDIO\DATASET\_candidates\dog_support\nova_d1s1-blackhole_f002.png","168027","2026/8/12 下午 11:32:09"
"C:\Users\TUF Gaming\Desktop\我的專案\財富密碼\LOCAL-AI-STUDIO\DATASET\_candidates\dog_support\nova_d1s1-blackhole_f008.png","157774","2026/8/12 下午 11:32:09"
"C:\Users\TUF Gaming\Desktop\我的專案\財富密碼\LOCAL-AI-STUDIO\DATASET\_candidates\dog_support\nova_d3s1-flood_f002.png","596411","2026/8/12 下午 11:32:09"
"C:\Users\TUF Gaming\Desktop\我的專案\財富密碼\LOCAL-AI-STUDIO\DATASET\_candidates\dog_support\nova_d3s1-flood_f005.png","584428","2026/8/12 下午 11:32:10"
"C:\Users\TUF Gaming\Desktop\我的專案\財富密碼\LOCAL-AI-STUDIO\DATASET\_candidates\dog_support\nova_d3s1-flood_f007.png","544605","2026/8/12 下午 11:32:10"
"C:\Users\TUF Gaming\Desktop\我的專案\財富密碼\LOCAL-AI-STUDIO\DATASET\_candidates\_raw\d1s1-blackhole\f001.png","1123771","2026/8/12 下午 11:31:54"
"C:\Users\TUF Gaming\Desktop\我的專案\財富密碼\LOCAL-AI-STUDIO\DATASET\_candidates\_raw\d1s1-blackhole\f002.png","1154343","2026/8/12 下午 11:31:54"
"C:\Users\TUF Gaming\Desktop\我的專案\財富密碼\LOCAL-AI-STUDIO\DATASET\_candidates\_raw\d1s1-blackhole\f003.png","1040878","2026/8/12 下午 11:31:54"
"C:\Users\TUF Gaming\Desktop\我的專案\財富密碼\LOCAL-AI-STUDIO\DATASET\_candidates\_raw\d1s1-blackhole\f004.png","1317792","2026/8/12 下午 11:31:54"
"C:\Users\TUF Gaming\Desktop\我的專案\財富密碼\LOCAL-AI-STUDIO\DATASET\_candidates\_raw\d1s1-blackhole\f005.png","1199592","2026/8/12 下午 11:31:54"
"C:\Users\TUF Gaming\Desktop\我的專案\財富密碼\LOCAL-AI-STUDIO\DATASET\_candidates\_raw\d1s1-blackhole\f006.png","1103931","2026/8/12 下午 11:31:54"
"C:\Users\TUF Gaming\Desktop\我的專案\財富密碼\LOCAL-AI-STUDIO\DATASET\_candidates\_raw\d1s1-blackhole\f007.png","1147912","2026/8/12 下午 11:31:54"
"C:\Users\TUF Gaming\Desktop\我的專案\財富密碼\LOCAL-AI-STUDIO\DATASET\_candidates\_raw\d1s1-blackhole\f008.png","1208349","2026/8/12 下午 11:31:54"
"C:\Users\TUF Gaming\Desktop\我的專案\財富密碼\LOCAL-AI-STUDIO\DATASET\_candidates\_raw\d2s1-chocolate\f001.png","2537762","2026/8/12 下午 11:31:55"
"C:\Users\TUF Gaming\Desktop\我的專案\財富密碼\LOCAL-AI-STUDIO\DATASET\_candidates\_raw\d2s1-chocolate\f002.png","2724610","2026/8/12 下午 11:31:55"
"C:\Users\TUF Gaming\Desktop\我的專案\財富密碼\LOCAL-AI-STUDIO\DATASET\_candidates\_raw\d2s1-chocolate\f003.png","2557197","2026/8/12 下午 11:31:55"
"C:\Users\TUF Gaming\Desktop\我的專案\財富密碼\LOCAL-AI-STUDIO\DATASET\_candidates\_raw\d2s1-chocolate\f004.png","2721123","2026/8/12 下午 11:31:55"
"C:\Users\TUF Gaming\Desktop\我的專案\財富密碼\LOCAL-AI-STUDIO\DATASET\_candidates\_raw\d2s1-chocolate\f005.png","2674154","2026/8/12 下午 11:31:55"
"C:\Users\TUF Gaming\Desktop\我的專案\財富密碼\LOCAL-AI-STUDIO\DATASET\_candidates\_raw\d3s1-flood\f001.png","2749669","2026/8/12 下午 11:31:55"
"C:\Users\TUF Gaming\Desktop\我的專案\財富密碼\LOCAL-AI-STUDIO\DATASET\_candidates\_raw\d3s1-flood\f002.png","2915604","2026/8/12 下午 11:31:55"
"C:\Users\TUF Gaming\Desktop\我的專案\財富密碼\LOCAL-AI-STUDIO\DATASET\_candidates\_raw\d3s1-flood\f003.png","2859354","2026/8/12 下午 11:31:55"
"C:\Users\TUF Gaming\Desktop\我的專案\財富密碼\LOCAL-AI-STUDIO\DATASET\_candidates\_raw\d3s1-flood\f004.png","2913091","2026/8/12 下午 11:31:55"
"C:\Users\TUF Gaming\Desktop\我的專案\財富密碼\LOCAL-AI-STUDIO\DATASET\_candidates\_raw\d3s1-flood\f005.png","3250198","2026/8/12 下午 11:31:55"
"C:\Users\TUF Gaming\Desktop\我的專案\財富密碼\LOCAL-AI-STUDIO\DATASET\_candidates\_raw\d3s1-flood\f006.png","3377683","2026/8/12 下午 11:31:55"
"C:\Users\TUF Gaming\Desktop\我的專案\財富密碼\LOCAL-AI-STUDIO\DATASET\_candidates\_raw\d3s1-flood\f007.png","3444822","2026/8/12 下午 11:31:55"
"C:\Users\TUF Gaming\Desktop\我的專案\財富密碼\LOCAL-AI-STUDIO\DATASET\_candidates\_raw\d3s1-flood\f008.png","3429116","2026/8/12 下午 11:31:55"
"C:\Users\TUF Gaming\Desktop\我的專案\財富密碼\LOCAL-AI-STUDIO\DATASET\_candidates\_raw\d3s1-flood\f009.png","2883366","2026/8/12 下午 11:31:55"
"C:\Users\TUF Gaming\Desktop\我的專案\財富密碼\LOCAL-AI-STUDIO\DATASET\_candidates\_raw\d3s1-flood\f010.png","2917250","2026/8/12 下午 11:31:55"
"C:\Users\TUF Gaming\Desktop\我的專案\財富密碼\LOCAL-AI-STUDIO\DATASET\_candidates\_raw\d3s1-flood\f011.png","2979517","2026/8/12 下午 11:31:55"
"C:\Users\TUF Gaming\Desktop\我的專案\財富密碼\LOCAL-AI-STUDIO\DATASET\_candidates\_raw\d3s1-flood\f012.png","3032690","2026/8/12 下午 11:31:55"
"C:\Users\TUF Gaming\Desktop\我的專案\財富密碼\LOCAL-AI-STUDIO\DATASET\_candidates\_raw\d4s1-flour\f001.png","3227740","2026/8/12 下午 11:31:56"
"C:\Users\TUF Gaming\Desktop\我的專案\財富密碼\LOCAL-AI-STUDIO\DATASET\_candidates\_raw\d4s1-flour\f002.png","3327139","2026/8/12 下午 11:31:56"
"C:\Users\TUF Gaming\Desktop\我的專案\財富密碼\LOCAL-AI-STUDIO\DATASET\_candidates\_raw\d4s1-flour\f003.png","3325975","2026/8/12 下午 11:31:56"
"C:\Users\TUF Gaming\Desktop\我的專案\財富密碼\LOCAL-AI-STUDIO\DATASET\_candidates\_raw\d4s1-flour\f004.png","3432835","2026/8/12 下午 11:31:56"
"C:\Users\TUF Gaming\Desktop\我的專案\財富密碼\LOCAL-AI-STUDIO\DATASET\_candidates\_raw\d4s1-flour\f005.png","3051794","2026/8/12 下午 11:31:56"
"C:\Users\TUF Gaming\Desktop\我的專案\財富密碼\LOCAL-AI-STUDIO\DATASET\_candidates\_raw\d4s1-flour\f006.png","3318505","2026/8/12 下午 11:31:56"
"C:\Users\TUF Gaming\Desktop\我的專案\財富密碼\LOCAL-AI-STUDIO\DATASET\_candidates\_raw\d4s1-flour\f007.png","3500583","2026/8/12 下午 11:31:56"
"C:\Users\TUF Gaming\Desktop\我的專案\財富密碼\LOCAL-AI-STUDIO\DATASET\_candidates\_raw\d4s1-flour\f008.png","3427845","2026/8/12 下午 11:31:56"
"C:\Users\TUF Gaming\Desktop\我的專案\財富密碼\LOCAL-AI-STUDIO\DATASET\_candidates\_raw\d5s1-lava\f001.png","3933884","2026/8/12 下午 11:31:56"
"C:\Users\TUF Gaming\Desktop\我的專案\財富密碼\LOCAL-AI-STUDIO\DATASET\_candidates\_raw\d5s1-lava\f002.png","4080736","2026/8/12 下午 11:31:56"
"C:\Users\TUF Gaming\Desktop\我的專案\財富密碼\LOCAL-AI-STUDIO\DATASET\_candidates\_raw\d5s1-lava\f003.png","4045883","2026/8/12 下午 11:31:56"
"C:\Users\TUF Gaming\Desktop\我的專案\財富密碼\LOCAL-AI-STUDIO\DATASET\_candidates\_raw\d5s1-lava\f004.png","4053117","2026/8/12 下午 11:31:56"
"C:\Users\TUF Gaming\Desktop\我的專案\財富密碼\LOCAL-AI-STUDIO\DATASET\_candidates\_raw\d5s1-lava\f005.png","3746991","2026/8/12 下午 11:31:56"
"C:\Users\TUF Gaming\Desktop\我的專案\財富密碼\LOCAL-AI-STUDIO\DATASET\_candidates\_raw\d5s1-lava\f006.png","3724789","2026/8/12 下午 11:31:56"
"C:\Users\TUF Gaming\Desktop\我的專案\財富密碼\LOCAL-AI-STUDIO\DATASET\_candidates\_raw\d5s1-lava\f007.png","3776721","2026/8/12 下午 11:31:57"
"C:\Users\TUF Gaming\Desktop\我的專案\財富密碼\LOCAL-AI-STUDIO\DATASET\_candidates\_raw\d5s1-lava\f008.png","3850313","2026/8/12 下午 11:31:57"
"C:\Users\TUF Gaming\Desktop\我的專案\財富密碼\LOCAL-AI-STUDIO\DATASET\_candidates\_sheets\_PICK_dog_main.jpg","326044","2026/8/12 下午 11:32:12"
"C:\Users\TUF Gaming\Desktop\我的專案\財富密碼\LOCAL-AI-STUDIO\DATASET\_candidates\_sheets\_PICK_dog_support.jpg","66877","2026/8/12 下午 11:32:12"
"C:\Users\TUF Gaming\Desktop\我的專案\財富密碼\LOCAL-AI-STUDIO\DATASET\_crops_preview\nova__nova_dogbed_34standing.png","286794","2026/8/12 下午 05:35:53"
"C:\Users\TUF Gaming\Desktop\我的專案\財富密碼\LOCAL-AI-STUDIO\DATASET\_crops_preview\nova__nova_duofull_front.png","424364","2026/8/12 下午 05:35:53"
"C:\Users\TUF Gaming\Desktop\我的專案\財富密碼\LOCAL-AI-STUDIO\DATASET\_crops_preview\nova__nova_remote_34lying.png","97945","2026/8/12 下午 05:35:53"
"C:\Users\TUF Gaming\Desktop\我的專案\財富密碼\LOCAL-AI-STUDIO\DATASET\_crops_preview\nova__nova_xinlian_front.png","421545","2026/8/12 下午 05:35:53"
"C:\Users\TUF Gaming\Desktop\我的專案\財富密碼\LOCAL-AI-STUDIO\DATASET\_crops_preview\taco__taco_dogbed_lying.png","217346","2026/8/12 下午 05:37:11"
"C:\Users\TUF Gaming\Desktop\我的專案\財富密碼\LOCAL-AI-STUDIO\DATASET\_crops_preview\taco__taco_duofull_front.png","173911","2026/8/12 下午 05:35:53"
"C:\Users\TUF Gaming\Desktop\我的專案\財富密碼\LOCAL-AI-STUDIO\DATASET\_crops_preview\taco__taco_remote_front.png","321750","2026/8/12 下午 05:37:11"
"C:\Users\TUF Gaming\Desktop\我的專案\財富密碼\LOCAL-AI-STUDIO\DATASET\_crops_preview\taco__taco_xinlian_front.png","164606","2026/8/12 下午 05:35:53"
"C:\Users\TUF Gaming\Desktop\我的專案\財富密碼\LOCAL-AI-STUDIO\DATASET\_crops_preview\_check_tags.jpg","217063","2026/8/12 下午 05:37:11"
"C:\Users\TUF Gaming\Desktop\我的專案\財富密碼\LOCAL-AI-STUDIO\DATASET\_crops_preview\_sheet_nova.jpg","143044","2026/8/12 下午 05:35:53"
"C:\Users\TUF Gaming\Desktop\我的專案\財富密碼\LOCAL-AI-STUDIO\DATASET\_crops_preview\_sheet_taco.jpg","192952","2026/8/12 下午 05:35:53"
"C:\Users\TUF Gaming\Desktop\我的專案\財富密碼\LOCAL-AI-STUDIO\NIGHT_RD\10_make_flour_start.py","4849","2026/8/13 上午 07:36:12"
"C:\Users\TUF Gaming\Desktop\我的專案\財富密碼\LOCAL-AI-STUDIO\NIGHT_RD\11_flour_start_masked.py","2855","2026/8/13 上午 07:38:08"
"C:\Users\TUF Gaming\Desktop\我的專案\財富密碼\LOCAL-AI-STUDIO\NIGHT_RD\20_build_nova_v2.py","7008","2026/8/13 上午 08:08:02"
"C:\Users\TUF Gaming\Desktop\我的專案\財富密碼\LOCAL-AI-STUDIO\NIGHT_RD\21_precompute_v2.py","5884","2026/8/13 上午 08:09:19"
"C:\Users\TUF Gaming\Desktop\我的專案\財富密碼\LOCAL-AI-STUDIO\NIGHT_RD\22_train_v2.py","6782","2026/8/13 上午 08:10:40"
"C:\Users\TUF Gaming\Desktop\我的專案\財富密碼\LOCAL-AI-STUDIO\NIGHT_RD\23_sweep_v2.py","6712","2026/8/13 上午 08:11:56"
"C:\Users\TUF Gaming\Desktop\我的專案\財富密碼\LOCAL-AI-STUDIO\NIGHT_RD\24b_contrast_short.py","4205","2026/8/13 上午 08:51:02"
"C:\Users\TUF Gaming\Desktop\我的專案\財富密碼\LOCAL-AI-STUDIO\NIGHT_RD\24_contrast_test.py","4387","2026/8/13 上午 08:12:49"
"C:\Users\TUF Gaming\Desktop\我的專案\財富密碼\LOCAL-AI-STUDIO\NIGHT_RD\25_noipa_test.py","5941","2026/8/13 上午 08:46:44"
"C:\Users\TUF Gaming\Desktop\我的專案\財富密碼\LOCAL-AI-STUDIO\NIGHT_RD\26_ab_ipadapter.py","8351","2026/8/13 上午 10:01:43"
"C:\Users\TUF Gaming\Desktop\我的專案\財富密碼\LOCAL-AI-STUDIO\NIGHT_RD\27_noipa_sweep.py","8052","2026/8/13 上午 11:05:16"
"C:\Users\TUF Gaming\Desktop\我的專案\財富密碼\LOCAL-AI-STUDIO\NIGHT_RD\28_eye_zoom.py","2421","2026/8/13 上午 11:21:14"
"C:\Users\TUF Gaming\Desktop\我的專案\財富密碼\LOCAL-AI-STUDIO\NIGHT_RD\BEST_CANDIDATE.txt","1378","2026/8/13 上午 01:53:53"
"C:\Users\TUF Gaming\Desktop\我的專案\財富密碼\LOCAL-AI-STUDIO\NIGHT_RD\BEST_d4s1_shake_seed424243.mp4","8318394","2026/8/13 上午 01:52:40"
"C:\Users\TUF Gaming\Desktop\我的專案\財富密碼\LOCAL-AI-STUDIO\NIGHT_RD\D4S1_FLOUR_ATTACHMENT_FINDING.md","5520","2026/8/13 上午 07:41:30"
"C:\Users\TUF Gaming\Desktop\我的專案\財富密碼\LOCAL-AI-STUDIO\NIGHT_RD\d4s1_shake_night_v1.mp4","7336064","2026/8/13 上午 01:39:12"
"C:\Users\TUF Gaming\Desktop\我的專案\財富密碼\LOCAL-AI-STUDIO\NIGHT_RD\d4s1_shake_night_v2.mp4","8318394","2026/8/13 上午 01:44:37"
"C:\Users\TUF Gaming\Desktop\我的專案\財富密碼\LOCAL-AI-STUDIO\NIGHT_RD\d4s1_shake_night_v3.mp4","8178419","2026/8/13 上午 01:50:58"
"C:\Users\TUF Gaming\Desktop\我的專案\財富密碼\LOCAL-AI-STUDIO\NIGHT_RD\NIGHT_R&D_REPORT.md","6064","2026/8/13 上午 01:53:37"
"C:\Users\TUF Gaming\Desktop\我的專案\財富密碼\LOCAL-AI-STUDIO\NIGHT_RD\out_nova_v1_step1000.safetensors","46700272","2026/8/13 上午 08:41:44"
"C:\Users\TUF Gaming\Desktop\我的專案\財富密碼\LOCAL-AI-STUDIO\NIGHT_RD\prompt_V2.txt","2558","2026/8/13 上午 01:34:13"
"C:\Users\TUF Gaming\Desktop\我的專案\財富密碼\LOCAL-AI-STUDIO\NIGHT_RD\prompt_V3.txt","3147","2026/8/13 上午 01:46:25"
"C:\Users\TUF Gaming\Desktop\我的專案\財富密碼\LOCAL-AI-STUDIO\NIGHT_RD\REPORT_2026-08-13.md","13092","2026/8/13 上午 08:54:12"
"C:\Users\TUF Gaming\Desktop\我的專案\財富密碼\LOCAL-AI-STUDIO\NIGHT_RD\REPORT_EXP-07_2026-08-13.md","6884","2026/8/13 上午 11:22:41"
"C:\Users\TUF Gaming\Desktop\我的專案\財富密碼\LOCAL-AI-STUDIO\NIGHT_RD\ab_ipadapter\A_CN+LoRA0.45_無IPA.png","1247380","2026/8/13 上午 11:02:33"
"C:\Users\TUF Gaming\Desktop\我的專案\財富密碼\LOCAL-AI-STUDIO\NIGHT_RD\ab_ipadapter\B_CN+LoRA0.35+IPA.png","1381940","2026/8/13 上午 11:03:04"
"C:\Users\TUF Gaming\Desktop\我的專案\財富密碼\LOCAL-AI-STUDIO\NIGHT_RD\ab_ipadapter\params.txt","925","2026/8/13 上午 11:03:04"
"C:\Users\TUF Gaming\Desktop\我的專案\財富密碼\LOCAL-AI-STUDIO\NIGHT_RD\ab_ipadapter\prompt_negative.txt","261","2026/8/13 上午 11:02:09"
"C:\Users\TUF Gaming\Desktop\我的專案\財富密碼\LOCAL-AI-STUDIO\NIGHT_RD\ab_ipadapter\prompt_positive.txt","629","2026/8/13 上午 11:02:09"
"C:\Users\TUF Gaming\Desktop\我的專案\財富密碼\LOCAL-AI-STUDIO\NIGHT_RD\ab_ipadapter\_AB_FULL.jpg","373186","2026/8/13 上午 11:03:04"
"C:\Users\TUF Gaming\Desktop\我的專案\財富密碼\LOCAL-AI-STUDIO\NIGHT_RD\ab_ipadapter\_AB_NOVA.jpg","136177","2026/8/13 上午 11:03:04"
"C:\Users\TUF Gaming\Desktop\我的專案\財富密碼\LOCAL-AI-STUDIO\NIGHT_RD\ab_ipadapter\_AB_STAIN.jpg","308858","2026/8/13 上午 11:03:04"
"C:\Users\TUF Gaming\Desktop\我的專案\財富密碼\LOCAL-AI-STUDIO\NIGHT_RD\ab_ipadapter\_AB_TACO.jpg","139525","2026/8/13 上午 11:03:04"
"C:\Users\TUF Gaming\Desktop\我的專案\財富密碼\LOCAL-AI-STUDIO\NIGHT_RD\cache_nova_v2\cache.pt","5586807","2026/8/13 上午 08:09:55"
"C:\Users\TUF Gaming\Desktop\我的專案\財富密碼\LOCAL-AI-STUDIO\NIGHT_RD\cache_nova_v2\captions.json","4000","2026/8/13 上午 08:09:55"
"C:\Users\TUF Gaming\Desktop\我的專案\財富密碼\LOCAL-AI-STUDIO\NIGHT_RD\contrast\A_白粉.png","1214823","2026/8/13 上午 08:49:13"
"C:\Users\TUF Gaming\Desktop\我的專案\財富密碼\LOCAL-AI-STUDIO\NIGHT_RD\contrast\B_淺灰粉.png","1238533","2026/8/13 上午 08:49:26"
"C:\Users\TUF Gaming\Desktop\我的專案\財富密碼\LOCAL-AI-STUDIO\NIGHT_RD\contrast\C_淺棕粉.png","1250948","2026/8/13 上午 08:49:38"
"C:\Users\TUF Gaming\Desktop\我的專案\財富密碼\LOCAL-AI-STUDIO\NIGHT_RD\contrast\D_黑髒污.png","1169415","2026/8/13 上午 08:49:50"
"C:\Users\TUF Gaming\Desktop\我的專案\財富密碼\LOCAL-AI-STUDIO\NIGHT_RD\contrast\_CONTRAST.jpg","416767","2026/8/13 上午 08:49:52"
"C:\Users\TUF Gaming\Desktop\我的專案\財富密碼\LOCAL-AI-STUDIO\NIGHT_RD\contrast_short\A_白粉.png","1193209","2026/8/13 上午 08:51:19"
"C:\Users\TUF Gaming\Desktop\我的專案\財富密碼\LOCAL-AI-STUDIO\NIGHT_RD\contrast_short\B_淺灰粉.png","1224941","2026/8/13 上午 08:51:30"
"C:\Users\TUF Gaming\Desktop\我的專案\財富密碼\LOCAL-AI-STUDIO\NIGHT_RD\contrast_short\C_淺棕粉.png","1268749","2026/8/13 上午 08:51:42"
"C:\Users\TUF Gaming\Desktop\我的專案\財富密碼\LOCAL-AI-STUDIO\NIGHT_RD\contrast_short\D_黑髒污.png","1064469","2026/8/13 上午 08:51:54"
"C:\Users\TUF Gaming\Desktop\我的專案\財富密碼\LOCAL-AI-STUDIO\NIGHT_RD\contrast_short\_CONTRAST.jpg","418737","2026/8/13 上午 08:51:56"
"C:\Users\TUF Gaming\Desktop\我的專案\財富密碼\LOCAL-AI-STUDIO\NIGHT_RD\flour_start\masked_d0.40.png","920233","2026/8/13 上午 07:39:50"
"C:\Users\TUF Gaming\Desktop\我的專案\財富密碼\LOCAL-AI-STUDIO\NIGHT_RD\flour_start\masked_d0.55.png","916428","2026/8/13 上午 07:40:00"
"C:\Users\TUF Gaming\Desktop\我的專案\財富密碼\LOCAL-AI-STUDIO\NIGHT_RD\flour_start\masked_d0.70.png","917120","2026/8/13 上午 07:40:10"
"C:\Users\TUF Gaming\Desktop\我的專案\財富密碼\LOCAL-AI-STUDIO\NIGHT_RD\flour_start\start_denoise0.30.png","944776","2026/8/13 上午 07:36:43"
"C:\Users\TUF Gaming\Desktop\我的專案\財富密碼\LOCAL-AI-STUDIO\NIGHT_RD\flour_start\start_denoise0.40.png","943967","2026/8/13 上午 07:36:54"
"C:\Users\TUF Gaming\Desktop\我的專案\財富密碼\LOCAL-AI-STUDIO\NIGHT_RD\flour_start\start_denoise0.50.png","961588","2026/8/13 上午 07:37:04"
"C:\Users\TUF Gaming\Desktop\我的專案\財富密碼\LOCAL-AI-STUDIO\NIGHT_RD\flour_start\_COMPARE_起始圖.jpg","433924","2026/8/13 上午 07:37:05"
"C:\Users\TUF Gaming\Desktop\我的專案\財富密碼\LOCAL-AI-STUDIO\NIGHT_RD\flour_start\_COMPARE_遮罩版.jpg","412697","2026/8/13 上午 07:40:10"
"C:\Users\TUF Gaming\Desktop\我的專案\財富密碼\LOCAL-AI-STUDIO\NIGHT_RD\flour_start\_mask_check.jpg","189820","2026/8/13 上午 07:38:56"
"C:\Users\TUF Gaming\Desktop\我的專案\財富密碼\LOCAL-AI-STUDIO\NIGHT_RD\flour_start\_taco_mask.png","24441","2026/8/13 上午 07:38:21"
"C:\Users\TUF Gaming\Desktop\我的專案\財富密碼\LOCAL-AI-STUDIO\NIGHT_RD\noipa\A_無LoRA.png","1373878","2026/8/13 上午 08:47:14"
"C:\Users\TUF Gaming\Desktop\我的專案\財富密碼\LOCAL-AI-STUDIO\NIGHT_RD\noipa\B_V1_0.45.png","1189397","2026/8/13 上午 08:47:33"
"C:\Users\TUF Gaming\Desktop\我的專案\財富密碼\LOCAL-AI-STUDIO\NIGHT_RD\noipa\C_V2_0.45.png","1247380","2026/8/13 上午 08:47:53"
"C:\Users\TUF Gaming\Desktop\我的專案\財富密碼\LOCAL-AI-STUDIO\NIGHT_RD\noipa\D_V2_0.70.png","1039690","2026/8/13 上午 08:48:14"
"C:\Users\TUF Gaming\Desktop\我的專案\財富密碼\LOCAL-AI-STUDIO\NIGHT_RD\noipa\_NOIPA_FULL.jpg","305601","2026/8/13 上午 08:48:15"
"C:\Users\TUF Gaming\Desktop\我的專案\財富密碼\LOCAL-AI-STUDIO\NIGHT_RD\noipa\_NOIPA_ZOOM.jpg","194492","2026/8/13 上午 08:48:15"
"C:\Users\TUF Gaming\Desktop\我的專案\財富密碼\LOCAL-AI-STUDIO\NIGHT_RD\noipa_sweep\params.txt","711","2026/8/13 上午 11:07:10"
"C:\Users\TUF Gaming\Desktop\我的專案\財富密碼\LOCAL-AI-STUDIO\NIGHT_RD\noipa_sweep\w0.00.png","1373878","2026/8/13 上午 11:05:50"
"C:\Users\TUF Gaming\Desktop\我的專案\財富密碼\LOCAL-AI-STUDIO\NIGHT_RD\noipa_sweep\w0.15.png","1401971","2026/8/13 上午 11:06:08"
"C:\Users\TUF Gaming\Desktop\我的專案\財富密碼\LOCAL-AI-STUDIO\NIGHT_RD\noipa_sweep\w0.25.png","1350570","2026/8/13 上午 11:06:27"
"C:\Users\TUF Gaming\Desktop\我的專案\財富密碼\LOCAL-AI-STUDIO\NIGHT_RD\noipa_sweep\w0.35.png","1315024","2026/8/13 上午 11:06:47"
"C:\Users\TUF Gaming\Desktop\我的專案\財富密碼\LOCAL-AI-STUDIO\NIGHT_RD\noipa_sweep\w0.45.png","1247380","2026/8/13 上午 11:07:07"
"C:\Users\TUF Gaming\Desktop\我的專案\財富密碼\LOCAL-AI-STUDIO\NIGHT_RD\noipa_sweep\_CMP_FULL.jpg","887962","2026/8/13 上午 11:07:09"
"C:\Users\TUF Gaming\Desktop\我的專案\財富密碼\LOCAL-AI-STUDIO\NIGHT_RD\noipa_sweep\_CMP_NOVA.jpg","462014","2026/8/13 上午 11:07:10"
"C:\Users\TUF Gaming\Desktop\我的專案\財富密碼\LOCAL-AI-STUDIO\NIGHT_RD\noipa_sweep\_CMP_STAIN.jpg","1014500","2026/8/13 上午 11:07:10"
"C:\Users\TUF Gaming\Desktop\我的專案\財富密碼\LOCAL-AI-STUDIO\NIGHT_RD\noipa_sweep\_EYE_ZOOM.jpg","191837","2026/8/13 上午 11:21:23"
"C:\Users\TUF Gaming\Desktop\我的專案\財富密碼\LOCAL-AI-STUDIO\NIGHT_RD\out_nova_v1\nova_lora_V1_step1000.safetensors","46700272","2026/8/13 上午 08:41:45"
"C:\Users\TUF Gaming\Desktop\我的專案\財富密碼\LOCAL-AI-STUDIO\NIGHT_RD\out_nova_v2\nova_lora_V2_step1000.safetensors","46700272","2026/8/13 上午 08:29:59"
"C:\Users\TUF Gaming\Desktop\我的專案\財富密碼\LOCAL-AI-STUDIO\NIGHT_RD\out_nova_v2\nova_lora_V2_step1250.safetensors","46700272","2026/8/13 上午 08:33:57"
"C:\Users\TUF Gaming\Desktop\我的專案\財富密碼\LOCAL-AI-STUDIO\NIGHT_RD\out_nova_v2\nova_lora_V2_step1500.safetensors","46700272","2026/8/13 上午 08:37:50"
"C:\Users\TUF Gaming\Desktop\我的專案\財富密碼\LOCAL-AI-STUDIO\NIGHT_RD\out_nova_v2\nova_lora_V2_step250.safetensors","46700272","2026/8/13 上午 08:15:22"
"C:\Users\TUF Gaming\Desktop\我的專案\財富密碼\LOCAL-AI-STUDIO\NIGHT_RD\out_nova_v2\nova_lora_V2_step500.safetensors","46700272","2026/8/13 上午 08:20:21"
"C:\Users\TUF Gaming\Desktop\我的專案\財富密碼\LOCAL-AI-STUDIO\NIGHT_RD\out_nova_v2\nova_lora_V2_step750.safetensors","46700272","2026/8/13 上午 08:25:18"
"C:\Users\TUF Gaming\Desktop\我的專案\財富密碼\LOCAL-AI-STUDIO\NIGHT_RD\out_nova_v2\train_log.json","2713","2026/8/13 上午 08:37:50"
"C:\Users\TUF Gaming\Desktop\我的專案\財富密碼\LOCAL-AI-STUDIO\NIGHT_RD\sheets\SHEET_v1_seed424242.jpg","437947","2026/8/13 上午 01:39:31"
"C:\Users\TUF Gaming\Desktop\我的專案\財富密碼\LOCAL-AI-STUDIO\NIGHT_RD\sheets\SHEET_v2_seed424243.jpg","438429","2026/8/13 上午 01:44:56"
"C:\Users\TUF Gaming\Desktop\我的專案\財富密碼\LOCAL-AI-STUDIO\NIGHT_RD\sheets\SHEET_v3_seed424244.jpg","440454","2026/8/13 上午 01:51:17"
"C:\Users\TUF Gaming\Desktop\我的專案\財富密碼\LOCAL-AI-STUDIO\NIGHT_RD\sheets\_COMPARE_3版.jpg","464972","2026/8/13 上午 01:52:40"
"C:\Users\TUF Gaming\Desktop\我的專案\財富密碼\LOCAL-AI-STUDIO\NIGHT_RD\sweep_V1\w0.00.png","1401405","2026/8/13 上午 08:42:12"
"C:\Users\TUF Gaming\Desktop\我的專案\財富密碼\LOCAL-AI-STUDIO\NIGHT_RD\sweep_V1\w0.15.png","1404544","2026/8/13 上午 08:42:42"
"C:\Users\TUF Gaming\Desktop\我的專案\財富密碼\LOCAL-AI-STUDIO\NIGHT_RD\sweep_V1\w0.25.png","1405286","2026/8/13 上午 08:43:12"
"C:\Users\TUF Gaming\Desktop\我的專案\財富密碼\LOCAL-AI-STUDIO\NIGHT_RD\sweep_V1\w0.35.png","1351185","2026/8/13 上午 08:43:40"
"C:\Users\TUF Gaming\Desktop\我的專案\財富密碼\LOCAL-AI-STUDIO\NIGHT_RD\sweep_V1\w0.45.png","1296025","2026/8/13 上午 08:44:09"
"C:\Users\TUF Gaming\Desktop\我的專案\財富密碼\LOCAL-AI-STUDIO\NIGHT_RD\sweep_V1\_SWEEP_V1.jpg","658561","2026/8/13 上午 08:44:10"
"C:\Users\TUF Gaming\Desktop\我的專案\財富密碼\LOCAL-AI-STUDIO\NIGHT_RD\sweep_V2\w0.00.png","1402480","2026/8/13 上午 08:38:59"
"C:\Users\TUF Gaming\Desktop\我的專案\財富密碼\LOCAL-AI-STUDIO\NIGHT_RD\sweep_V2\w0.15.png","1402105","2026/8/13 上午 08:39:30"
"C:\Users\TUF Gaming\Desktop\我的專案\財富密碼\LOCAL-AI-STUDIO\NIGHT_RD\sweep_V2\w0.25.png","1422635","2026/8/13 上午 08:40:00"
"C:\Users\TUF Gaming\Desktop\我的專案\財富密碼\LOCAL-AI-STUDIO\NIGHT_RD\sweep_V2\w0.35.png","1381942","2026/8/13 上午 08:40:30"
"C:\Users\TUF Gaming\Desktop\我的專案\財富密碼\LOCAL-AI-STUDIO\NIGHT_RD\sweep_V2\w0.45.png","1318692","2026/8/13 上午 08:41:01"
"C:\Users\TUF Gaming\Desktop\我的專案\財富密碼\LOCAL-AI-STUDIO\NIGHT_RD\sweep_V2\_NOVA_ZOOM.jpg","580694","2026/8/13 上午 08:45:07"
"C:\Users\TUF Gaming\Desktop\我的專案\財富密碼\LOCAL-AI-STUDIO\NIGHT_RD\sweep_V2\_SWEEP_V2.jpg","655204","2026/8/13 上午 08:41:03"
"C:\Users\TUF Gaming\Desktop\我的專案\財富密碼\LOCAL-AI-STUDIO\NIGHT_RD\sweep_V2\_V1_vs_V2.jpg","358605","2026/8/13 上午 08:44:25"
"C:\Users\TUF Gaming\Desktop\我的專案\財富密碼\LOCAL-AI-STUDIO\NIGHT_RD\_blind\img_01.png","1381942","2026/8/13 上午 08:40:30"
"C:\Users\TUF Gaming\Desktop\我的專案\財富密碼\LOCAL-AI-STUDIO\NIGHT_RD\_blind\img_02.png","1401971","2026/8/13 上午 11:06:08"
"C:\Users\TUF Gaming\Desktop\我的專案\財富密碼\LOCAL-AI-STUDIO\NIGHT_RD\_blind\img_03.png","1402480","2026/8/13 上午 08:38:59"
"C:\Users\TUF Gaming\Desktop\我的專案\財富密碼\LOCAL-AI-STUDIO\NIGHT_RD\_blind\img_04.png","1247380","2026/8/13 上午 11:07:07"
"C:\Users\TUF Gaming\Desktop\我的專案\財富密碼\LOCAL-AI-STUDIO\NIGHT_RD\_blind\img_05.png","1422635","2026/8/13 上午 08:40:00"
"C:\Users\TUF Gaming\Desktop\我的專案\財富密碼\LOCAL-AI-STUDIO\NIGHT_RD\_blind\img_06.png","1373878","2026/8/13 上午 11:05:50"
"C:\Users\TUF Gaming\Desktop\我的專案\財富密碼\LOCAL-AI-STUDIO\NIGHT_RD\_blind\img_07.png","1318692","2026/8/13 上午 08:41:01"
"C:\Users\TUF Gaming\Desktop\我的專案\財富密碼\LOCAL-AI-STUDIO\NIGHT_RD\_blind\img_08.png","1315024","2026/8/13 上午 11:06:47"
"C:\Users\TUF Gaming\Desktop\我的專案\財富密碼\LOCAL-AI-STUDIO\NIGHT_RD\_blind\img_09.png","1402105","2026/8/13 上午 08:39:30"
"C:\Users\TUF Gaming\Desktop\我的專案\財富密碼\LOCAL-AI-STUDIO\NIGHT_RD\_blind\img_10.png","1350570","2026/8/13 上午 11:06:27"
"C:\Users\TUF Gaming\Desktop\我的專案\財富密碼\LOCAL-AI-STUDIO\NIGHT_RD\_fr_v1_seed424242\t0.05.png","2869887","2026/8/13 上午 01:39:27"
"C:\Users\TUF Gaming\Desktop\我的專案\財富密碼\LOCAL-AI-STUDIO\NIGHT_RD\_fr_v1_seed424242\t0.5.png","3093441","2026/8/13 上午 01:39:27"
"C:\Users\TUF Gaming\Desktop\我的專案\財富密碼\LOCAL-AI-STUDIO\NIGHT_RD\_fr_v1_seed424242\t1.0.png","3205668","2026/8/13 上午 01:39:27"
"C:\Users\TUF Gaming\Desktop\我的專案\財富密碼\LOCAL-AI-STUDIO\NIGHT_RD\_fr_v1_seed424242\t1.5.png","3217203","2026/8/13 上午 01:39:28"
"C:\Users\TUF Gaming\Desktop\我的專案\財富密碼\LOCAL-AI-STUDIO\NIGHT_RD\_fr_v1_seed424242\t2.0.png","3196372","2026/8/13 上午 01:39:28"
"C:\Users\TUF Gaming\Desktop\我的專案\財富密碼\LOCAL-AI-STUDIO\NIGHT_RD\_fr_v1_seed424242\t2.5.png","3039669","2026/8/13 上午 01:39:29"
"C:\Users\TUF Gaming\Desktop\我的專案\財富密碼\LOCAL-AI-STUDIO\NIGHT_RD\_fr_v1_seed424242\t3.0.png","3178934","2026/8/13 上午 01:39:29"
"C:\Users\TUF Gaming\Desktop\我的專案\財富密碼\LOCAL-AI-STUDIO\NIGHT_RD\_fr_v1_seed424242\t3.5.png","3230672","2026/8/13 上午 01:39:29"
"C:\Users\TUF Gaming\Desktop\我的專案\財富密碼\LOCAL-AI-STUDIO\NIGHT_RD\_fr_v1_seed424242\t4.0.png","3250179","2026/8/13 上午 01:39:30"
"C:\Users\TUF Gaming\Desktop\我的專案\財富密碼\LOCAL-AI-STUDIO\NIGHT_RD\_fr_v1_seed424242\t4.5.png","3323699","2026/8/13 上午 01:39:30"
"C:\Users\TUF Gaming\Desktop\我的專案\財富密碼\LOCAL-AI-STUDIO\NIGHT_RD\_fr_v1_seed424242\t4.9.png","3309642","2026/8/13 上午 01:39:31"
"C:\Users\TUF Gaming\Desktop\我的專案\財富密碼\LOCAL-AI-STUDIO\NIGHT_RD\_fr_v2\t0.05.png","2964436","2026/8/13 上午 01:44:52"
"C:\Users\TUF Gaming\Desktop\我的專案\財富密碼\LOCAL-AI-STUDIO\NIGHT_RD\_fr_v2\t0.5.png","3176131","2026/8/13 上午 01:44:52"
"C:\Users\TUF Gaming\Desktop\我的專案\財富密碼\LOCAL-AI-STUDIO\NIGHT_RD\_fr_v2\t1.0.png","3236270","2026/8/13 上午 01:44:52"
"C:\Users\TUF Gaming\Desktop\我的專案\財富密碼\LOCAL-AI-STUDIO\NIGHT_RD\_fr_v2\t1.5.png","3286933","2026/8/13 上午 01:44:53"
"C:\Users\TUF Gaming\Desktop\我的專案\財富密碼\LOCAL-AI-STUDIO\NIGHT_RD\_fr_v2\t2.0.png","3292068","2026/8/13 上午 01:44:53"
"C:\Users\TUF Gaming\Desktop\我的專案\財富密碼\LOCAL-AI-STUDIO\NIGHT_RD\_fr_v2\t2.5.png","3232847","2026/8/13 上午 01:44:53"
"C:\Users\TUF Gaming\Desktop\我的專案\財富密碼\LOCAL-AI-STUDIO\NIGHT_RD\_fr_v2\t3.0.png","3348384","2026/8/13 上午 01:44:54"
"C:\Users\TUF Gaming\Desktop\我的專案\財富密碼\LOCAL-AI-STUDIO\NIGHT_RD\_fr_v2\t3.5.png","3349064","2026/8/13 上午 01:44:54"
"C:\Users\TUF Gaming\Desktop\我的專案\財富密碼\LOCAL-AI-STUDIO\NIGHT_RD\_fr_v2\t4.0.png","3359510","2026/8/13 上午 01:44:54"
"C:\Users\TUF Gaming\Desktop\我的專案\財富密碼\LOCAL-AI-STUDIO\NIGHT_RD\_fr_v2\t4.5.png","3326607","2026/8/13 上午 01:44:55"
"C:\Users\TUF Gaming\Desktop\我的專案\財富密碼\LOCAL-AI-STUDIO\NIGHT_RD\_fr_v2\t4.9.png","3291764","2026/8/13 上午 01:44:55"
"C:\Users\TUF Gaming\Desktop\我的專案\財富密碼\LOCAL-AI-STUDIO\NIGHT_RD\_fr_v3\t0.05.png","2963848","2026/8/13 上午 01:51:13"
"C:\Users\TUF Gaming\Desktop\我的專案\財富密碼\LOCAL-AI-STUDIO\NIGHT_RD\_fr_v3\t0.5.png","3157576","2026/8/13 上午 01:51:13"
"C:\Users\TUF Gaming\Desktop\我的專案\財富密碼\LOCAL-AI-STUDIO\NIGHT_RD\_fr_v3\t1.0.png","3239230","2026/8/13 上午 01:51:13"
"C:\Users\TUF Gaming\Desktop\我的專案\財富密碼\LOCAL-AI-STUDIO\NIGHT_RD\_fr_v3\t1.5.png","3272587","2026/8/13 上午 01:51:14"
"C:\Users\TUF Gaming\Desktop\我的專案\財富密碼\LOCAL-AI-STUDIO\NIGHT_RD\_fr_v3\t2.0.png","3285510","2026/8/13 上午 01:51:14"
"C:\Users\TUF Gaming\Desktop\我的專案\財富密碼\LOCAL-AI-STUDIO\NIGHT_RD\_fr_v3\t2.5.png","3290382","2026/8/13 上午 01:51:14"
"C:\Users\TUF Gaming\Desktop\我的專案\財富密碼\LOCAL-AI-STUDIO\NIGHT_RD\_fr_v3\t3.0.png","3428204","2026/8/13 上午 01:51:15"
"C:\Users\TUF Gaming\Desktop\我的專案\財富密碼\LOCAL-AI-STUDIO\NIGHT_RD\_fr_v3\t3.5.png","3450573","2026/8/13 上午 01:51:15"
"C:\Users\TUF Gaming\Desktop\我的專案\財富密碼\LOCAL-AI-STUDIO\NIGHT_RD\_fr_v3\t4.0.png","3475493","2026/8/13 上午 01:51:15"
"C:\Users\TUF Gaming\Desktop\我的專案\財富密碼\LOCAL-AI-STUDIO\NIGHT_RD\_fr_v3\t4.5.png","3460756","2026/8/13 上午 01:51:16"
"C:\Users\TUF Gaming\Desktop\我的專案\財富密碼\LOCAL-AI-STUDIO\NIGHT_RD\_fr_v3\t4.9.png","3430904","2026/8/13 上午 01:51:16"
"C:\Users\TUF Gaming\Desktop\我的專案\財富密碼\LOCAL-AI-STUDIO\PRODUCTION\BEST_KNOWN_WORKFLOW.md","3148","2026/8/13 上午 12:56:28"
"C:\Users\TUF Gaming\Desktop\我的專案\財富密碼\LOCAL-AI-STUDIO\PRODUCTION\PRODUCTION_QUEUE.md","2584","2026/8/13 上午 12:56:57"
"C:\Users\TUF Gaming\Desktop\我的專案\財富密碼\LOCAL-AI-STUDIO\PRODUCTION\PUBLISH_GATE.md","5445","2026/8/13 上午 01:05:27"
"C:\Users\TUF Gaming\Desktop\我的專案\財富密碼\LOCAL-AI-STUDIO\PRODUCTION\R&D_QUEUE.md","3049","2026/8/13 上午 12:57:24"
"C:\Users\TUF Gaming\Desktop\我的專案\財富密碼\LOCAL-AI-STUDIO\PRODUCTION\_GATE_d4s1.jpg","341548","2026/8/13 上午 12:54:20"
"C:\Users\TUF Gaming\Desktop\我的專案\財富密碼\LOCAL-AI-STUDIO\PRODUCTION\_GATE_v5甩身.jpg","445585","2026/8/13 上午 01:26:20"
"C:\Users\TUF Gaming\Desktop\我的專案\財富密碼\LOCAL-AI-STUDIO\PRODUCTION\_GATE_甩身有聲.jpg","446157","2026/8/13 上午 10:15:15"
"C:\Users\TUF Gaming\Desktop\我的專案\財富密碼\LOCAL-AI-STUDIO\PRODUCTION\_PROBE_嘴部.jpg","419922","2026/8/13 上午 01:03:42"
"C:\Users\TUF Gaming\Desktop\我的專案\財富密碼\LOCAL-AI-STUDIO\PRODUCTION\_PROBE_精剪7秒.jpg","421122","2026/8/13 上午 01:04:29"
"C:\Users\TUF Gaming\Desktop\我的專案\財富密碼\LOCAL-AI-STUDIO\PRODUCTION\_REF_已發布5支.jpg","351600","2026/8/13 上午 12:52:56"
"C:\Users\TUF Gaming\Desktop\我的專案\財富密碼\LOCAL-AI-STUDIO\PRODUCTION\_studio_bare.png","315109","2026/8/13 上午 10:47:11"
"C:\Users\TUF Gaming\Desktop\我的專案\財富密碼\LOCAL-AI-STUDIO\PRODUCTION\_studio_direct.png","315357","2026/8/13 上午 10:47:07"
"C:\Users\TUF Gaming\Desktop\我的專案\財富密碼\LOCAL-AI-STUDIO\PRODUCTION\_gate_d4s1\t0.05.png","2956379","2026/8/13 上午 12:54:18"
"C:\Users\TUF Gaming\Desktop\我的專案\財富密碼\LOCAL-AI-STUDIO\PRODUCTION\_gate_d4s1\t2.0.png","3325384","2026/8/13 上午 12:54:18"
"C:\Users\TUF Gaming\Desktop\我的專案\財富密碼\LOCAL-AI-STUDIO\PRODUCTION\_gate_d4s1\t4.0.png","3427900","2026/8/13 上午 12:54:19"
"C:\Users\TUF Gaming\Desktop\我的專案\財富密碼\LOCAL-AI-STUDIO\PRODUCTION\_gate_d4s1\t6.0.png","3124372","2026/8/13 上午 12:54:19"
"C:\Users\TUF Gaming\Desktop\我的專案\財富密碼\LOCAL-AI-STUDIO\PRODUCTION\_gate_d4s1\t8.0.png","3506529","2026/8/13 上午 12:54:19"
"C:\Users\TUF Gaming\Desktop\我的專案\財富密碼\LOCAL-AI-STUDIO\PRODUCTION\_gate_d4s1\t9.9.png","3301735","2026/8/13 上午 12:54:20"
"C:\Users\TUF Gaming\Desktop\我的專案\財富密碼\LOCAL-AI-STUDIO\PRODUCTION\_gate_final\t0.05.png","2964436","2026/8/13 上午 10:15:11"
"C:\Users\TUF Gaming\Desktop\我的專案\財富密碼\LOCAL-AI-STUDIO\PRODUCTION\_gate_final\t0.5.png","3176131","2026/8/13 上午 10:15:11"
"C:\Users\TUF Gaming\Desktop\我的專案\財富密碼\LOCAL-AI-STUDIO\PRODUCTION\_gate_final\t1.0.png","3236270","2026/8/13 上午 10:15:12"
"C:\Users\TUF Gaming\Desktop\我的專案\財富密碼\LOCAL-AI-STUDIO\PRODUCTION\_gate_final\t1.5.png","3286933","2026/8/13 上午 10:15:12"
"C:\Users\TUF Gaming\Desktop\我的專案\財富密碼\LOCAL-AI-STUDIO\PRODUCTION\_gate_final\t2.0.png","3292068","2026/8/13 上午 10:15:13"
"C:\Users\TUF Gaming\Desktop\我的專案\財富密碼\LOCAL-AI-STUDIO\PRODUCTION\_gate_final\t2.5.png","3232847","2026/8/13 上午 10:15:13"
"C:\Users\TUF Gaming\Desktop\我的專案\財富密碼\LOCAL-AI-STUDIO\PRODUCTION\_gate_final\t3.0.png","3348384","2026/8/13 上午 10:15:13"
"C:\Users\TUF Gaming\Desktop\我的專案\財富密碼\LOCAL-AI-STUDIO\PRODUCTION\_gate_final\t3.5.png","3349064","2026/8/13 上午 10:15:14"
"C:\Users\TUF Gaming\Desktop\我的專案\財富密碼\LOCAL-AI-STUDIO\PRODUCTION\_gate_final\t4.0.png","3359510","2026/8/13 上午 10:15:14"
"C:\Users\TUF Gaming\Desktop\我的專案\財富密碼\LOCAL-AI-STUDIO\PRODUCTION\_gate_final\t4.9.png","3291764","2026/8/13 上午 10:15:15"
"C:\Users\TUF Gaming\Desktop\我的專案\財富密碼\LOCAL-AI-STUDIO\PRODUCTION\_gate_v5\t0.05.png","2897431","2026/8/13 上午 01:26:16"
"C:\Users\TUF Gaming\Desktop\我的專案\財富密碼\LOCAL-AI-STUDIO\PRODUCTION\_gate_v5\t0.5.png","3109691","2026/8/13 上午 01:26:16"
"C:\Users\TUF Gaming\Desktop\我的專案\財富密碼\LOCAL-AI-STUDIO\PRODUCTION\_gate_v5\t1.0.png","3188497","2026/8/13 上午 01:26:17"
"C:\Users\TUF Gaming\Desktop\我的專案\財富密碼\LOCAL-AI-STUDIO\PRODUCTION\_gate_v5\t1.5.png","3188326","2026/8/13 上午 01:26:17"
"C:\Users\TUF Gaming\Desktop\我的專案\財富密碼\LOCAL-AI-STUDIO\PRODUCTION\_gate_v5\t2.0.png","3142459","2026/8/13 上午 01:26:17"
"C:\Users\TUF Gaming\Desktop\我的專案\財富密碼\LOCAL-AI-STUDIO\PRODUCTION\_gate_v5\t2.5.png","2856319","2026/8/13 上午 01:26:18"
"C:\Users\TUF Gaming\Desktop\我的專案\財富密碼\LOCAL-AI-STUDIO\PRODUCTION\_gate_v5\t3.0.png","3096052","2026/8/13 上午 01:26:18"
"C:\Users\TUF Gaming\Desktop\我的專案\財富密碼\LOCAL-AI-STUDIO\PRODUCTION\_gate_v5\t3.5.png","3238083","2026/8/13 上午 01:26:19"
"C:\Users\TUF Gaming\Desktop\我的專案\財富密碼\LOCAL-AI-STUDIO\PRODUCTION\_gate_v5\t4.0.png","3349815","2026/8/13 上午 01:26:19"
"C:\Users\TUF Gaming\Desktop\我的專案\財富密碼\LOCAL-AI-STUDIO\PRODUCTION\_gate_v5\t4.9.png","3447282","2026/8/13 上午 01:26:19"
"C:\Users\TUF Gaming\Desktop\我的專案\財富密碼\LOCAL-AI-STUDIO\PRODUCTION\_probe\t3.0.png","3355764","2026/8/13 上午 01:03:39"
"C:\Users\TUF Gaming\Desktop\我的專案\財富密碼\LOCAL-AI-STUDIO\PRODUCTION\_probe\t3.5.png","3403329","2026/8/13 上午 01:03:39"
"C:\Users\TUF Gaming\Desktop\我的專案\財富密碼\LOCAL-AI-STUDIO\PRODUCTION\_probe\t4.0.png","3427900","2026/8/13 上午 01:03:39"
"C:\Users\TUF Gaming\Desktop\我的專案\財富密碼\LOCAL-AI-STUDIO\PRODUCTION\_probe\t4.5.png","3427700","2026/8/13 上午 01:03:40"
"C:\Users\TUF Gaming\Desktop\我的專案\財富密碼\LOCAL-AI-STUDIO\PRODUCTION\_probe\t5.0.png","3328570","2026/8/13 上午 01:03:40"
"C:\Users\TUF Gaming\Desktop\我的專案\財富密碼\LOCAL-AI-STUDIO\PRODUCTION\_probe\t5.5.png","3142201","2026/8/13 上午 01:03:41"
"C:\Users\TUF Gaming\Desktop\我的專案\財富密碼\LOCAL-AI-STUDIO\PRODUCTION\_probe\t6.0.png","3124372","2026/8/13 上午 01:03:41"
"C:\Users\TUF Gaming\Desktop\我的專案\財富密碼\LOCAL-AI-STUDIO\PRODUCTION\_probe\t6.5.png","3221638","2026/8/13 上午 01:03:41"
"C:\Users\TUF Gaming\Desktop\我的專案\財富密碼\LOCAL-AI-STUDIO\PRODUCTION\_probe7\t0.05.png","2957714","2026/8/13 上午 01:04:26"
"C:\Users\TUF Gaming\Desktop\我的專案\財富密碼\LOCAL-AI-STUDIO\PRODUCTION\_probe7\t1.0.png","3377862","2026/8/13 上午 01:04:27"
"C:\Users\TUF Gaming\Desktop\我的專案\財富密碼\LOCAL-AI-STUDIO\PRODUCTION\_probe7\t2.0.png","3361767","2026/8/13 上午 01:04:27"
"C:\Users\TUF Gaming\Desktop\我的專案\財富密碼\LOCAL-AI-STUDIO\PRODUCTION\_probe7\t3.0.png","3378993","2026/8/13 上午 01:04:27"
"C:\Users\TUF Gaming\Desktop\我的專案\財富密碼\LOCAL-AI-STUDIO\PRODUCTION\_probe7\t4.0.png","3419983","2026/8/13 上午 01:04:28"
"C:\Users\TUF Gaming\Desktop\我的專案\財富密碼\LOCAL-AI-STUDIO\PRODUCTION\_probe7\t5.0.png","3349455","2026/8/13 上午 01:04:28"
"C:\Users\TUF Gaming\Desktop\我的專案\財富密碼\LOCAL-AI-STUDIO\PRODUCTION\_probe7\t6.0.png","3123075","2026/8/13 上午 01:04:28"
"C:\Users\TUF Gaming\Desktop\我的專案\財富密碼\LOCAL-AI-STUDIO\PRODUCTION\_probe7\t6.9.png","3375427","2026/8/13 上午 01:04:29"
"C:\Users\TUF Gaming\Desktop\我的專案\財富密碼\LOCAL-AI-STUDIO\TECHNICAL_TEST\D9S1\D9S1_VERIFY.mp4","5798346","2026/8/13 上午 12:57:46"
"C:\Users\TUF Gaming\Desktop\我的專案\財富密碼\LOCAL-AI-STUDIO\TECHNICAL_TEST\D9S1\D9S1_VERIFY_frames.jpg","342042","2026/8/13 上午 12:57:46"
"C:\Users\TUF Gaming\Desktop\我的專案\財富密碼\LOCAL-AI-STUDIO\TECHNICAL_TEST\D9S1\README.md","926","2026/8/13 上午 12:57:46"
"C:\Users\TUF Gaming\Desktop\我的專案\財富密碼\LOCAL-AI-STUDIO\TECHNICAL_TEST\D9S1\scene_C_CN+IPAdapter.png","1352472","2026/8/13 上午 12:57:46"
"C:\Users\TUF Gaming\Desktop\我的專案\財富密碼\LOCAL-AI-STUDIO\train\01_precompute.py","8165","2026/8/12 下午 05:50:58"
"C:\Users\TUF Gaming\Desktop\我的專案\財富密碼\LOCAL-AI-STUDIO\train\02_train_lora.py","6273","2026/8/12 下午 05:50:58"
"C:\Users\TUF Gaming\Desktop\我的專案\財富密碼\LOCAL-AI-STUDIO\train\03_test_lora.py","5291","2026/8/12 下午 05:50:27"
"C:\Users\TUF Gaming\Desktop\我的專案\財富密碼\LOCAL-AI-STUDIO\train\04_build_sheets.py","2287","2026/8/12 下午 06:52:50"
"C:\Users\TUF Gaming\Desktop\我的專案\財富密碼\LOCAL-AI-STUDIO\train\05_diagnose.py","3308","2026/8/12 下午 07:43:48"
"C:\Users\TUF Gaming\Desktop\我的專案\財富密碼\LOCAL-AI-STUDIO\train\06_scale_sweep.py","4197","2026/8/12 下午 07:49:12"
"C:\Users\TUF Gaming\Desktop\我的專案\財富密碼\LOCAL-AI-STUDIO\train\07_make_scene.py","3688","2026/8/12 下午 10:52:12"
"C:\Users\TUF Gaming\Desktop\我的專案\財富密碼\LOCAL-AI-STUDIO\train\08_abcd_test.py","7751","2026/8/12 下午 11:15:15"
"C:\Users\TUF Gaming\Desktop\我的專案\財富密碼\LOCAL-AI-STUDIO\train\09_extract_frames.py","7932","2026/8/12 下午 11:31:43"
"C:\Users\TUF Gaming\Desktop\我的專案\財富密碼\LOCAL-AI-STUDIO\train\run_all.log","16269","2026/8/12 下午 06:49:59"
"C:\Users\TUF Gaming\Desktop\我的專案\財富密碼\LOCAL-AI-STUDIO\train\run_all.sh","1426","2026/8/12 下午 05:51:16"
"C:\Users\TUF Gaming\Desktop\我的專案\財富密碼\LOCAL-AI-STUDIO\train\abcd\A_只有ControlNet.png","1263241","2026/8/12 下午 11:15:50"
"C:\Users\TUF Gaming\Desktop\我的專案\財富密碼\LOCAL-AI-STUDIO\train\abcd\B_ControlNet＋LoRA.png","1068293","2026/8/12 下午 11:16:11"
"C:\Users\TUF Gaming\Desktop\我的專案\財富密碼\LOCAL-AI-STUDIO\train\abcd\C_ControlNet＋IPAdapter.png","1352472","2026/8/12 下午 11:16:41"
"C:\Users\TUF Gaming\Desktop\我的專案\財富密碼\LOCAL-AI-STUDIO\train\abcd\D_ControlNet＋IPA＋LoRA.png","1206690","2026/8/12 下午 11:17:13"
"C:\Users\TUF Gaming\Desktop\我的專案\財富密碼\LOCAL-AI-STUDIO\train\abcd\E_LoRA0.15_IPA.png","1357724","2026/8/12 下午 11:18:45"
"C:\Users\TUF Gaming\Desktop\我的專案\財富密碼\LOCAL-AI-STUDIO\train\abcd\E_LoRA0.25_IPA.png","1296334","2026/8/12 下午 11:19:13"
"C:\Users\TUF Gaming\Desktop\我的專案\財富密碼\LOCAL-AI-STUDIO\train\abcd\_ABCD.jpg","372291","2026/8/12 下午 11:17:15"
"C:\Users\TUF Gaming\Desktop\我的專案\財富密碼\LOCAL-AI-STUDIO\train\abcd\_LORA_WEIGHT.jpg","488019","2026/8/12 下午 11:19:13"
"C:\Users\TUF Gaming\Desktop\我的專案\財富密碼\LOCAL-AI-STUDIO\train\cache_nova\cache.pt","2333814","2026/8/12 下午 05:48:22"
"C:\Users\TUF Gaming\Desktop\我的專案\財富密碼\LOCAL-AI-STUDIO\train\cache_nova\captions.json","986","2026/8/12 下午 05:48:22"
"C:\Users\TUF Gaming\Desktop\我的專案\財富密碼\LOCAL-AI-STUDIO\train\cache_taco\cache.pt","2324726","2026/8/12 下午 06:19:34"
"C:\Users\TUF Gaming\Desktop\我的專案\財富密碼\LOCAL-AI-STUDIO\train\cache_taco\captions.json","1093","2026/8/12 下午 06:19:34"
"C:\Users\TUF Gaming\Desktop\我的專案\財富密碼\LOCAL-AI-STUDIO\train\diagnose\A_原設定_8步_cfg2_scale0.8.png","960695","2026/8/12 下午 07:45:28"
"C:\Users\TUF Gaming\Desktop\我的專案\財富密碼\LOCAL-AI-STUDIO\train\diagnose\BASE_noLoRA_8步.png","1031139","2026/8/12 下午 07:44:49"
"C:\Users\TUF Gaming\Desktop\我的專案\財富密碼\LOCAL-AI-STUDIO\train\diagnose\B_多步_25步_cfg6_scale0.8.png","934146","2026/8/12 下午 07:46:23"
"C:\Users\TUF Gaming\Desktop\我的專案\財富密碼\LOCAL-AI-STUDIO\train\diagnose\C_多步_25步_cfg6_scale1.0.png","889701","2026/8/12 下午 07:47:06"
"C:\Users\TUF Gaming\Desktop\我的專案\財富密碼\LOCAL-AI-STUDIO\train\diagnose\D_弱化_8步_cfg2_scale0.3.png","1015635","2026/8/12 下午 07:47:36"
"C:\Users\TUF Gaming\Desktop\我的專案\財富密碼\LOCAL-AI-STUDIO\train\diagnose\E_中間_16步_cfg4_scale0.6.png","1030698","2026/8/12 下午 07:48:19"
"C:\Users\TUF Gaming\Desktop\我的專案\財富密碼\LOCAL-AI-STUDIO\train\diagnose\_DIAGNOSE.jpg","197411","2026/8/12 下午 07:48:19"
"C:\Users\TUF Gaming\Desktop\我的專案\財富密碼\LOCAL-AI-STUDIO\train\out_nova\nova_lora_V1_step1000.safetensors","46700272","2026/8/12 下午 06:51:23"
"C:\Users\TUF Gaming\Desktop\我的專案\財富密碼\LOCAL-AI-STUDIO\train\out_nova\nova_lora_V1_step250.safetensors","46700272","2026/8/12 下午 06:51:24"
"C:\Users\TUF Gaming\Desktop\我的專案\財富密碼\LOCAL-AI-STUDIO\train\out_nova\nova_lora_V1_step500.safetensors","46700272","2026/8/12 下午 06:51:24"
"C:\Users\TUF Gaming\Desktop\我的專案\財富密碼\LOCAL-AI-STUDIO\train\out_nova\nova_lora_V1_step750.safetensors","46700272","2026/8/12 下午 06:51:24"
"C:\Users\TUF Gaming\Desktop\我的專案\財富密碼\LOCAL-AI-STUDIO\train\out_nova\train_log.json","5174","2026/8/12 下午 06:19:10"
"C:\Users\TUF Gaming\Desktop\我的專案\財富密碼\LOCAL-AI-STUDIO\train\out_taco\taco_lora_V1_step1000.safetensors","46700272","2026/8/12 下午 06:51:24"
"C:\Users\TUF Gaming\Desktop\我的專案\財富密碼\LOCAL-AI-STUDIO\train\out_taco\taco_lora_V1_step250.safetensors","46700272","2026/8/12 下午 06:51:24"
"C:\Users\TUF Gaming\Desktop\我的專案\財富密碼\LOCAL-AI-STUDIO\train\out_taco\taco_lora_V1_step500.safetensors","46700272","2026/8/12 下午 06:51:25"
"C:\Users\TUF Gaming\Desktop\我的專案\財富密碼\LOCAL-AI-STUDIO\train\out_taco\taco_lora_V1_step750.safetensors","46700272","2026/8/12 下午 06:51:25"
"C:\Users\TUF Gaming\Desktop\我的專案\財富密碼\LOCAL-AI-STUDIO\train\out_taco\train_log.json","5182","2026/8/12 下午 06:43:28"
"C:\Users\TUF Gaming\Desktop\我的專案\財富密碼\LOCAL-AI-STUDIO\train\scene_d9s1\d9s1_scene_seed100001.png","1246505","2026/8/12 下午 10:54:47"
"C:\Users\TUF Gaming\Desktop\我的專案\財富密碼\LOCAL-AI-STUDIO\train\scene_d9s1\d9s1_scene_seed424242.png","1291914","2026/8/12 下午 10:53:30"
"C:\Users\TUF Gaming\Desktop\我的專案\財富密碼\LOCAL-AI-STUDIO\train\scene_d9s1\d9s1_scene_seed555777.png","1328665","2026/8/12 下午 10:55:26"
"C:\Users\TUF Gaming\Desktop\我的專案\財富密碼\LOCAL-AI-STUDIO\train\scene_d9s1\d9s1_scene_seed888999.png","1234572","2026/8/12 下午 10:54:08"
"C:\Users\TUF Gaming\Desktop\我的專案\財富密碼\LOCAL-AI-STUDIO\train\scene_d9s1\_PICK.jpg","144852","2026/8/12 下午 10:55:26"
"C:\Users\TUF Gaming\Desktop\我的專案\財富密碼\LOCAL-AI-STUDIO\train\scene_d9s1\short\s100001.png","1396266","2026/8/12 下午 10:58:50"
"C:\Users\TUF Gaming\Desktop\我的專案\財富密碼\LOCAL-AI-STUDIO\train\scene_d9s1\short\s424242.png","1489252","2026/8/12 下午 10:57:30"
"C:\Users\TUF Gaming\Desktop\我的專案\財富密碼\LOCAL-AI-STUDIO\train\scene_d9s1\short\s888999.png","1471936","2026/8/12 下午 10:58:09"
"C:\Users\TUF Gaming\Desktop\我的專案\財富密碼\LOCAL-AI-STUDIO\train\scene_d9s1\short\_SHORT.jpg","154404","2026/8/12 下午 10:58:50"
"C:\Users\TUF Gaming\Desktop\我的專案\財富密碼\LOCAL-AI-STUDIO\train\sweep_nova\closeup_scale0.00.png","1168462","2026/8/12 下午 07:53:03"
"C:\Users\TUF Gaming\Desktop\我的專案\財富密碼\LOCAL-AI-STUDIO\train\sweep_nova\closeup_scale0.15.png","1128704","2026/8/12 下午 07:53:30"
"C:\Users\TUF Gaming\Desktop\我的專案\財富密碼\LOCAL-AI-STUDIO\train\sweep_nova\closeup_scale0.25.png","995864","2026/8/12 下午 07:53:57"
"C:\Users\TUF Gaming\Desktop\我的專案\財富密碼\LOCAL-AI-STUDIO\train\sweep_nova\closeup_scale0.35.png","873180","2026/8/12 下午 07:54:26"
"C:\Users\TUF Gaming\Desktop\我的專案\財富密碼\LOCAL-AI-STUDIO\train\sweep_nova\closeup_scale0.45.png","810295","2026/8/12 下午 07:54:53"
"C:\Users\TUF Gaming\Desktop\我的專案\財富密碼\LOCAL-AI-STUDIO\train\sweep_nova\closeup_scale0.60.png","731317","2026/8/12 下午 07:55:21"
"C:\Users\TUF Gaming\Desktop\我的專案\財富密碼\LOCAL-AI-STUDIO\train\sweep_nova\front_sit_scale0.00.png","1027345","2026/8/12 下午 07:50:16"
"C:\Users\TUF Gaming\Desktop\我的專案\財富密碼\LOCAL-AI-STUDIO\train\sweep_nova\front_sit_scale0.15.png","986371","2026/8/12 下午 07:50:44"
"C:\Users\TUF Gaming\Desktop\我的專案\財富密碼\LOCAL-AI-STUDIO\train\sweep_nova\front_sit_scale0.25.png","951048","2026/8/12 下午 07:51:11"
"C:\Users\TUF Gaming\Desktop\我的專案\財富密碼\LOCAL-AI-STUDIO\train\sweep_nova\front_sit_scale0.35.png","998743","2026/8/12 下午 07:51:39"
"C:\Users\TUF Gaming\Desktop\我的專案\財富密碼\LOCAL-AI-STUDIO\train\sweep_nova\front_sit_scale0.45.png","1039574","2026/8/12 下午 07:52:07"
"C:\Users\TUF Gaming\Desktop\我的專案\財富密碼\LOCAL-AI-STUDIO\train\sweep_nova\front_sit_scale0.60.png","993979","2026/8/12 下午 07:52:35"
"C:\Users\TUF Gaming\Desktop\我的專案\財富密碼\LOCAL-AI-STUDIO\train\sweep_nova\side_scale0.00.png","1090955","2026/8/12 下午 07:55:49"
"C:\Users\TUF Gaming\Desktop\我的專案\財富密碼\LOCAL-AI-STUDIO\train\sweep_nova\side_scale0.15.png","1057963","2026/8/12 下午 07:56:16"
"C:\Users\TUF Gaming\Desktop\我的專案\財富密碼\LOCAL-AI-STUDIO\train\sweep_nova\side_scale0.25.png","1078054","2026/8/12 下午 07:56:44"
"C:\Users\TUF Gaming\Desktop\我的專案\財富密碼\LOCAL-AI-STUDIO\train\sweep_nova\side_scale0.35.png","1029807","2026/8/12 下午 07:57:12"
"C:\Users\TUF Gaming\Desktop\我的專案\財富密碼\LOCAL-AI-STUDIO\train\sweep_nova\side_scale0.45.png","1057333","2026/8/12 下午 07:57:39"
"C:\Users\TUF Gaming\Desktop\我的專案\財富密碼\LOCAL-AI-STUDIO\train\sweep_nova\side_scale0.60.png","1003328","2026/8/12 下午 07:58:07"
"C:\Users\TUF Gaming\Desktop\我的專案\財富密碼\LOCAL-AI-STUDIO\train\sweep_nova\_SWEEP_nova.jpg","437022","2026/8/12 下午 07:58:08"
"C:\Users\TUF Gaming\Desktop\我的專案\財富密碼\LOCAL-AI-STUDIO\train\sweep_nova\_VS_REFERENCE.jpg","261874","2026/8/12 下午 08:00:15"
"C:\Users\TUF Gaming\Desktop\我的專案\財富密碼\LOCAL-AI-STUDIO\train\sweep_taco\closeup_scale0.00.png","1174466","2026/8/12 下午 08:03:34"
"C:\Users\TUF Gaming\Desktop\我的專案\財富密碼\LOCAL-AI-STUDIO\train\sweep_taco\closeup_scale0.15.png","1125848","2026/8/12 下午 08:04:16"
"C:\Users\TUF Gaming\Desktop\我的專案\財富密碼\LOCAL-AI-STUDIO\train\sweep_taco\closeup_scale0.25.png","1072670","2026/8/12 下午 08:04:57"
"C:\Users\TUF Gaming\Desktop\我的專案\財富密碼\LOCAL-AI-STUDIO\train\sweep_taco\closeup_scale0.35.png","792165","2026/8/12 下午 08:05:39"
"C:\Users\TUF Gaming\Desktop\我的專案\財富密碼\LOCAL-AI-STUDIO\train\sweep_taco\closeup_scale0.45.png","719329","2026/8/12 下午 08:06:21"
"C:\Users\TUF Gaming\Desktop\我的專案\財富密碼\LOCAL-AI-STUDIO\train\sweep_taco\closeup_scale0.60.png","656479","2026/8/12 下午 08:07:03"
"C:\Users\TUF Gaming\Desktop\我的專案\財富密碼\LOCAL-AI-STUDIO\train\sweep_taco\front_sit_scale0.00.png","1004664","2026/8/12 下午 08:00:33"
"C:\Users\TUF Gaming\Desktop\我的專案\財富密碼\LOCAL-AI-STUDIO\train\sweep_taco\front_sit_scale0.15.png","1038538","2026/8/12 下午 08:01:01"
"C:\Users\TUF Gaming\Desktop\我的專案\財富密碼\LOCAL-AI-STUDIO\train\sweep_taco\front_sit_scale0.25.png","984701","2026/8/12 下午 08:01:29"
"C:\Users\TUF Gaming\Desktop\我的專案\財富密碼\LOCAL-AI-STUDIO\train\sweep_taco\front_sit_scale0.35.png","949987","2026/8/12 下午 08:01:56"
"C:\Users\TUF Gaming\Desktop\我的專案\財富密碼\LOCAL-AI-STUDIO\train\sweep_taco\front_sit_scale0.45.png","907300","2026/8/12 下午 08:02:25"
"C:\Users\TUF Gaming\Desktop\我的專案\財富密碼\LOCAL-AI-STUDIO\train\sweep_taco\front_sit_scale0.60.png","847310","2026/8/12 下午 08:02:52"
"C:\Users\TUF Gaming\Desktop\我的專案\財富密碼\LOCAL-AI-STUDIO\train\sweep_taco\side_scale0.00.png","1067347","2026/8/12 下午 08:07:45"
"C:\Users\TUF Gaming\Desktop\我的專案\財富密碼\LOCAL-AI-STUDIO\train\sweep_taco\side_scale0.15.png","1081712","2026/8/12 下午 08:08:28"
"C:\Users\TUF Gaming\Desktop\我的專案\財富密碼\LOCAL-AI-STUDIO\train\sweep_taco\side_scale0.25.png","999710","2026/8/12 下午 08:09:10"
"C:\Users\TUF Gaming\Desktop\我的專案\財富密碼\LOCAL-AI-STUDIO\train\sweep_taco\side_scale0.35.png","945882","2026/8/12 下午 08:09:51"
"C:\Users\TUF Gaming\Desktop\我的專案\財富密碼\LOCAL-AI-STUDIO\train\sweep_taco\side_scale0.45.png","989595","2026/8/12 下午 08:10:34"
"C:\Users\TUF Gaming\Desktop\我的專案\財富密碼\LOCAL-AI-STUDIO\train\sweep_taco\side_scale0.60.png","871225","2026/8/12 下午 08:11:16"
"C:\Users\TUF Gaming\Desktop\我的專案\財富密碼\LOCAL-AI-STUDIO\train\sweep_taco\_SWEEP_taco.jpg","367273","2026/8/12 下午 08:11:17"
"C:\Users\TUF Gaming\Desktop\我的專案\財富密碼\LOCAL-AI-STUDIO\train\test_nova\_COMPARE_nova.jpg","497702","2026/8/12 下午 07:41:26"
"C:\Users\TUF Gaming\Desktop\我的專案\財富密碼\LOCAL-AI-STUDIO\train\test_nova\step000_noLoRA\01_front_sit_seed424242.png","1026278","2026/8/12 下午 06:52:49"
"C:\Users\TUF Gaming\Desktop\我的專案\財富密碼\LOCAL-AI-STUDIO\train\test_nova\step000_noLoRA\02_side_stand_seed424242.png","1081386","2026/8/12 下午 06:53:17"
"C:\Users\TUF Gaming\Desktop\我的專案\財富密碼\LOCAL-AI-STUDIO\train\test_nova\step000_noLoRA\03_closeup_seed424242.png","1237831","2026/8/12 下午 06:53:45"
"C:\Users\TUF Gaming\Desktop\我的專案\財富密碼\LOCAL-AI-STUDIO\train\test_nova\step000_noLoRA\04_running_seed424242.png","1152016","2026/8/12 下午 06:54:12"
"C:\Users\TUF Gaming\Desktop\我的專案\財富密碼\LOCAL-AI-STUDIO\train\test_nova\step000_noLoRA\05_night_seed424242.png","1081643","2026/8/12 下午 06:54:39"
"C:\Users\TUF Gaming\Desktop\我的專案\財富密碼\LOCAL-AI-STUDIO\train\test_nova\step000_noLoRA\06_duo_seed424242.png","1101649","2026/8/12 下午 06:55:07"
"C:\Users\TUF Gaming\Desktop\我的專案\財富密碼\LOCAL-AI-STUDIO\train\test_nova\step0250\01_front_sit_seed424242.png","638337","2026/8/12 下午 07:02:07"
"C:\Users\TUF Gaming\Desktop\我的專案\財富密碼\LOCAL-AI-STUDIO\train\test_nova\step0250\01_front_sit_seed888999.png","696680","2026/8/12 下午 07:02:30"
"C:\Users\TUF Gaming\Desktop\我的專案\財富密碼\LOCAL-AI-STUDIO\train\test_nova\step0250\02_side_stand_seed424242.png","604329","2026/8/12 下午 07:02:55"
"C:\Users\TUF Gaming\Desktop\我的專案\財富密碼\LOCAL-AI-STUDIO\train\test_nova\step0250\02_side_stand_seed888999.png","662158","2026/8/12 下午 07:03:24"
"C:\Users\TUF Gaming\Desktop\我的專案\財富密碼\LOCAL-AI-STUDIO\train\test_nova\step0250\03_closeup_seed424242.png","463536","2026/8/12 下午 07:03:50"
"C:\Users\TUF Gaming\Desktop\我的專案\財富密碼\LOCAL-AI-STUDIO\train\test_nova\step0250\03_closeup_seed888999.png","456469","2026/8/12 下午 07:04:16"
"C:\Users\TUF Gaming\Desktop\我的專案\財富密碼\LOCAL-AI-STUDIO\train\test_nova\step0250\04_running_seed424242.png","672718","2026/8/12 下午 07:04:43"
"C:\Users\TUF Gaming\Desktop\我的專案\財富密碼\LOCAL-AI-STUDIO\train\test_nova\step0250\04_running_seed888999.png","729169","2026/8/12 下午 07:05:06"
"C:\Users\TUF Gaming\Desktop\我的專案\財富密碼\LOCAL-AI-STUDIO\train\test_nova\step0250\05_night_seed424242.png","649978","2026/8/12 下午 07:05:31"
"C:\Users\TUF Gaming\Desktop\我的專案\財富密碼\LOCAL-AI-STUDIO\train\test_nova\step0250\05_night_seed888999.png","643733","2026/8/12 下午 07:05:55"
"C:\Users\TUF Gaming\Desktop\我的專案\財富密碼\LOCAL-AI-STUDIO\train\test_nova\step0250\06_duo_seed424242.png","668927","2026/8/12 下午 07:06:20"
"C:\Users\TUF Gaming\Desktop\我的專案\財富密碼\LOCAL-AI-STUDIO\train\test_nova\step0250\06_duo_seed888999.png","687542","2026/8/12 下午 07:06:44"
"C:\Users\TUF Gaming\Desktop\我的專案\財富密碼\LOCAL-AI-STUDIO\train\test_nova\step0500\01_front_sit_seed424242.png","944896","2026/8/12 下午 07:07:10"
"C:\Users\TUF Gaming\Desktop\我的專案\財富密碼\LOCAL-AI-STUDIO\train\test_nova\step0500\01_front_sit_seed888999.png","1025777","2026/8/12 下午 07:07:35"
"C:\Users\TUF Gaming\Desktop\我的專案\財富密碼\LOCAL-AI-STUDIO\train\test_nova\step0500\02_side_stand_seed424242.png","948218","2026/8/12 下午 07:07:59"
"C:\Users\TUF Gaming\Desktop\我的專案\財富密碼\LOCAL-AI-STUDIO\train\test_nova\step0500\02_side_stand_seed888999.png","1047034","2026/8/12 下午 07:08:23"
"C:\Users\TUF Gaming\Desktop\我的專案\財富密碼\LOCAL-AI-STUDIO\train\test_nova\step0500\03_closeup_seed424242.png","873074","2026/8/12 下午 07:08:47"
"C:\Users\TUF Gaming\Desktop\我的專案\財富密碼\LOCAL-AI-STUDIO\train\test_nova\step0500\03_closeup_seed888999.png","860670","2026/8/12 下午 07:09:13"
"C:\Users\TUF Gaming\Desktop\我的專案\財富密碼\LOCAL-AI-STUDIO\train\test_nova\step0500\04_running_seed424242.png","909723","2026/8/12 下午 07:09:36"
"C:\Users\TUF Gaming\Desktop\我的專案\財富密碼\LOCAL-AI-STUDIO\train\test_nova\step0500\04_running_seed888999.png","965031","2026/8/12 下午 07:10:01"
"C:\Users\TUF Gaming\Desktop\我的專案\財富密碼\LOCAL-AI-STUDIO\train\test_nova\step0500\05_night_seed424242.png","977417","2026/8/12 下午 07:10:25"
"C:\Users\TUF Gaming\Desktop\我的專案\財富密碼\LOCAL-AI-STUDIO\train\test_nova\step0500\05_night_seed888999.png","1002888","2026/8/12 下午 07:10:52"
"C:\Users\TUF Gaming\Desktop\我的專案\財富密碼\LOCAL-AI-STUDIO\train\test_nova\step0500\06_duo_seed424242.png","1029564","2026/8/12 下午 07:11:16"
"C:\Users\TUF Gaming\Desktop\我的專案\財富密碼\LOCAL-AI-STUDIO\train\test_nova\step0500\06_duo_seed888999.png","1011889","2026/8/12 下午 07:11:42"
"C:\Users\TUF Gaming\Desktop\我的專案\財富密碼\LOCAL-AI-STUDIO\train\test_nova\step0750\01_front_sit_seed424242.png","896258","2026/8/12 下午 07:12:07"
"C:\Users\TUF Gaming\Desktop\我的專案\財富密碼\LOCAL-AI-STUDIO\train\test_nova\step0750\01_front_sit_seed888999.png","933183","2026/8/12 下午 07:12:31"
"C:\Users\TUF Gaming\Desktop\我的專案\財富密碼\LOCAL-AI-STUDIO\train\test_nova\step0750\02_side_stand_seed424242.png","938987","2026/8/12 下午 07:12:54"
"C:\Users\TUF Gaming\Desktop\我的專案\財富密碼\LOCAL-AI-STUDIO\train\test_nova\step0750\02_side_stand_seed888999.png","938985","2026/8/12 下午 07:13:18"
"C:\Users\TUF Gaming\Desktop\我的專案\財富密碼\LOCAL-AI-STUDIO\train\test_nova\step0750\03_closeup_seed424242.png","711913","2026/8/12 下午 07:13:41"
"C:\Users\TUF Gaming\Desktop\我的專案\財富密碼\LOCAL-AI-STUDIO\train\test_nova\step0750\03_closeup_seed888999.png","698131","2026/8/12 下午 07:14:05"
"C:\Users\TUF Gaming\Desktop\我的專案\財富密碼\LOCAL-AI-STUDIO\train\test_nova\step0750\04_running_seed424242.png","792235","2026/8/12 下午 07:14:29"
"C:\Users\TUF Gaming\Desktop\我的專案\財富密碼\LOCAL-AI-STUDIO\train\test_nova\step0750\04_running_seed888999.png","792434","2026/8/12 下午 07:14:52"
"C:\Users\TUF Gaming\Desktop\我的專案\財富密碼\LOCAL-AI-STUDIO\train\test_nova\step0750\05_night_seed424242.png","737884","2026/8/12 下午 07:15:18"
"C:\Users\TUF Gaming\Desktop\我的專案\財富密碼\LOCAL-AI-STUDIO\train\test_nova\step0750\05_night_seed888999.png","774840","2026/8/12 下午 07:15:41"
"C:\Users\TUF Gaming\Desktop\我的專案\財富密碼\LOCAL-AI-STUDIO\train\test_nova\step0750\06_duo_seed424242.png","958646","2026/8/12 下午 07:16:04"
"C:\Users\TUF Gaming\Desktop\我的專案\財富密碼\LOCAL-AI-STUDIO\train\test_nova\step0750\06_duo_seed888999.png","927032","2026/8/12 下午 07:16:28"
"C:\Users\TUF Gaming\Desktop\我的專案\財富密碼\LOCAL-AI-STUDIO\train\test_nova\step1000\01_front_sit_seed424242.png","924588","2026/8/12 下午 06:55:46"
"C:\Users\TUF Gaming\Desktop\我的專案\財富密碼\LOCAL-AI-STUDIO\train\test_nova\step1000\01_front_sit_seed888999.png","907553","2026/8/12 下午 06:56:20"
"C:\Users\TUF Gaming\Desktop\我的專案\財富密碼\LOCAL-AI-STUDIO\train\test_nova\step1000\02_side_stand_seed424242.png","875987","2026/8/12 下午 06:56:51"
"C:\Users\TUF Gaming\Desktop\我的專案\財富密碼\LOCAL-AI-STUDIO\train\test_nova\step1000\02_side_stand_seed888999.png","897022","2026/8/12 下午 06:57:22"
"C:\Users\TUF Gaming\Desktop\我的專案\財富密碼\LOCAL-AI-STUDIO\train\test_nova\step1000\03_closeup_seed424242.png","640086","2026/8/12 下午 06:57:53"
"C:\Users\TUF Gaming\Desktop\我的專案\財富密碼\LOCAL-AI-STUDIO\train\test_nova\step1000\03_closeup_seed888999.png","635363","2026/8/12 下午 06:58:24"
"C:\Users\TUF Gaming\Desktop\我的專案\財富密碼\LOCAL-AI-STUDIO\train\test_nova\step1000\04_running_seed424242.png","680022","2026/8/12 下午 06:58:54"
"C:\Users\TUF Gaming\Desktop\我的專案\財富密碼\LOCAL-AI-STUDIO\train\test_nova\step1000\04_running_seed888999.png","710855","2026/8/12 下午 06:59:24"
"C:\Users\TUF Gaming\Desktop\我的專案\財富密碼\LOCAL-AI-STUDIO\train\test_nova\step1000\05_night_seed424242.png","703315","2026/8/12 下午 06:59:59"
"C:\Users\TUF Gaming\Desktop\我的專案\財富密碼\LOCAL-AI-STUDIO\train\test_nova\step1000\05_night_seed888999.png","744707","2026/8/12 下午 07:00:33"
"C:\Users\TUF Gaming\Desktop\我的專案\財富密碼\LOCAL-AI-STUDIO\train\test_nova\step1000\06_duo_seed424242.png","853570","2026/8/12 下午 07:01:09"
"C:\Users\TUF Gaming\Desktop\我的專案\財富密碼\LOCAL-AI-STUDIO\train\test_nova\step1000\06_duo_seed888999.png","856466","2026/8/12 下午 07:01:41"
"C:\Users\TUF Gaming\Desktop\我的專案\財富密碼\LOCAL-AI-STUDIO\train\test_taco\_COMPARE_taco.jpg","405611","2026/8/12 下午 07:42:11"
"C:\Users\TUF Gaming\Desktop\我的專案\財富密碼\LOCAL-AI-STUDIO\train\test_taco\step000_noLoRA\01_front_sit_seed424242.png","1011658","2026/8/12 下午 07:17:23"
"C:\Users\TUF Gaming\Desktop\我的專案\財富密碼\LOCAL-AI-STUDIO\train\test_taco\step000_noLoRA\02_side_stand_seed424242.png","1052105","2026/8/12 下午 07:17:51"
"C:\Users\TUF Gaming\Desktop\我的專案\財富密碼\LOCAL-AI-STUDIO\train\test_taco\step000_noLoRA\03_closeup_seed424242.png","1208861","2026/8/12 下午 07:18:19"
"C:\Users\TUF Gaming\Desktop\我的專案\財富密碼\LOCAL-AI-STUDIO\train\test_taco\step000_noLoRA\04_running_seed424242.png","1169396","2026/8/12 下午 07:18:47"
"C:\Users\TUF Gaming\Desktop\我的專案\財富密碼\LOCAL-AI-STUDIO\train\test_taco\step000_noLoRA\05_night_seed424242.png","1077373","2026/8/12 下午 07:19:14"
"C:\Users\TUF Gaming\Desktop\我的專案\財富密碼\LOCAL-AI-STUDIO\train\test_taco\step000_noLoRA\06_mess_seed424242.png","1069179","2026/8/12 下午 07:19:42"
"C:\Users\TUF Gaming\Desktop\我的專案\財富密碼\LOCAL-AI-STUDIO\train\test_taco\step0250\01_front_sit_seed424242.png","566386","2026/8/12 下午 07:26:44"
"C:\Users\TUF Gaming\Desktop\我的專案\財富密碼\LOCAL-AI-STUDIO\train\test_taco\step0250\01_front_sit_seed888999.png","597137","2026/8/12 下午 07:27:08"
"C:\Users\TUF Gaming\Desktop\我的專案\財富密碼\LOCAL-AI-STUDIO\train\test_taco\step0250\02_side_stand_seed424242.png","624502","2026/8/12 下午 07:27:32"
"C:\Users\TUF Gaming\Desktop\我的專案\財富密碼\LOCAL-AI-STUDIO\train\test_taco\step0250\02_side_stand_seed888999.png","608461","2026/8/12 下午 07:28:01"
"C:\Users\TUF Gaming\Desktop\我的專案\財富密碼\LOCAL-AI-STUDIO\train\test_taco\step0250\03_closeup_seed424242.png","590135","2026/8/12 下午 07:28:27"
"C:\Users\TUF Gaming\Desktop\我的專案\財富密碼\LOCAL-AI-STUDIO\train\test_taco\step0250\03_closeup_seed888999.png","576338","2026/8/12 下午 07:28:53"
"C:\Users\TUF Gaming\Desktop\我的專案\財富密碼\LOCAL-AI-STUDIO\train\test_taco\step0250\04_running_seed424242.png","721740","2026/8/12 下午 07:29:20"
"C:\Users\TUF Gaming\Desktop\我的專案\財富密碼\LOCAL-AI-STUDIO\train\test_taco\step0250\04_running_seed888999.png","901571","2026/8/12 下午 07:29:44"
"C:\Users\TUF Gaming\Desktop\我的專案\財富密碼\LOCAL-AI-STUDIO\train\test_taco\step0250\05_night_seed424242.png","693029","2026/8/12 下午 07:30:08"
"C:\Users\TUF Gaming\Desktop\我的專案\財富密碼\LOCAL-AI-STUDIO\train\test_taco\step0250\05_night_seed888999.png","675832","2026/8/12 下午 07:30:32"
"C:\Users\TUF Gaming\Desktop\我的專案\財富密碼\LOCAL-AI-STUDIO\train\test_taco\step0250\06_mess_seed424242.png","695602","2026/8/12 下午 07:30:56"
"C:\Users\TUF Gaming\Desktop\我的專案\財富密碼\LOCAL-AI-STUDIO\train\test_taco\step0250\06_mess_seed888999.png","630604","2026/8/12 下午 07:31:20"
"C:\Users\TUF Gaming\Desktop\我的專案\財富密碼\LOCAL-AI-STUDIO\train\test_taco\step0500\01_front_sit_seed424242.png","875428","2026/8/12 下午 07:31:46"
"C:\Users\TUF Gaming\Desktop\我的專案\財富密碼\LOCAL-AI-STUDIO\train\test_taco\step0500\01_front_sit_seed888999.png","887152","2026/8/12 下午 07:32:11"
"C:\Users\TUF Gaming\Desktop\我的專案\財富密碼\LOCAL-AI-STUDIO\train\test_taco\step0500\02_side_stand_seed424242.png","816863","2026/8/12 下午 07:32:36"
"C:\Users\TUF Gaming\Desktop\我的專案\財富密碼\LOCAL-AI-STUDIO\train\test_taco\step0500\02_side_stand_seed888999.png","814668","2026/8/12 下午 07:32:59"
"C:\Users\TUF Gaming\Desktop\我的專案\財富密碼\LOCAL-AI-STUDIO\train\test_taco\step0500\03_closeup_seed424242.png","783218","2026/8/12 下午 07:33:24"
"C:\Users\TUF Gaming\Desktop\我的專案\財富密碼\LOCAL-AI-STUDIO\train\test_taco\step0500\03_closeup_seed888999.png","823771","2026/8/12 下午 07:33:49"
"C:\Users\TUF Gaming\Desktop\我的專案\財富密碼\LOCAL-AI-STUDIO\train\test_taco\step0500\04_running_seed424242.png","785097","2026/8/12 下午 07:34:13"
"C:\Users\TUF Gaming\Desktop\我的專案\財富密碼\LOCAL-AI-STUDIO\train\test_taco\step0500\04_running_seed888999.png","867289","2026/8/12 下午 07:34:38"
"C:\Users\TUF Gaming\Desktop\我的專案\財富密碼\LOCAL-AI-STUDIO\train\test_taco\step0500\05_night_seed424242.png","797198","2026/8/12 下午 07:35:02"
"C:\Users\TUF Gaming\Desktop\我的專案\財富密碼\LOCAL-AI-STUDIO\train\test_taco\step0500\05_night_seed888999.png","771709","2026/8/12 下午 07:35:29"
"C:\Users\TUF Gaming\Desktop\我的專案\財富密碼\LOCAL-AI-STUDIO\train\test_taco\step0500\06_mess_seed424242.png","851244","2026/8/12 下午 07:35:53"
"C:\Users\TUF Gaming\Desktop\我的專案\財富密碼\LOCAL-AI-STUDIO\train\test_taco\step0500\06_mess_seed888999.png","786556","2026/8/12 下午 07:36:19"
"C:\Users\TUF Gaming\Desktop\我的專案\財富密碼\LOCAL-AI-STUDIO\train\test_taco\step0750\01_front_sit_seed424242.png","756437","2026/8/12 下午 07:36:45"
"C:\Users\TUF Gaming\Desktop\我的專案\財富密碼\LOCAL-AI-STUDIO\train\test_taco\step0750\01_front_sit_seed888999.png","780278","2026/8/12 下午 07:37:08"
"C:\Users\TUF Gaming\Desktop\我的專案\財富密碼\LOCAL-AI-STUDIO\train\test_taco\step0750\02_side_stand_seed424242.png","712523","2026/8/12 下午 07:37:31"
"C:\Users\TUF Gaming\Desktop\我的專案\財富密碼\LOCAL-AI-STUDIO\train\test_taco\step0750\02_side_stand_seed888999.png","725033","2026/8/12 下午 07:37:55"
"C:\Users\TUF Gaming\Desktop\我的專案\財富密碼\LOCAL-AI-STUDIO\train\test_taco\step0750\03_closeup_seed424242.png","616885","2026/8/12 下午 07:38:19"
"C:\Users\TUF Gaming\Desktop\我的專案\財富密碼\LOCAL-AI-STUDIO\train\test_taco\step0750\03_closeup_seed888999.png","619721","2026/8/12 下午 07:38:42"
"C:\Users\TUF Gaming\Desktop\我的專案\財富密碼\LOCAL-AI-STUDIO\train\test_taco\step0750\04_running_seed424242.png","750013","2026/8/12 下午 07:39:07"
"C:\Users\TUF Gaming\Desktop\我的專案\財富密碼\LOCAL-AI-STUDIO\train\test_taco\step0750\04_running_seed888999.png","761138","2026/8/12 下午 07:39:30"
"C:\Users\TUF Gaming\Desktop\我的專案\財富密碼\LOCAL-AI-STUDIO\train\test_taco\step0750\05_night_seed424242.png","696853","2026/8/12 下午 07:39:56"
"C:\Users\TUF Gaming\Desktop\我的專案\財富密碼\LOCAL-AI-STUDIO\train\test_taco\step0750\05_night_seed888999.png","635656","2026/8/12 下午 07:40:19"
"C:\Users\TUF Gaming\Desktop\我的專案\財富密碼\LOCAL-AI-STUDIO\train\test_taco\step0750\06_mess_seed424242.png","849898","2026/8/12 下午 07:40:42"
"C:\Users\TUF Gaming\Desktop\我的專案\財富密碼\LOCAL-AI-STUDIO\train\test_taco\step0750\06_mess_seed888999.png","831012","2026/8/12 下午 07:41:05"
"C:\Users\TUF Gaming\Desktop\我的專案\財富密碼\LOCAL-AI-STUDIO\train\test_taco\step1000\01_front_sit_seed424242.png","796094","2026/8/12 下午 07:20:21"
"C:\Users\TUF Gaming\Desktop\我的專案\財富密碼\LOCAL-AI-STUDIO\train\test_taco\step1000\01_front_sit_seed888999.png","787373","2026/8/12 下午 07:20:55"
"C:\Users\TUF Gaming\Desktop\我的專案\財富密碼\LOCAL-AI-STUDIO\train\test_taco\step1000\02_side_stand_seed424242.png","665726","2026/8/12 下午 07:21:27"
"C:\Users\TUF Gaming\Desktop\我的專案\財富密碼\LOCAL-AI-STUDIO\train\test_taco\step1000\02_side_stand_seed888999.png","742080","2026/8/12 下午 07:21:58"
"C:\Users\TUF Gaming\Desktop\我的專案\財富密碼\LOCAL-AI-STUDIO\train\test_taco\step1000\03_closeup_seed424242.png","610665","2026/8/12 下午 07:22:29"
"C:\Users\TUF Gaming\Desktop\我的專案\財富密碼\LOCAL-AI-STUDIO\train\test_taco\step1000\03_closeup_seed888999.png","620297","2026/8/12 下午 07:23:00"
"C:\Users\TUF Gaming\Desktop\我的專案\財富密碼\LOCAL-AI-STUDIO\train\test_taco\step1000\04_running_seed424242.png","1009049","2026/8/12 下午 07:23:31"
"C:\Users\TUF Gaming\Desktop\我的專案\財富密碼\LOCAL-AI-STUDIO\train\test_taco\step1000\04_running_seed888999.png","1059882","2026/8/12 下午 07:24:01"
"C:\Users\TUF Gaming\Desktop\我的專案\財富密碼\LOCAL-AI-STUDIO\train\test_taco\step1000\05_night_seed424242.png","743728","2026/8/12 下午 07:24:36"
"C:\Users\TUF Gaming\Desktop\我的專案\財富密碼\LOCAL-AI-STUDIO\train\test_taco\step1000\05_night_seed888999.png","913235","2026/8/12 下午 07:25:10"
"C:\Users\TUF Gaming\Desktop\我的專案\財富密碼\LOCAL-AI-STUDIO\train\test_taco\step1000\06_mess_seed424242.png","869299","2026/8/12 下午 07:25:46"
"C:\Users\TUF Gaming\Desktop\我的專案\財富密碼\LOCAL-AI-STUDIO\train\test_taco\step1000\06_mess_seed888999.png","946732","2026/8/12 下午 07:26:19"
"C:\Users\TUF Gaming\Desktop\我的專案\財富密碼\LOCAL-AI-STUDIO\train\_frame_probe\01_黑洞.png","1318263","2026/8/12 下午 11:25:35"
"C:\Users\TUF Gaming\Desktop\我的專案\財富密碼\LOCAL-AI-STUDIO\train\_frame_probe\02_巧克力.png","2618939","2026/8/12 下午 11:25:35"
"C:\Users\TUF Gaming\Desktop\我的專案\財富密碼\LOCAL-AI-STUDIO\train\_frame_probe\03_淹水.png","3389956","2026/8/12 下午 11:25:36"
"C:\Users\TUF Gaming\Desktop\我的專案\財富密碼\LOCAL-AI-STUDIO\train\_frame_probe\04_麵粉.png","3506529","2026/8/12 下午 11:25:36"
"C:\Users\TUF Gaming\Desktop\我的專案\財富密碼\LOCAL-AI-STUDIO\train\_frame_probe\05_岩漿.png","3734745","2026/8/12 下午 11:25:37"
"C:\Users\TUF Gaming\Desktop\我的專案\財富密碼\LOCAL-AI-STUDIO\train\_frame_probe\_PROBE.jpg","243783","2026/8/12 下午 11:25:37"
"C:\Users\TUF Gaming\Desktop\我的專案\財富密碼\LOCAL-AI-STUDIO\train\__pycache__\01_precompute.cpython-313.pyc","10483","2026/8/12 下午 05:50:58"
"C:\Users\TUF Gaming\Desktop\我的專案\財富密碼\LOCAL-AI-STUDIO\train\__pycache__\02_train_lora.cpython-313.pyc","10933","2026/8/12 下午 05:50:58"
"C:\Users\TUF Gaming\Desktop\我的專案\財富密碼\LOCAL-AI-STUDIO\train\__pycache__\03_test_lora.cpython-313.pyc","7112","2026/8/12 下午 05:50:58"
"C:\Users\TUF Gaming\Desktop\我的專案\財富密碼\LOCAL-AI-STUDIO\train\__pycache__\08_abcd_test.cpython-313.pyc","8979","2026/8/12 下午 11:18:18"
"C:\Users\TUF Gaming\Desktop\我的專案\財富密碼\LOCAL-AI-STUDIO\_trainlib\accelerate\accelerator.py","197583","2026/8/12 下午 05:44:59"
"C:\Users\TUF Gaming\Desktop\我的專案\財富密碼\LOCAL-AI-STUDIO\_trainlib\accelerate\big_modeling.py","37573","2026/8/12 下午 05:44:59"
"C:\Users\TUF Gaming\Desktop\我的專案\財富密碼\LOCAL-AI-STUDIO\_trainlib\accelerate\checkpointing.py","14472","2026/8/12 下午 05:44:59"
"C:\Users\TUF Gaming\Desktop\我的專案\財富密碼\LOCAL-AI-STUDIO\_trainlib\accelerate\data_loader.py","66830","2026/8/12 下午 05:44:59"
"C:\Users\TUF Gaming\Desktop\我的專案\財富密碼\LOCAL-AI-STUDIO\_trainlib\accelerate\hooks.py","35083","2026/8/12 下午 05:44:59"
"C:\Users\TUF Gaming\Desktop\我的專案\財富密碼\LOCAL-AI-STUDIO\_trainlib\accelerate\inference.py","7684","2026/8/12 下午 05:44:59"
"C:\Users\TUF Gaming\Desktop\我的專案\財富密碼\LOCAL-AI-STUDIO\_trainlib\accelerate\launchers.py","15147","2026/8/12 下午 05:44:59"
"C:\Users\TUF Gaming\Desktop\我的專案\財富密碼\LOCAL-AI-STUDIO\_trainlib\accelerate\local_sgd.py","4218","2026/8/12 下午 05:44:59"
"C:\Users\TUF Gaming\Desktop\我的專案\財富密碼\LOCAL-AI-STUDIO\_trainlib\accelerate\logging.py","5233","2026/8/12 下午 05:44:59"
"C:\Users\TUF Gaming\Desktop\我的專案\財富密碼\LOCAL-AI-STUDIO\_trainlib\accelerate\memory_utils.py","862","2026/8/12 下午 05:44:59"
"C:\Users\TUF Gaming\Desktop\我的專案\財富密碼\LOCAL-AI-STUDIO\_trainlib\accelerate\optimizer.py","8158","2026/8/12 下午 05:44:59"
"C:\Users\TUF Gaming\Desktop\我的專案\財富密碼\LOCAL-AI-STUDIO\_trainlib\accelerate\parallelism_config.py","17071","2026/8/12 下午 05:44:59"
"C:\Users\TUF Gaming\Desktop\我的專案\財富密碼\LOCAL-AI-STUDIO\_trainlib\accelerate\scheduler.py","4238","2026/8/12 下午 05:44:59"
"C:\Users\TUF Gaming\Desktop\我的專案\財富密碼\LOCAL-AI-STUDIO\_trainlib\accelerate\state.py","58188","2026/8/12 下午 05:44:59"
"C:\Users\TUF Gaming\Desktop\我的專案\財富密碼\LOCAL-AI-STUDIO\_trainlib\accelerate\tracking.py","51264","2026/8/12 下午 05:44:59"
"C:\Users\TUF Gaming\Desktop\我的專案\財富密碼\LOCAL-AI-STUDIO\_trainlib\accelerate\__init__.py","1555","2026/8/12 下午 05:44:59"
"C:\Users\TUF Gaming\Desktop\我的專案\財富密碼\LOCAL-AI-STUDIO\_trainlib\accelerate\commands\accelerate_cli.py","1972","2026/8/12 下午 05:44:59"
"C:\Users\TUF Gaming\Desktop\我的專案\財富密碼\LOCAL-AI-STUDIO\_trainlib\accelerate\commands\env.py","4586","2026/8/12 下午 05:44:59"
"C:\Users\TUF Gaming\Desktop\我的專案\財富密碼\LOCAL-AI-STUDIO\_trainlib\accelerate\commands\estimate.py","12667","2026/8/12 下午 05:44:59"
"C:\Users\TUF Gaming\Desktop\我的專案\財富密碼\LOCAL-AI-STUDIO\_trainlib\accelerate\commands\launch.py","55380","2026/8/12 下午 05:44:59"
"C:\Users\TUF Gaming\Desktop\我的專案\財富密碼\LOCAL-AI-STUDIO\_trainlib\accelerate\commands\merge.py","2387","2026/8/12 下午 05:44:59"
"C:\Users\TUF Gaming\Desktop\我的專案\財富密碼\LOCAL-AI-STUDIO\_trainlib\accelerate\commands\test.py","2149","2026/8/12 下午 05:44:59"
"C:\Users\TUF Gaming\Desktop\我的專案\財富密碼\LOCAL-AI-STUDIO\_trainlib\accelerate\commands\to_fsdp2.py","6140","2026/8/12 下午 05:44:59"
"C:\Users\TUF Gaming\Desktop\我的專案\財富密碼\LOCAL-AI-STUDIO\_trainlib\accelerate\commands\tpu.py","5548","2026/8/12 下午 05:44:59"
"C:\Users\TUF Gaming\Desktop\我的專案\財富密碼\LOCAL-AI-STUDIO\_trainlib\accelerate\commands\utils.py","4150","2026/8/12 下午 05:44:59"
"C:\Users\TUF Gaming\Desktop\我的專案\財富密碼\LOCAL-AI-STUDIO\_trainlib\accelerate\commands\__init__.py","606","2026/8/12 下午 05:44:59"
"C:\Users\TUF Gaming\Desktop\我的專案\財富密碼\LOCAL-AI-STUDIO\_trainlib\accelerate\commands\config\cluster.py","40572","2026/8/12 下午 05:44:59"
"C:\Users\TUF Gaming\Desktop\我的專案\財富密碼\LOCAL-AI-STUDIO\_trainlib\accelerate\commands\config\config.py","3035","2026/8/12 下午 05:44:59"
"C:\Users\TUF Gaming\Desktop\我的專案\財富密碼\LOCAL-AI-STUDIO\_trainlib\accelerate\commands\config\config_args.py","10145","2026/8/12 下午 05:44:59"
"C:\Users\TUF Gaming\Desktop\我的專案\財富密碼\LOCAL-AI-STUDIO\_trainlib\accelerate\commands\config\config_utils.py","3321","2026/8/12 下午 05:44:59"
"C:\Users\TUF Gaming\Desktop\我的專案\財富密碼\LOCAL-AI-STUDIO\_trainlib\accelerate\commands\config\default.py","6559","2026/8/12 下午 05:44:59"
"C:\Users\TUF Gaming\Desktop\我的專案\財富密碼\LOCAL-AI-STUDIO\_trainlib\accelerate\commands\config\sagemaker.py","10636","2026/8/12 下午 05:44:59"
"C:\Users\TUF Gaming\Desktop\我的專案\財富密碼\LOCAL-AI-STUDIO\_trainlib\accelerate\commands\config\update.py","2396","2026/8/12 下午 05:44:59"
"C:\Users\TUF Gaming\Desktop\我的專案\財富密碼\LOCAL-AI-STUDIO\_trainlib\accelerate\commands\config\__init__.py","1645","2026/8/12 下午 05:44:59"
"C:\Users\TUF Gaming\Desktop\我的專案\財富密碼\LOCAL-AI-STUDIO\_trainlib\accelerate\commands\config\__pycache__\cluster.cpython-313.pyc","28892","2026/8/12 下午 05:44:59"
"C:\Users\TUF Gaming\Desktop\我的專案\財富密碼\LOCAL-AI-STUDIO\_trainlib\accelerate\commands\config\__pycache__\config.cpython-313.pyc","3276","2026/8/12 下午 05:44:59"
"C:\Users\TUF Gaming\Desktop\我的專案\財富密碼\LOCAL-AI-STUDIO\_trainlib\accelerate\commands\config\__pycache__\config_args.cpython-313.pyc","12321","2026/8/12 下午 05:44:59"
"C:\Users\TUF Gaming\Desktop\我的專案\財富密碼\LOCAL-AI-STUDIO\_trainlib\accelerate\commands\config\__pycache__\config_utils.cpython-313.pyc","4027","2026/8/12 下午 05:44:59"
"C:\Users\TUF Gaming\Desktop\我的專案\財富密碼\LOCAL-AI-STUDIO\_trainlib\accelerate\commands\config\__pycache__\default.cpython-313.pyc","6302","2026/8/12 下午 05:44:59"
"C:\Users\TUF Gaming\Desktop\我的專案\財富密碼\LOCAL-AI-STUDIO\_trainlib\accelerate\commands\config\__pycache__\sagemaker.cpython-313.pyc","9289","2026/8/12 下午 05:44:59"
"C:\Users\TUF Gaming\Desktop\我的專案\財富密碼\LOCAL-AI-STUDIO\_trainlib\accelerate\commands\config\__pycache__\update.cpython-313.pyc","2456","2026/8/12 下午 05:44:59"
"C:\Users\TUF Gaming\Desktop\我的專案\財富密碼\LOCAL-AI-STUDIO\_trainlib\accelerate\commands\config\__pycache__\__init__.cpython-313.pyc","1462","2026/8/12 下午 05:44:59"
"C:\Users\TUF Gaming\Desktop\我的專案\財富密碼\LOCAL-AI-STUDIO\_trainlib\accelerate\commands\menu\cursor.py","2028","2026/8/12 下午 05:44:59"
"C:\Users\TUF Gaming\Desktop\我的專案\財富密碼\LOCAL-AI-STUDIO\_trainlib\accelerate\commands\menu\helpers.py","1483","2026/8/12 下午 05:44:59"
"C:\Users\TUF Gaming\Desktop\我的專案\財富密碼\LOCAL-AI-STUDIO\_trainlib\accelerate\commands\menu\input.py","2512","2026/8/12 下午 05:44:59"
"C:\Users\TUF Gaming\Desktop\我的專案\財富密碼\LOCAL-AI-STUDIO\_trainlib\accelerate\commands\menu\keymap.py","4086","2026/8/12 下午 05:44:59"
"C:\Users\TUF Gaming\Desktop\我的專案\財富密碼\LOCAL-AI-STUDIO\_trainlib\accelerate\commands\menu\selection_menu.py","4959","2026/8/12 下午 05:44:59"
"C:\Users\TUF Gaming\Desktop\我的專案\財富密碼\LOCAL-AI-STUDIO\_trainlib\accelerate\commands\menu\__init__.py","645","2026/8/12 下午 05:44:59"
"C:\Users\TUF Gaming\Desktop\我的專案\財富密碼\LOCAL-AI-STUDIO\_trainlib\accelerate\commands\menu\__pycache__\cursor.cpython-313.pyc","3111","2026/8/12 下午 05:44:59"
"C:\Users\TUF Gaming\Desktop\我的專案\財富密碼\LOCAL-AI-STUDIO\_trainlib\accelerate\commands\menu\__pycache__\helpers.cpython-313.pyc","2245","2026/8/12 下午 05:44:59"
"C:\Users\TUF Gaming\Desktop\我的專案\財富密碼\LOCAL-AI-STUDIO\_trainlib\accelerate\commands\menu\__pycache__\input.cpython-313.pyc","3186","2026/8/12 下午 05:44:59"
"C:\Users\TUF Gaming\Desktop\我的專案\財富密碼\LOCAL-AI-STUDIO\_trainlib\accelerate\commands\menu\__pycache__\keymap.cpython-313.pyc","4542","2026/8/12 下午 05:44:59"
"C:\Users\TUF Gaming\Desktop\我的專案\財富密碼\LOCAL-AI-STUDIO\_trainlib\accelerate\commands\menu\__pycache__\selection_menu.cpython-313.pyc","7534","2026/8/12 下午 05:44:59"
"C:\Users\TUF Gaming\Desktop\我的專案\財富密碼\LOCAL-AI-STUDIO\_trainlib\accelerate\commands\menu\__pycache__\__init__.cpython-313.pyc","257","2026/8/12 下午 05:44:59"
"C:\Users\TUF Gaming\Desktop\我的專案\財富密碼\LOCAL-AI-STUDIO\_trainlib\accelerate\commands\__pycache__\accelerate_cli.cpython-313.pyc","1785","2026/8/12 下午 05:44:59"
"C:\Users\TUF Gaming\Desktop\我的專案\財富密碼\LOCAL-AI-STUDIO\_trainlib\accelerate\commands\__pycache__\env.cpython-313.pyc","5563","2026/8/12 下午 05:44:59"
"C:\Users\TUF Gaming\Desktop\我的專案\財富密碼\LOCAL-AI-STUDIO\_trainlib\accelerate\commands\__pycache__\estimate.cpython-313.pyc","14132","2026/8/12 下午 05:44:59"
"C:\Users\TUF Gaming\Desktop\我的專案\財富密碼\LOCAL-AI-STUDIO\_trainlib\accelerate\commands\__pycache__\launch.cpython-313.pyc","56841","2026/8/12 下午 05:44:59"
"C:\Users\TUF Gaming\Desktop\我的專案\財富密碼\LOCAL-AI-STUDIO\_trainlib\accelerate\commands\__pycache__\merge.cpython-313.pyc","2395","2026/8/12 下午 05:44:59"
"C:\Users\TUF Gaming\Desktop\我的專案\財富密碼\LOCAL-AI-STUDIO\_trainlib\accelerate\commands\__pycache__\test.cpython-313.pyc","2180","2026/8/12 下午 05:44:59"
"C:\Users\TUF Gaming\Desktop\我的專案\財富密碼\LOCAL-AI-STUDIO\_trainlib\accelerate\commands\__pycache__\to_fsdp2.cpython-313.pyc","6272","2026/8/12 下午 05:44:59"
"C:\Users\TUF Gaming\Desktop\我的專案\財富密碼\LOCAL-AI-STUDIO\_trainlib\accelerate\commands\__pycache__\tpu.cpython-313.pyc","6120","2026/8/12 下午 05:44:59"
"C:\Users\TUF Gaming\Desktop\我的專案\財富密碼\LOCAL-AI-STUDIO\_trainlib\accelerate\commands\__pycache__\utils.cpython-313.pyc","5387","2026/8/12 下午 05:44:59"
"C:\Users\TUF Gaming\Desktop\我的專案\財富密碼\LOCAL-AI-STUDIO\_trainlib\accelerate\commands\__pycache__\__init__.cpython-313.pyc","198","2026/8/12 下午 05:44:59"
"C:\Users\TUF Gaming\Desktop\我的專案\財富密碼\LOCAL-AI-STUDIO\_trainlib\accelerate\test_utils\examples.py","7301","2026/8/12 下午 05:44:59"
"C:\Users\TUF Gaming\Desktop\我的專案\財富密碼\LOCAL-AI-STUDIO\_trainlib\accelerate\test_utils\testing.py","30757","2026/8/12 下午 05:44:59"
"C:\Users\TUF Gaming\Desktop\我的專案\財富密碼\LOCAL-AI-STUDIO\_trainlib\accelerate\test_utils\training.py","6043","2026/8/12 下午 05:44:59"
"C:\Users\TUF Gaming\Desktop\我的專案\財富密碼\LOCAL-AI-STUDIO\_trainlib\accelerate\test_utils\__init__.py","1826","2026/8/12 下午 05:44:59"
"C:\Users\TUF Gaming\Desktop\我的專案\財富密碼\LOCAL-AI-STUDIO\_trainlib\accelerate\test_utils\scripts\test_cli.py","1081","2026/8/12 下午 05:44:59"
"C:\Users\TUF Gaming\Desktop\我的專案\財富密碼\LOCAL-AI-STUDIO\_trainlib\accelerate\test_utils\scripts\test_ddp_comm_hook.py","3566","2026/8/12 下午 05:44:59"
"C:\Users\TUF Gaming\Desktop\我的專案\財富密碼\LOCAL-AI-STUDIO\_trainlib\accelerate\test_utils\scripts\test_distributed_data_loop.py","16020","2026/8/12 下午 05:44:59"
"C:\Users\TUF Gaming\Desktop\我的專案\財富密碼\LOCAL-AI-STUDIO\_trainlib\accelerate\test_utils\scripts\test_merge_weights.py","5982","2026/8/12 下午 05:44:59"
"C:\Users\TUF Gaming\Desktop\我的專案\財富密碼\LOCAL-AI-STUDIO\_trainlib\accelerate\test_utils\scripts\test_notebook.py","5053","2026/8/12 下午 05:44:59"
"C:\Users\TUF Gaming\Desktop\我的專案\財富密碼\LOCAL-AI-STUDIO\_trainlib\accelerate\test_utils\scripts\test_ops.py","6683","2026/8/12 下午 05:44:59"
"C:\Users\TUF Gaming\Desktop\我的專案\財富密碼\LOCAL-AI-STUDIO\_trainlib\accelerate\test_utils\scripts\test_script.py","34740","2026/8/12 下午 05:44:59"
"C:\Users\TUF Gaming\Desktop\我的專案\財富密碼\LOCAL-AI-STUDIO\_trainlib\accelerate\test_utils\scripts\test_sync.py","19027","2026/8/12 下午 05:44:59"
"C:\Users\TUF Gaming\Desktop\我的專案\財富密碼\LOCAL-AI-STUDIO\_trainlib\accelerate\test_utils\scripts\__init__.py","606","2026/8/12 下午 05:44:59"
"C:\Users\TUF Gaming\Desktop\我的專案\財富密碼\LOCAL-AI-STUDIO\_trainlib\accelerate\test_utils\scripts\external_deps\test_checkpointing.py","10707","2026/8/12 下午 05:44:59"
"C:\Users\TUF Gaming\Desktop\我的專案\財富密碼\LOCAL-AI-STUDIO\_trainlib\accelerate\test_utils\scripts\external_deps\test_ds_alst_ulysses_sp.py","4077","2026/8/12 下午 05:44:59"
"C:\Users\TUF Gaming\Desktop\我的專案\財富密碼\LOCAL-AI-STUDIO\_trainlib\accelerate\test_utils\scripts\external_deps\test_ds_multiple_model.py","13773","2026/8/12 下午 05:44:59"
"C:\Users\TUF Gaming\Desktop\我的專案\財富密碼\LOCAL-AI-STUDIO\_trainlib\accelerate\test_utils\scripts\external_deps\test_metrics.py","12176","2026/8/12 下午 05:44:59"
"C:\Users\TUF Gaming\Desktop\我的專案\財富密碼\LOCAL-AI-STUDIO\_trainlib\accelerate\test_utils\scripts\external_deps\test_peak_memory_usage.py","12933","2026/8/12 下午 05:44:59"
"C:\Users\TUF Gaming\Desktop\我的專案\財富密碼\LOCAL-AI-STUDIO\_trainlib\accelerate\test_utils\scripts\external_deps\test_performance.py","12101","2026/8/12 下午 05:44:59"
"C:\Users\TUF Gaming\Desktop\我的專案\財富密碼\LOCAL-AI-STUDIO\_trainlib\accelerate\test_utils\scripts\external_deps\test_pippy.py","4789","2026/8/12 下午 05:44:59"
"C:\Users\TUF Gaming\Desktop\我的專案\財富密碼\LOCAL-AI-STUDIO\_trainlib\accelerate\test_utils\scripts\external_deps\test_zero3_integration.py","1666","2026/8/12 下午 05:44:59"
"C:\Users\TUF Gaming\Desktop\我的專案\財富密碼\LOCAL-AI-STUDIO\_trainlib\accelerate\test_utils\scripts\external_deps\__init__.py","606","2026/8/12 下午 05:44:59"
"C:\Users\TUF Gaming\Desktop\我的專案\財富密碼\LOCAL-AI-STUDIO\_trainlib\accelerate\test_utils\scripts\external_deps\__pycache__\test_checkpointing.cpython-313.pyc","11008","2026/8/12 下午 05:44:59"
"C:\Users\TUF Gaming\Desktop\我的專案\財富密碼\LOCAL-AI-STUDIO\_trainlib\accelerate\test_utils\scripts\external_deps\__pycache__\test_ds_alst_ulysses_sp.cpython-313.pyc","5017","2026/8/12 下午 05:44:59"
"C:\Users\TUF Gaming\Desktop\我的專案\財富密碼\LOCAL-AI-STUDIO\_trainlib\accelerate\test_utils\scripts\external_deps\__pycache__\test_ds_multiple_model.cpython-313.pyc","13928","2026/8/12 下午 05:44:59"
"C:\Users\TUF Gaming\Desktop\我的專案\財富密碼\LOCAL-AI-STUDIO\_trainlib\accelerate\test_utils\scripts\external_deps\__pycache__\test_metrics.cpython-313.pyc","16262","2026/8/12 下午 05:44:59"
"C:\Users\TUF Gaming\Desktop\我的專案\財富密碼\LOCAL-AI-STUDIO\_trainlib\accelerate\test_utils\scripts\external_deps\__pycache__\test_peak_memory_usage.cpython-313.pyc","15181","2026/8/12 下午 05:44:59"
"C:\Users\TUF Gaming\Desktop\我的專案\財富密碼\LOCAL-AI-STUDIO\_trainlib\accelerate\test_utils\scripts\external_deps\__pycache__\test_performance.cpython-313.pyc","11914","2026/8/12 下午 05:44:59"
"C:\Users\TUF Gaming\Desktop\我的專案\財富密碼\LOCAL-AI-STUDIO\_trainlib\accelerate\test_utils\scripts\external_deps\__pycache__\test_pippy.cpython-313.pyc","3661","2026/8/12 下午 05:44:59"
"C:\Users\TUF Gaming\Desktop\我的專案\財富密碼\LOCAL-AI-STUDIO\_trainlib\accelerate\test_utils\scripts\external_deps\__pycache__\test_zero3_integration.cpython-313.pyc","1574","2026/8/12 下午 05:44:59"
"C:\Users\TUF Gaming\Desktop\我的專案\財富密碼\LOCAL-AI-STUDIO\_trainlib\accelerate\test_utils\scripts\external_deps\__pycache__\__init__.cpython-313.pyc","222","2026/8/12 下午 05:44:59"
"C:\Users\TUF Gaming\Desktop\我的專案\財富密碼\LOCAL-AI-STUDIO\_trainlib\accelerate\test_utils\scripts\__pycache__\test_cli.cpython-313.pyc","976","2026/8/12 下午 05:44:59"
"C:\Users\TUF Gaming\Desktop\我的專案\財富密碼\LOCAL-AI-STUDIO\_trainlib\accelerate\test_utils\scripts\__pycache__\test_ddp_comm_hook.cpython-313.pyc","4741","2026/8/12 下午 05:44:59"
"C:\Users\TUF Gaming\Desktop\我的專案\財富密碼\LOCAL-AI-STUDIO\_trainlib\accelerate\test_utils\scripts\__pycache__\test_distributed_data_loop.cpython-313.pyc","19401","2026/8/12 下午 05:44:59"
"C:\Users\TUF Gaming\Desktop\我的專案\財富密碼\LOCAL-AI-STUDIO\_trainlib\accelerate\test_utils\scripts\__pycache__\test_merge_weights.cpython-313.pyc","8470","2026/8/12 下午 05:44:59"
"C:\Users\TUF Gaming\Desktop\我的專案\財富密碼\LOCAL-AI-STUDIO\_trainlib\accelerate\test_utils\scripts\__pycache__\test_notebook.cpython-313.pyc","6216","2026/8/12 下午 05:44:59"
"C:\Users\TUF Gaming\Desktop\我的專案\財富密碼\LOCAL-AI-STUDIO\_trainlib\accelerate\test_utils\scripts\__pycache__\test_ops.cpython-313.pyc","10054","2026/8/12 下午 05:44:59"
"C:\Users\TUF Gaming\Desktop\我的專案\財富密碼\LOCAL-AI-STUDIO\_trainlib\accelerate\test_utils\scripts\__pycache__\test_script.cpython-313.pyc","46739","2026/8/12 下午 05:44:59"
"C:\Users\TUF Gaming\Desktop\我的專案\財富密碼\LOCAL-AI-STUDIO\_trainlib\accelerate\test_utils\scripts\__pycache__\test_sync.cpython-313.pyc","19579","2026/8/12 下午 05:44:59"
"C:\Users\TUF Gaming\Desktop\我的專案\財富密碼\LOCAL-AI-STUDIO\_trainlib\accelerate\test_utils\scripts\__pycache__\__init__.cpython-313.pyc","208","2026/8/12 下午 05:44:59"
"C:\Users\TUF Gaming\Desktop\我的專案\財富密碼\LOCAL-AI-STUDIO\_trainlib\accelerate\test_utils\__pycache__\examples.cpython-313.pyc","6987","2026/8/12 下午 05:44:59"
"C:\Users\TUF Gaming\Desktop\我的專案\財富密碼\LOCAL-AI-STUDIO\_trainlib\accelerate\test_utils\__pycache__\testing.cpython-313.pyc","42995","2026/8/12 下午 05:44:59"
"C:\Users\TUF Gaming\Desktop\我的專案\財富密碼\LOCAL-AI-STUDIO\_trainlib\accelerate\test_utils\__pycache__\training.cpython-313.pyc","7618","2026/8/12 下午 05:44:59"
"C:\Users\TUF Gaming\Desktop\我的專案\財富密碼\LOCAL-AI-STUDIO\_trainlib\accelerate\test_utils\__pycache__\__init__.cpython-313.pyc","1756","2026/8/12 下午 05:44:59"
"C:\Users\TUF Gaming\Desktop\我的專案\財富密碼\LOCAL-AI-STUDIO\_trainlib\accelerate\utils\ao.py","4860","2026/8/12 下午 05:44:59"
"C:\Users\TUF Gaming\Desktop\我的專案\財富密碼\LOCAL-AI-STUDIO\_trainlib\accelerate\utils\bnb.py","21228","2026/8/12 下午 05:44:59"
"C:\Users\TUF Gaming\Desktop\我的專案\財富密碼\LOCAL-AI-STUDIO\_trainlib\accelerate\utils\constants.py","3662","2026/8/12 下午 05:44:59"
"C:\Users\TUF Gaming\Desktop\我的專案\財富密碼\LOCAL-AI-STUDIO\_trainlib\accelerate\utils\dataclasses.py","156000","2026/8/12 下午 05:44:59"
"C:\Users\TUF Gaming\Desktop\我的專案\財富密碼\LOCAL-AI-STUDIO\_trainlib\accelerate\utils\deepspeed.py","14796","2026/8/12 下午 05:44:59"
"C:\Users\TUF Gaming\Desktop\我的專案\財富密碼\LOCAL-AI-STUDIO\_trainlib\accelerate\utils\environment.py","18579","2026/8/12 下午 05:44:59"
"C:\Users\TUF Gaming\Desktop\我的專案\財富密碼\LOCAL-AI-STUDIO\_trainlib\accelerate\utils\fsdp_utils.py","42977","2026/8/12 下午 05:44:59"
"C:\Users\TUF Gaming\Desktop\我的專案\財富密碼\LOCAL-AI-STUDIO\_trainlib\accelerate\utils\imports.py","16064","2026/8/12 下午 05:44:59"
"C:\Users\TUF Gaming\Desktop\我的專案\財富密碼\LOCAL-AI-STUDIO\_trainlib\accelerate\utils\launch.py","38710","2026/8/12 下午 05:44:59"
"C:\Users\TUF Gaming\Desktop\我的專案\財富密碼\LOCAL-AI-STUDIO\_trainlib\accelerate\utils\megatron_lm.py","50456","2026/8/12 下午 05:44:59"
"C:\Users\TUF Gaming\Desktop\我的專案\財富密碼\LOCAL-AI-STUDIO\_trainlib\accelerate\utils\memory.py","6340","2026/8/12 下午 05:44:59"
"C:\Users\TUF Gaming\Desktop\我的專案\財富密碼\LOCAL-AI-STUDIO\_trainlib\accelerate\utils\modeling.py","96226","2026/8/12 下午 05:44:59"
"C:\Users\TUF Gaming\Desktop\我的專案\財富密碼\LOCAL-AI-STUDIO\_trainlib\accelerate\utils\offload.py","7845","2026/8/12 下午 05:44:59"
"C:\Users\TUF Gaming\Desktop\我的專案\財富密碼\LOCAL-AI-STUDIO\_trainlib\accelerate\utils\operations.py","36945","2026/8/12 下午 05:44:59"
"C:\Users\TUF Gaming\Desktop\我的專案\財富密碼\LOCAL-AI-STUDIO\_trainlib\accelerate\utils\other.py","21668","2026/8/12 下午 05:44:59"
"C:\Users\TUF Gaming\Desktop\我的專案\財富密碼\LOCAL-AI-STUDIO\_trainlib\accelerate\utils\random.py","6665","2026/8/12 下午 05:44:59"
"C:\Users\TUF Gaming\Desktop\我的專案\財富密碼\LOCAL-AI-STUDIO\_trainlib\accelerate\utils\rich.py","847","2026/8/12 下午 05:44:59"
"C:\Users\TUF Gaming\Desktop\我的專案\財富密碼\LOCAL-AI-STUDIO\_trainlib\accelerate\utils\torch_xla.py","1908","2026/8/12 下午 05:44:59"
"C:\Users\TUF Gaming\Desktop\我的專案\財富密碼\LOCAL-AI-STUDIO\_trainlib\accelerate\utils\tqdm.py","1657","2026/8/12 下午 05:44:59"
"C:\Users\TUF Gaming\Desktop\我的專案\財富密碼\LOCAL-AI-STUDIO\_trainlib\accelerate\utils\transformer_engine.py","7537","2026/8/12 下午 05:44:59"
"C:\Users\TUF Gaming\Desktop\我的專案\財富密碼\LOCAL-AI-STUDIO\_trainlib\accelerate\utils\versions.py","2149","2026/8/12 下午 05:44:59"
"C:\Users\TUF Gaming\Desktop\我的專案\財富密碼\LOCAL-AI-STUDIO\_trainlib\accelerate\utils\__init__.py","8286","2026/8/12 下午 05:44:59"
"C:\Users\TUF Gaming\Desktop\我的專案\財富密碼\LOCAL-AI-STUDIO\_trainlib\accelerate\utils\__pycache__\ao.cpython-313.pyc","4924","2026/8/12 下午 05:44:59"
"C:\Users\TUF Gaming\Desktop\我的專案\財富密碼\LOCAL-AI-STUDIO\_trainlib\accelerate\utils\__pycache__\bnb.cpython-313.pyc","20912","2026/8/12 下午 05:44:59"
"C:\Users\TUF Gaming\Desktop\我的專案\財富密碼\LOCAL-AI-STUDIO\_trainlib\accelerate\utils\__pycache__\constants.cpython-313.pyc","3594","2026/8/12 下午 05:44:59"
"C:\Users\TUF Gaming\Desktop\我的專案\財富密碼\LOCAL-AI-STUDIO\_trainlib\accelerate\utils\__pycache__\dataclasses.cpython-313.pyc","164750","2026/8/12 下午 05:44:59"
"C:\Users\TUF Gaming\Desktop\我的專案\財富密碼\LOCAL-AI-STUDIO\_trainlib\accelerate\utils\__pycache__\deepspeed.cpython-313.pyc","16344","2026/8/12 下午 05:44:59"
"C:\Users\TUF Gaming\Desktop\我的專案\財富密碼\LOCAL-AI-STUDIO\_trainlib\accelerate\utils\__pycache__\environment.cpython-313.pyc","23479","2026/8/12 下午 05:44:59"
"C:\Users\TUF Gaming\Desktop\我的專案\財富密碼\LOCAL-AI-STUDIO\_trainlib\accelerate\utils\__pycache__\fsdp_utils.cpython-313.pyc","41305","2026/8/12 下午 05:44:59"
"C:\Users\TUF Gaming\Desktop\我的專案\財富密碼\LOCAL-AI-STUDIO\_trainlib\accelerate\utils\__pycache__\imports.cpython-313.pyc","22707","2026/8/12 下午 05:44:59"
"C:\Users\TUF Gaming\Desktop\我的專案\財富密碼\LOCAL-AI-STUDIO\_trainlib\accelerate\utils\__pycache__\launch.cpython-313.pyc","42859","2026/8/12 下午 05:44:59"
"C:\Users\TUF Gaming\Desktop\我的專案\財富密碼\LOCAL-AI-STUDIO\_trainlib\accelerate\utils\__pycache__\megatron_lm.cpython-313.pyc","57600","2026/8/12 下午 05:44:59"
"C:\Users\TUF Gaming\Desktop\我的專案\財富密碼\LOCAL-AI-STUDIO\_trainlib\accelerate\utils\__pycache__\memory.cpython-313.pyc","7237","2026/8/12 下午 05:44:59"
"C:\Users\TUF Gaming\Desktop\我的專案\財富密碼\LOCAL-AI-STUDIO\_trainlib\accelerate\utils\__pycache__\modeling.cpython-313.pyc","99219","2026/8/12 下午 05:44:59"
"C:\Users\TUF Gaming\Desktop\我的專案\財富密碼\LOCAL-AI-STUDIO\_trainlib\accelerate\utils\__pycache__\offload.cpython-313.pyc","10335","2026/8/12 下午 05:44:59"
"C:\Users\TUF Gaming\Desktop\我的專案\財富密碼\LOCAL-AI-STUDIO\_trainlib\accelerate\utils\__pycache__\operations.cpython-313.pyc","46689","2026/8/12 下午 05:44:59"
"C:\Users\TUF Gaming\Desktop\我的專案\財富密碼\LOCAL-AI-STUDIO\_trainlib\accelerate\utils\__pycache__\other.cpython-313.pyc","25483","2026/8/12 下午 05:44:59"
"C:\Users\TUF Gaming\Desktop\我的專案\財富密碼\LOCAL-AI-STUDIO\_trainlib\accelerate\utils\__pycache__\random.cpython-313.pyc","9479","2026/8/12 下午 05:44:59"
"C:\Users\TUF Gaming\Desktop\我的專案\財富密碼\LOCAL-AI-STUDIO\_trainlib\accelerate\utils\__pycache__\rich.cpython-313.pyc","484","2026/8/12 下午 05:44:59"
"C:\Users\TUF Gaming\Desktop\我的專案\財富密碼\LOCAL-AI-STUDIO\_trainlib\accelerate\utils\__pycache__\torch_xla.cpython-313.pyc","1776","2026/8/12 下午 05:44:59"
"C:\Users\TUF Gaming\Desktop\我的專案\財富密碼\LOCAL-AI-STUDIO\_trainlib\accelerate\utils\__pycache__\tqdm.cpython-313.pyc","1525","2026/8/12 下午 05:44:59"
"C:\Users\TUF Gaming\Desktop\我的專案\財富密碼\LOCAL-AI-STUDIO\_trainlib\accelerate\utils\__pycache__\transformer_engine.cpython-313.pyc","8440","2026/8/12 下午 05:44:59"
"C:\Users\TUF Gaming\Desktop\我的專案\財富密碼\LOCAL-AI-STUDIO\_trainlib\accelerate\utils\__pycache__\versions.cpython-313.pyc","2157","2026/8/12 下午 05:44:59"
"C:\Users\TUF Gaming\Desktop\我的專案\財富密碼\LOCAL-AI-STUDIO\_trainlib\accelerate\utils\__pycache__\__init__.cpython-313.pyc","9599","2026/8/12 下午 05:44:59"
"C:\Users\TUF Gaming\Desktop\我的專案\財富密碼\LOCAL-AI-STUDIO\_trainlib\accelerate\__pycache__\accelerator.cpython-313.pyc","193839","2026/8/12 下午 05:44:59"
"C:\Users\TUF Gaming\Desktop\我的專案\財富密碼\LOCAL-AI-STUDIO\_trainlib\accelerate\__pycache__\big_modeling.cpython-313.pyc","36902","2026/8/12 下午 05:44:59"
"C:\Users\TUF Gaming\Desktop\我的專案\財富密碼\LOCAL-AI-STUDIO\_trainlib\accelerate\__pycache__\checkpointing.cpython-313.pyc","16043","2026/8/12 下午 05:44:59"
"C:\Users\TUF Gaming\Desktop\我的專案\財富密碼\LOCAL-AI-STUDIO\_trainlib\accelerate\__pycache__\data_loader.cpython-313.pyc","66052","2026/8/12 下午 05:44:59"
"C:\Users\TUF Gaming\Desktop\我的專案\財富密碼\LOCAL-AI-STUDIO\_trainlib\accelerate\__pycache__\hooks.cpython-313.pyc","35222","2026/8/12 下午 05:44:59"
"C:\Users\TUF Gaming\Desktop\我的專案\財富密碼\LOCAL-AI-STUDIO\_trainlib\accelerate\__pycache__\inference.cpython-313.pyc","7417","2026/8/12 下午 05:44:59"
"C:\Users\TUF Gaming\Desktop\我的專案\財富密碼\LOCAL-AI-STUDIO\_trainlib\accelerate\__pycache__\launchers.cpython-313.pyc","13551","2026/8/12 下午 05:44:59"
"C:\Users\TUF Gaming\Desktop\我的專案\財富密碼\LOCAL-AI-STUDIO\_trainlib\accelerate\__pycache__\local_sgd.cpython-313.pyc","5110","2026/8/12 下午 05:44:59"
"C:\Users\TUF Gaming\Desktop\我的專案\財富密碼\LOCAL-AI-STUDIO\_trainlib\accelerate\__pycache__\logging.cpython-313.pyc","5934","2026/8/12 下午 05:44:59"
"C:\Users\TUF Gaming\Desktop\我的專案\財富密碼\LOCAL-AI-STUDIO\_trainlib\accelerate\__pycache__\memory_utils.cpython-313.pyc","488","2026/8/12 下午 05:44:59"
"C:\Users\TUF Gaming\Desktop\我的專案\財富密碼\LOCAL-AI-STUDIO\_trainlib\accelerate\__pycache__\optimizer.cpython-313.pyc","11888","2026/8/12 下午 05:44:59"
"C:\Users\TUF Gaming\Desktop\我的專案\財富密碼\LOCAL-AI-STUDIO\_trainlib\accelerate\__pycache__\parallelism_config.cpython-313.pyc","20584","2026/8/12 下午 05:44:59"
"C:\Users\TUF Gaming\Desktop\我的專案\財富密碼\LOCAL-AI-STUDIO\_trainlib\accelerate\__pycache__\scheduler.cpython-313.pyc","4739","2026/8/12 下午 05:44:59"
"C:\Users\TUF Gaming\Desktop\我的專案\財富密碼\LOCAL-AI-STUDIO\_trainlib\accelerate\__pycache__\state.cpython-313.pyc","63865","2026/8/12 下午 05:44:59"
"C:\Users\TUF Gaming\Desktop\我的專案\財富密碼\LOCAL-AI-STUDIO\_trainlib\accelerate\__pycache__\tracking.cpython-313.pyc","61663","2026/8/12 下午 05:44:59"
"C:\Users\TUF Gaming\Desktop\我的專案\財富密碼\LOCAL-AI-STUDIO\_trainlib\accelerate\__pycache__\__init__.cpython-313.pyc","1379","2026/8/12 下午 05:44:59"
"C:\Users\TUF Gaming\Desktop\我的專案\財富密碼\LOCAL-AI-STUDIO\_trainlib\accelerate-1.14.0.dist-info\entry_points.txt","296","2026/8/12 下午 05:44:59"
"C:\Users\TUF Gaming\Desktop\我的專案\財富密碼\LOCAL-AI-STUDIO\_trainlib\accelerate-1.14.0.dist-info\INSTALLER","4","2026/8/12 下午 05:44:59"
"C:\Users\TUF Gaming\Desktop\我的專案\財富密碼\LOCAL-AI-STUDIO\_trainlib\accelerate-1.14.0.dist-info\METADATA","19552","2026/8/12 下午 05:44:59"
"C:\Users\TUF Gaming\Desktop\我的專案\財富密碼\LOCAL-AI-STUDIO\_trainlib\accelerate-1.14.0.dist-info\RECORD","14365","2026/8/12 下午 05:44:59"
"C:\Users\TUF Gaming\Desktop\我的專案\財富密碼\LOCAL-AI-STUDIO\_trainlib\accelerate-1.14.0.dist-info\REQUESTED","0","2026/8/12 下午 05:44:59"
"C:\Users\TUF Gaming\Desktop\我的專案\財富密碼\LOCAL-AI-STUDIO\_trainlib\accelerate-1.14.0.dist-info\top_level.txt","11","2026/8/12 下午 05:44:59"
"C:\Users\TUF Gaming\Desktop\我的專案\財富密碼\LOCAL-AI-STUDIO\_trainlib\accelerate-1.14.0.dist-info\WHEEL","91","2026/8/12 下午 05:44:59"
"C:\Users\TUF Gaming\Desktop\我的專案\財富密碼\LOCAL-AI-STUDIO\_trainlib\accelerate-1.14.0.dist-info\licenses\LICENSE","11357","2026/8/12 下午 05:44:59"
"C:\Users\TUF Gaming\Desktop\我的專案\財富密碼\LOCAL-AI-STUDIO\_trainlib\bin\accelerate-config.exe","108369","2026/8/12 下午 05:44:59"
"C:\Users\TUF Gaming\Desktop\我的專案\財富密碼\LOCAL-AI-STUDIO\_trainlib\bin\accelerate-estimate-memory.exe","108371","2026/8/12 下午 05:44:59"
"C:\Users\TUF Gaming\Desktop\我的專案\財富密碼\LOCAL-AI-STUDIO\_trainlib\bin\accelerate-launch.exe","108369","2026/8/12 下午 05:44:59"
"C:\Users\TUF Gaming\Desktop\我的專案\財富密碼\LOCAL-AI-STUDIO\_trainlib\bin\accelerate-merge-weights.exe","108368","2026/8/12 下午 05:44:59"
"C:\Users\TUF Gaming\Desktop\我的專案\財富密碼\LOCAL-AI-STUDIO\_trainlib\bin\accelerate.exe","108377","2026/8/12 下午 05:44:59"
"C:\Users\TUF Gaming\Desktop\我的專案\財富密碼\LOCAL-AI-STUDIO\_trainlib\bin\diffusers-cli.exe","108375","2026/8/12 下午 05:44:59"
"C:\Users\TUF Gaming\Desktop\我的專案\財富密碼\LOCAL-AI-STUDIO\_trainlib\diffusers\callbacks.py","10270","2026/8/12 下午 05:44:54"
"C:\Users\TUF Gaming\Desktop\我的專案\財富密碼\LOCAL-AI-STUDIO\_trainlib\diffusers\configuration_utils.py","36239","2026/8/12 下午 05:44:54"
"C:\Users\TUF Gaming\Desktop\我的專案\財富密碼\LOCAL-AI-STUDIO\_trainlib\diffusers\dependency_versions_check.py","1271","2026/8/12 下午 05:44:54"
"C:\Users\TUF Gaming\Desktop\我的專案\財富密碼\LOCAL-AI-STUDIO\_trainlib\diffusers\dependency_versions_table.py","1961","2026/8/12 下午 05:44:54"
"C:\Users\TUF Gaming\Desktop\我的專案\財富密碼\LOCAL-AI-STUDIO\_trainlib\diffusers\image_processor.py","58397","2026/8/12 下午 05:44:54"
"C:\Users\TUF Gaming\Desktop\我的專案\財富密碼\LOCAL-AI-STUDIO\_trainlib\diffusers\optimization.py","15113","2026/8/12 下午 05:44:54"
"C:\Users\TUF Gaming\Desktop\我的專案\財富密碼\LOCAL-AI-STUDIO\_trainlib\diffusers\py.typed","0","2026/8/12 下午 05:44:54"
"C:\Users\TUF Gaming\Desktop\我的專案\財富密碼\LOCAL-AI-STUDIO\_trainlib\diffusers\training_utils.py","36528","2026/8/12 下午 05:44:54"
"C:\Users\TUF Gaming\Desktop\我的專案\財富密碼\LOCAL-AI-STUDIO\_trainlib\diffusers\video_processor.py","8353","2026/8/12 下午 05:44:54"
"C:\Users\TUF Gaming\Desktop\我的專案\財富密碼\LOCAL-AI-STUDIO\_trainlib\diffusers\__init__.py","65510","2026/8/12 下午 05:44:54"
"C:\Users\TUF Gaming\Desktop\我的專案\財富密碼\LOCAL-AI-STUDIO\_trainlib\diffusers\commands\custom_blocks.py","5169","2026/8/12 下午 05:44:54"
"C:\Users\TUF Gaming\Desktop\我的專案\財富密碼\LOCAL-AI-STUDIO\_trainlib\diffusers\commands\diffusers_cli.py","1425","2026/8/12 下午 05:44:54"
"C:\Users\TUF Gaming\Desktop\我的專案\財富密碼\LOCAL-AI-STUDIO\_trainlib\diffusers\commands\env.py","7043","2026/8/12 下午 05:44:54"
"C:\Users\TUF Gaming\Desktop\我的專案\財富密碼\LOCAL-AI-STUDIO\_trainlib\diffusers\commands\fp16_safetensors.py","5419","2026/8/12 下午 05:44:54"
"C:\Users\TUF Gaming\Desktop\我的專案\財富密碼\LOCAL-AI-STUDIO\_trainlib\diffusers\commands\__init__.py","920","2026/8/12 下午 05:44:54"
"C:\Users\TUF Gaming\Desktop\我的專案\財富密碼\LOCAL-AI-STUDIO\_trainlib\diffusers\commands\__pycache__\custom_blocks.cpython-313.pyc","6443","2026/8/12 下午 05:44:55"
"C:\Users\TUF Gaming\Desktop\我的專案\財富密碼\LOCAL-AI-STUDIO\_trainlib\diffusers\commands\__pycache__\diffusers_cli.cpython-313.pyc","1367","2026/8/12 下午 05:44:55"
"C:\Users\TUF Gaming\Desktop\我的專案\財富密碼\LOCAL-AI-STUDIO\_trainlib\diffusers\commands\__pycache__\env.cpython-313.pyc","7441","2026/8/12 下午 05:44:55"
"C:\Users\TUF Gaming\Desktop\我的專案\財富密碼\LOCAL-AI-STUDIO\_trainlib\diffusers\commands\__pycache__\fp16_safetensors.cpython-313.pyc","6479","2026/8/12 下午 05:44:55"
"C:\Users\TUF Gaming\Desktop\我的專案\財富密碼\LOCAL-AI-STUDIO\_trainlib\diffusers\commands\__pycache__\__init__.cpython-313.pyc","1019","2026/8/12 下午 05:44:55"
"C:\Users\TUF Gaming\Desktop\我的專案\財富密碼\LOCAL-AI-STUDIO\_trainlib\diffusers\experimental\__init__.py","38","2026/8/12 下午 05:44:54"
"C:\Users\TUF Gaming\Desktop\我的專案\財富密碼\LOCAL-AI-STUDIO\_trainlib\diffusers\experimental\rl\value_guided_sampling.py","6033","2026/8/12 下午 05:44:54"
"C:\Users\TUF Gaming\Desktop\我的專案\財富密碼\LOCAL-AI-STUDIO\_trainlib\diffusers\experimental\rl\__init__.py","57","2026/8/12 下午 05:44:54"
"C:\Users\TUF Gaming\Desktop\我的專案\財富密碼\LOCAL-AI-STUDIO\_trainlib\diffusers\experimental\rl\__pycache__\value_guided_sampling.cpython-313.pyc","8019","2026/8/12 下午 05:44:55"
"C:\Users\TUF Gaming\Desktop\我的專案\財富密碼\LOCAL-AI-STUDIO\_trainlib\diffusers\experimental\rl\__pycache__\__init__.cpython-313.pyc","274","2026/8/12 下午 05:44:55"
"C:\Users\TUF Gaming\Desktop\我的專案\財富密碼\LOCAL-AI-STUDIO\_trainlib\diffusers\experimental\__pycache__\__init__.cpython-313.pyc","252","2026/8/12 下午 05:44:55"
"C:\Users\TUF Gaming\Desktop\我的專案\財富密碼\LOCAL-AI-STUDIO\_trainlib\diffusers\guiders\adaptive_projected_guidance.py","10595","2026/8/12 下午 05:44:54"
"C:\Users\TUF Gaming\Desktop\我的專案\財富密碼\LOCAL-AI-STUDIO\_trainlib\diffusers\guiders\adaptive_projected_guidance_mix.py","12467","2026/8/12 下午 05:44:54"
"C:\Users\TUF Gaming\Desktop\我的專案\財富密碼\LOCAL-AI-STUDIO\_trainlib\diffusers\guiders\auto_guidance.py","9363","2026/8/12 下午 05:44:54"
"C:\Users\TUF Gaming\Desktop\我的專案\財富密碼\LOCAL-AI-STUDIO\_trainlib\diffusers\guiders\classifier_free_guidance.py","6348","2026/8/12 下午 05:44:54"
"C:\Users\TUF Gaming\Desktop\我的專案\財富密碼\LOCAL-AI-STUDIO\_trainlib\diffusers\guiders\classifier_free_zero_star_guidance.py","7097","2026/8/12 下午 05:44:54"
"C:\Users\TUF Gaming\Desktop\我的專案\財富密碼\LOCAL-AI-STUDIO\_trainlib\diffusers\guiders\frequency_decoupled_guidance.py","17353","2026/8/12 下午 05:44:54"
"C:\Users\TUF Gaming\Desktop\我的專案\財富密碼\LOCAL-AI-STUDIO\_trainlib\diffusers\guiders\guider_utils.py","18045","2026/8/12 下午 05:44:54"
"C:\Users\TUF Gaming\Desktop\我的專案\財富密碼\LOCAL-AI-STUDIO\_trainlib\diffusers\guiders\magnitude_aware_guidance.py","6413","2026/8/12 下午 05:44:54"
"C:\Users\TUF Gaming\Desktop\我的專案\財富密碼\LOCAL-AI-STUDIO\_trainlib\diffusers\guiders\perturbed_attention_guidance.py","14195","2026/8/12 下午 05:44:54"
"C:\Users\TUF Gaming\Desktop\我的專案\財富密碼\LOCAL-AI-STUDIO\_trainlib\diffusers\guiders\skip_layer_guidance.py","13747","2026/8/12 下午 05:44:54"
"C:\Users\TUF Gaming\Desktop\我的專案\財富密碼\LOCAL-AI-STUDIO\_trainlib\diffusers\guiders\smoothed_energy_guidance.py","13280","2026/8/12 下午 05:44:54"
"C:\Users\TUF Gaming\Desktop\我的專案\財富密碼\LOCAL-AI-STUDIO\_trainlib\diffusers\guiders\tangential_classifier_free_guidance.py","6172","2026/8/12 下午 05:44:54"
"C:\Users\TUF Gaming\Desktop\我的專案\財富密碼\LOCAL-AI-STUDIO\_trainlib\diffusers\guiders\__init__.py","1484","2026/8/12 下午 05:44:54"
"C:\Users\TUF Gaming\Desktop\我的專案\財富密碼\LOCAL-AI-STUDIO\_trainlib\diffusers\guiders\__pycache__\adaptive_projected_guidance.cpython-313.pyc","13107","2026/8/12 下午 05:44:55"
"C:\Users\TUF Gaming\Desktop\我的專案\財富密碼\LOCAL-AI-STUDIO\_trainlib\diffusers\guiders\__pycache__\adaptive_projected_guidance_mix.cpython-313.pyc","14990","2026/8/12 下午 05:44:55"
"C:\Users\TUF Gaming\Desktop\我的專案\財富密碼\LOCAL-AI-STUDIO\_trainlib\diffusers\guiders\__pycache__\auto_guidance.cpython-313.pyc","10581","2026/8/12 下午 05:44:55"
"C:\Users\TUF Gaming\Desktop\我的專案\財富密碼\LOCAL-AI-STUDIO\_trainlib\diffusers\guiders\__pycache__\classifier_free_guidance.cpython-313.pyc","7240","2026/8/12 下午 05:44:55"
"C:\Users\TUF Gaming\Desktop\我的專案\財富密碼\LOCAL-AI-STUDIO\_trainlib\diffusers\guiders\__pycache__\classifier_free_zero_star_guidance.cpython-313.pyc","8351","2026/8/12 下午 05:44:55"
"C:\Users\TUF Gaming\Desktop\我的專案\財富密碼\LOCAL-AI-STUDIO\_trainlib\diffusers\guiders\__pycache__\frequency_decoupled_guidance.cpython-313.pyc","17412","2026/8/12 下午 05:44:55"
"C:\Users\TUF Gaming\Desktop\我的專案\財富密碼\LOCAL-AI-STUDIO\_trainlib\diffusers\guiders\__pycache__\guider_utils.cpython-313.pyc","18675","2026/8/12 下午 05:44:55"
"C:\Users\TUF Gaming\Desktop\我的專案\財富密碼\LOCAL-AI-STUDIO\_trainlib\diffusers\guiders\__pycache__\magnitude_aware_guidance.cpython-313.pyc","7732","2026/8/12 下午 05:44:55"
"C:\Users\TUF Gaming\Desktop\我的專案\財富密碼\LOCAL-AI-STUDIO\_trainlib\diffusers\guiders\__pycache__\perturbed_attention_guidance.cpython-313.pyc","14054","2026/8/12 下午 05:44:55"
"C:\Users\TUF Gaming\Desktop\我的專案\財富密碼\LOCAL-AI-STUDIO\_trainlib\diffusers\guiders\__pycache__\skip_layer_guidance.cpython-313.pyc","14656","2026/8/12 下午 05:44:55"
"C:\Users\TUF Gaming\Desktop\我的專案\財富密碼\LOCAL-AI-STUDIO\_trainlib\diffusers\guiders\__pycache__\smoothed_energy_guidance.cpython-313.pyc","14363","2026/8/12 下午 05:44:55"
"C:\Users\TUF Gaming\Desktop\我的專案\財富密碼\LOCAL-AI-STUDIO\_trainlib\diffusers\guiders\__pycache__\tangential_classifier_free_guidance.cpython-313.pyc","7776","2026/8/12 下午 05:44:55"
"C:\Users\TUF Gaming\Desktop\我的專案\財富密碼\LOCAL-AI-STUDIO\_trainlib\diffusers\guiders\__pycache__\__init__.cpython-313.pyc","1199","2026/8/12 下午 05:44:55"
"C:\Users\TUF Gaming\Desktop\我的專案\財富密碼\LOCAL-AI-STUDIO\_trainlib\diffusers\hooks\context_parallel.py","16501","2026/8/12 下午 05:44:54"
"C:\Users\TUF Gaming\Desktop\我的專案\財富密碼\LOCAL-AI-STUDIO\_trainlib\diffusers\hooks\faster_cache.py","35030","2026/8/12 下午 05:44:54"
"C:\Users\TUF Gaming\Desktop\我的專案\財富密碼\LOCAL-AI-STUDIO\_trainlib\diffusers\hooks\first_block_cache.py","11270","2026/8/12 下午 05:44:54"
"C:\Users\TUF Gaming\Desktop\我的專案\財富密碼\LOCAL-AI-STUDIO\_trainlib\diffusers\hooks\group_offloading.py","50891","2026/8/12 下午 05:44:54"
"C:\Users\TUF Gaming\Desktop\我的專案\財富密碼\LOCAL-AI-STUDIO\_trainlib\diffusers\hooks\hooks.py","11913","2026/8/12 下午 05:44:54"
"C:\Users\TUF Gaming\Desktop\我的專案\財富密碼\LOCAL-AI-STUDIO\_trainlib\diffusers\hooks\layerwise_casting.py","10420","2026/8/12 下午 05:44:54"
"C:\Users\TUF Gaming\Desktop\我的專案\財富密碼\LOCAL-AI-STUDIO\_trainlib\diffusers\hooks\layer_skip.py","11919","2026/8/12 下午 05:44:54"
"C:\Users\TUF Gaming\Desktop\我的專案\財富密碼\LOCAL-AI-STUDIO\_trainlib\diffusers\hooks\mag_cache.py","18521","2026/8/12 下午 05:44:54"
"C:\Users\TUF Gaming\Desktop\我的專案\財富密碼\LOCAL-AI-STUDIO\_trainlib\diffusers\hooks\pyramid_attention_broadcast.py","15540","2026/8/12 下午 05:44:54"
"C:\Users\TUF Gaming\Desktop\我的專案\財富密碼\LOCAL-AI-STUDIO\_trainlib\diffusers\hooks\smoothed_energy_guidance_utils.py","7391","2026/8/12 下午 05:44:54"
"C:\Users\TUF Gaming\Desktop\我的專案\財富密碼\LOCAL-AI-STUDIO\_trainlib\diffusers\hooks\taylorseer_cache.py","14155","2026/8/12 下午 05:44:54"
"C:\Users\TUF Gaming\Desktop\我的專案\財富密碼\LOCAL-AI-STUDIO\_trainlib\diffusers\hooks\text_kv_cache.py","6388","2026/8/12 下午 05:44:54"
"C:\Users\TUF Gaming\Desktop\我的專案\財富密碼\LOCAL-AI-STUDIO\_trainlib\diffusers\hooks\utils.py","1848","2026/8/12 下午 05:44:54"
"C:\Users\TUF Gaming\Desktop\我的專案\財富密碼\LOCAL-AI-STUDIO\_trainlib\diffusers\hooks\_common.py","2162","2026/8/12 下午 05:44:54"
"C:\Users\TUF Gaming\Desktop\我的專案\財富密碼\LOCAL-AI-STUDIO\_trainlib\diffusers\hooks\_helpers.py","14783","2026/8/12 下午 05:44:54"
"C:\Users\TUF Gaming\Desktop\我的專案\財富密碼\LOCAL-AI-STUDIO\_trainlib\diffusers\hooks\__init__.py","1533","2026/8/12 下午 05:44:54"
"C:\Users\TUF Gaming\Desktop\我的專案\財富密碼\LOCAL-AI-STUDIO\_trainlib\diffusers\hooks\__pycache__\context_parallel.cpython-313.pyc","23375","2026/8/12 下午 05:44:55"
"C:\Users\TUF Gaming\Desktop\我的專案\財富密碼\LOCAL-AI-STUDIO\_trainlib\diffusers\hooks\__pycache__\faster_cache.cpython-313.pyc","35528","2026/8/12 下午 05:44:55"
"C:\Users\TUF Gaming\Desktop\我的專案\財富密碼\LOCAL-AI-STUDIO\_trainlib\diffusers\hooks\__pycache__\first_block_cache.cpython-313.pyc","12715","2026/8/12 下午 05:44:55"
"C:\Users\TUF Gaming\Desktop\我的專案\財富密碼\LOCAL-AI-STUDIO\_trainlib\diffusers\hooks\__pycache__\group_offloading.cpython-313.pyc","53367","2026/8/12 下午 05:44:55"
"C:\Users\TUF Gaming\Desktop\我的專案\財富密碼\LOCAL-AI-STUDIO\_trainlib\diffusers\hooks\__pycache__\hooks.cpython-313.pyc","16408","2026/8/12 下午 05:44:55"
"C:\Users\TUF Gaming\Desktop\我的專案\財富密碼\LOCAL-AI-STUDIO\_trainlib\diffusers\hooks\__pycache__\layerwise_casting.cpython-313.pyc","12105","2026/8/12 下午 05:44:55"
"C:\Users\TUF Gaming\Desktop\我的專案\財富密碼\LOCAL-AI-STUDIO\_trainlib\diffusers\hooks\__pycache__\layer_skip.cpython-313.pyc","14898","2026/8/12 下午 05:44:55"
"C:\Users\TUF Gaming\Desktop\我的專案\財富密碼\LOCAL-AI-STUDIO\_trainlib\diffusers\hooks\__pycache__\mag_cache.cpython-313.pyc","20356","2026/8/12 下午 05:44:55"
"C:\Users\TUF Gaming\Desktop\我的專案\財富密碼\LOCAL-AI-STUDIO\_trainlib\diffusers\hooks\__pycache__\pyramid_attention_broadcast.cpython-313.pyc","17064","2026/8/12 下午 05:44:55"
"C:\Users\TUF Gaming\Desktop\我的專案\財富密碼\LOCAL-AI-STUDIO\_trainlib\diffusers\hooks\__pycache__\smoothed_energy_guidance_utils.cpython-313.pyc","8964","2026/8/12 下午 05:44:55"
"C:\Users\TUF Gaming\Desktop\我的專案\財富密碼\LOCAL-AI-STUDIO\_trainlib\diffusers\hooks\__pycache__\taylorseer_cache.cpython-313.pyc","17697","2026/8/12 下午 05:44:55"
"C:\Users\TUF Gaming\Desktop\我的專案\財富密碼\LOCAL-AI-STUDIO\_trainlib\diffusers\hooks\__pycache__\text_kv_cache.cpython-313.pyc","8462","2026/8/12 下午 05:44:55"
"C:\Users\TUF Gaming\Desktop\我的專案\財富密碼\LOCAL-AI-STUDIO\_trainlib\diffusers\hooks\__pycache__\utils.cpython-313.pyc","2289","2026/8/12 下午 05:44:55"
"C:\Users\TUF Gaming\Desktop\我的專案\財富密碼\LOCAL-AI-STUDIO\_trainlib\diffusers\hooks\__pycache__\_common.cpython-313.pyc","1944","2026/8/12 下午 05:44:55"
"C:\Users\TUF Gaming\Desktop\我的專案\財富密碼\LOCAL-AI-STUDIO\_trainlib\diffusers\hooks\__pycache__\_helpers.cpython-313.pyc","11353","2026/8/12 下午 05:44:55"
"C:\Users\TUF Gaming\Desktop\我的專案\財富密碼\LOCAL-AI-STUDIO\_trainlib\diffusers\hooks\__pycache__\__init__.cpython-313.pyc","1322","2026/8/12 下午 05:44:55"
"C:\Users\TUF Gaming\Desktop\我的專案\財富密碼\LOCAL-AI-STUDIO\_trainlib\diffusers\loaders\ip_adapter.py","57113","2026/8/12 下午 05:44:54"
"C:\Users\TUF Gaming\Desktop\我的專案\財富密碼\LOCAL-AI-STUDIO\_trainlib\diffusers\loaders\lora_base.py","46365","2026/8/12 下午 05:44:54"
"C:\Users\TUF Gaming\Desktop\我的專案\財富密碼\LOCAL-AI-STUDIO\_trainlib\diffusers\loaders\lora_conversion_utils.py","148843","2026/8/12 下午 05:44:54"
"C:\Users\TUF Gaming\Desktop\我的專案\財富密碼\LOCAL-AI-STUDIO\_trainlib\diffusers\loaders\lora_pipeline.py","292196","2026/8/12 下午 05:44:54"
"C:\Users\TUF Gaming\Desktop\我的專案\財富密碼\LOCAL-AI-STUDIO\_trainlib\diffusers\loaders\peft.py","38758","2026/8/12 下午 05:44:54"
"C:\Users\TUF Gaming\Desktop\我的專案\財富密碼\LOCAL-AI-STUDIO\_trainlib\diffusers\loaders\single_file.py","24997","2026/8/12 下午 05:44:54"
"C:\Users\TUF Gaming\Desktop\我的專案\財富密碼\LOCAL-AI-STUDIO\_trainlib\diffusers\loaders\single_file_model.py","24855","2026/8/12 下午 05:44:54"
"C:\Users\TUF Gaming\Desktop\我的專案\財富密碼\LOCAL-AI-STUDIO\_trainlib\diffusers\loaders\single_file_utils.py","187570","2026/8/12 下午 05:44:54"
"C:\Users\TUF Gaming\Desktop\我的專案\財富密碼\LOCAL-AI-STUDIO\_trainlib\diffusers\loaders\textual_inversion.py","27765","2026/8/12 下午 05:44:54"
"C:\Users\TUF Gaming\Desktop\我的專案\財富密碼\LOCAL-AI-STUDIO\_trainlib\diffusers\loaders\transformer_flux.py","8021","2026/8/12 下午 05:44:54"
"C:\Users\TUF Gaming\Desktop\我的專案\財富密碼\LOCAL-AI-STUDIO\_trainlib\diffusers\loaders\transformer_sd3.py","8612","2026/8/12 下午 05:44:54"
"C:\Users\TUF Gaming\Desktop\我的專案\財富密碼\LOCAL-AI-STUDIO\_trainlib\diffusers\loaders\unet.py","45779","2026/8/12 下午 05:44:54"
"C:\Users\TUF Gaming\Desktop\我的專案\財富密碼\LOCAL-AI-STUDIO\_trainlib\diffusers\loaders\unet_loader_utils.py","6228","2026/8/12 下午 05:44:54"
"C:\Users\TUF Gaming\Desktop\我的專案\財富密碼\LOCAL-AI-STUDIO\_trainlib\diffusers\loaders\utils.py","2399","2026/8/12 下午 05:44:54"
"C:\Users\TUF Gaming\Desktop\我的專案\財富密碼\LOCAL-AI-STUDIO\_trainlib\diffusers\loaders\__init__.py","6292","2026/8/12 下午 05:44:54"
"C:\Users\TUF Gaming\Desktop\我的專案\財富密碼\LOCAL-AI-STUDIO\_trainlib\diffusers\loaders\__pycache__\ip_adapter.cpython-313.pyc","49021","2026/8/12 下午 05:44:55"
"C:\Users\TUF Gaming\Desktop\我的專案\財富密碼\LOCAL-AI-STUDIO\_trainlib\diffusers\loaders\__pycache__\lora_base.cpython-313.pyc","45381","2026/8/12 下午 05:44:55"
"C:\Users\TUF Gaming\Desktop\我的專案\財富密碼\LOCAL-AI-STUDIO\_trainlib\diffusers\loaders\__pycache__\lora_conversion_utils.cpython-313.pyc","142075","2026/8/12 下午 05:44:55"
"C:\Users\TUF Gaming\Desktop\我的專案\財富密碼\LOCAL-AI-STUDIO\_trainlib\diffusers\loaders\__pycache__\lora_pipeline.cpython-313.pyc","190483","2026/8/12 下午 05:44:55"
"C:\Users\TUF Gaming\Desktop\我的專案\財富密碼\LOCAL-AI-STUDIO\_trainlib\diffusers\loaders\__pycache__\peft.cpython-313.pyc","34822","2026/8/12 下午 05:44:55"
"C:\Users\TUF Gaming\Desktop\我的專案\財富密碼\LOCAL-AI-STUDIO\_trainlib\diffusers\loaders\__pycache__\single_file.cpython-313.pyc","20337","2026/8/12 下午 05:44:55"
"C:\Users\TUF Gaming\Desktop\我的專案\財富密碼\LOCAL-AI-STUDIO\_trainlib\diffusers\loaders\__pycache__\single_file_model.cpython-313.pyc","19532","2026/8/12 下午 05:44:55"
"C:\Users\TUF Gaming\Desktop\我的專案\財富密碼\LOCAL-AI-STUDIO\_trainlib\diffusers\loaders\__pycache__\single_file_utils.cpython-313.pyc","178094","2026/8/12 下午 05:44:55"
"C:\Users\TUF Gaming\Desktop\我的專案\財富密碼\LOCAL-AI-STUDIO\_trainlib\diffusers\loaders\__pycache__\textual_inversion.cpython-313.pyc","26262","2026/8/12 下午 05:44:55"
"C:\Users\TUF Gaming\Desktop\我的專案\財富密碼\LOCAL-AI-STUDIO\_trainlib\diffusers\loaders\__pycache__\transformer_flux.cpython-313.pyc","6903","2026/8/12 下午 05:44:55"
"C:\Users\TUF Gaming\Desktop\我的專案\財富密碼\LOCAL-AI-STUDIO\_trainlib\diffusers\loaders\__pycache__\transformer_sd3.cpython-313.pyc","8127","2026/8/12 下午 05:44:55"
"C:\Users\TUF Gaming\Desktop\我的專案\財富密碼\LOCAL-AI-STUDIO\_trainlib\diffusers\loaders\__pycache__\unet.cpython-313.pyc","39648","2026/8/12 下午 05:44:55"
"C:\Users\TUF Gaming\Desktop\我的專案\財富密碼\LOCAL-AI-STUDIO\_trainlib\diffusers\loaders\__pycache__\unet_loader_utils.cpython-313.pyc","6631","2026/8/12 下午 05:44:55"
"C:\Users\TUF Gaming\Desktop\我的專案\財富密碼\LOCAL-AI-STUDIO\_trainlib\diffusers\loaders\__pycache__\utils.cpython-313.pyc","3259","2026/8/12 下午 05:44:55"
"C:\Users\TUF Gaming\Desktop\我的專案\財富密碼\LOCAL-AI-STUDIO\_trainlib\diffusers\loaders\__pycache__\__init__.cpython-313.pyc","5558","2026/8/12 下午 05:44:55"
"C:\Users\TUF Gaming\Desktop\我的專案\財富密碼\LOCAL-AI-STUDIO\_trainlib\diffusers\models\activations.py","6511","2026/8/12 下午 05:44:54"
"C:\Users\TUF Gaming\Desktop\我的專案\財富密碼\LOCAL-AI-STUDIO\_trainlib\diffusers\models\adapter.py","25058","2026/8/12 下午 05:44:54"
"C:\Users\TUF Gaming\Desktop\我的專案\財富密碼\LOCAL-AI-STUDIO\_trainlib\diffusers\models\attention.py","73696","2026/8/12 下午 05:44:54"
"C:\Users\TUF Gaming\Desktop\我的專案\財富密碼\LOCAL-AI-STUDIO\_trainlib\diffusers\models\attention_dispatch.py","139609","2026/8/12 下午 05:44:54"
"C:\Users\TUF Gaming\Desktop\我的專案\財富密碼\LOCAL-AI-STUDIO\_trainlib\diffusers\models\attention_flax.py","21531","2026/8/12 下午 05:44:54"
"C:\Users\TUF Gaming\Desktop\我的專案\財富密碼\LOCAL-AI-STUDIO\_trainlib\diffusers\models\attention_processor.py","239322","2026/8/12 下午 05:44:54"
"C:\Users\TUF Gaming\Desktop\我的專案\財富密碼\LOCAL-AI-STUDIO\_trainlib\diffusers\models\auto_model.py","17931","2026/8/12 下午 05:44:54"
"C:\Users\TUF Gaming\Desktop\我的專案\財富密碼\LOCAL-AI-STUDIO\_trainlib\diffusers\models\cache_utils.py","6875","2026/8/12 下午 05:44:54"
"C:\Users\TUF Gaming\Desktop\我的專案\財富密碼\LOCAL-AI-STUDIO\_trainlib\diffusers\models\downsampling.py","15831","2026/8/12 下午 05:44:54"
"C:\Users\TUF Gaming\Desktop\我的專案\財富密碼\LOCAL-AI-STUDIO\_trainlib\diffusers\models\embeddings.py","104234","2026/8/12 下午 05:44:54"
"C:\Users\TUF Gaming\Desktop\我的專案\財富密碼\LOCAL-AI-STUDIO\_trainlib\diffusers\models\embeddings_flax.py","4826","2026/8/12 下午 05:44:54"
"C:\Users\TUF Gaming\Desktop\我的專案\財富密碼\LOCAL-AI-STUDIO\_trainlib\diffusers\models\lora.py","18761","2026/8/12 下午 05:44:54"
"C:\Users\TUF Gaming\Desktop\我的專案\財富密碼\LOCAL-AI-STUDIO\_trainlib\diffusers\models\modeling_flax_pytorch_utils.py","5332","2026/8/12 下午 05:44:54"
"C:\Users\TUF Gaming\Desktop\我的專案\財富密碼\LOCAL-AI-STUDIO\_trainlib\diffusers\models\modeling_flax_utils.py","27086","2026/8/12 下午 05:44:54"
"C:\Users\TUF Gaming\Desktop\我的專案\財富密碼\LOCAL-AI-STUDIO\_trainlib\diffusers\models\modeling_outputs.py","1042","2026/8/12 下午 05:44:54"
"C:\Users\TUF Gaming\Desktop\我的專案\財富密碼\LOCAL-AI-STUDIO\_trainlib\diffusers\models\modeling_pytorch_flax_utils.py","6973","2026/8/12 下午 05:44:54"
"C:\Users\TUF Gaming\Desktop\我的專案\財富密碼\LOCAL-AI-STUDIO\_trainlib\diffusers\models\modeling_utils.py","101260","2026/8/12 下午 05:44:54"
"C:\Users\TUF Gaming\Desktop\我的專案\財富密碼\LOCAL-AI-STUDIO\_trainlib\diffusers\models\model_loading_utils.py","30459","2026/8/12 下午 05:44:54"
"C:\Users\TUF Gaming\Desktop\我的專案\財富密碼\LOCAL-AI-STUDIO\_trainlib\diffusers\models\normalization.py","24518","2026/8/12 下午 05:44:54"
"C:\Users\TUF Gaming\Desktop\我的專案\財富密碼\LOCAL-AI-STUDIO\_trainlib\diffusers\models\resnet.py","32512","2026/8/12 下午 05:44:54"
"C:\Users\TUF Gaming\Desktop\我的專案\財富密碼\LOCAL-AI-STUDIO\_trainlib\diffusers\models\resnet_flax.py","4732","2026/8/12 下午 05:44:54"
"C:\Users\TUF Gaming\Desktop\我的專案\財富密碼\LOCAL-AI-STUDIO\_trainlib\diffusers\models\upsampling.py","19568","2026/8/12 下午 05:44:54"
"C:\Users\TUF Gaming\Desktop\我的專案\財富密碼\LOCAL-AI-STUDIO\_trainlib\diffusers\models\vae_flax.py","34160","2026/8/12 下午 05:44:54"
"C:\Users\TUF Gaming\Desktop\我的專案\財富密碼\LOCAL-AI-STUDIO\_trainlib\diffusers\models\vq_model.py","1524","2026/8/12 下午 05:44:54"
"C:\Users\TUF Gaming\Desktop\我的專案\財富密碼\LOCAL-AI-STUDIO\_trainlib\diffusers\models\_modeling_parallel.py","14932","2026/8/12 下午 05:44:54"
"C:\Users\TUF Gaming\Desktop\我的專案\財富密碼\LOCAL-AI-STUDIO\_trainlib\diffusers\models\__init__.py","17357","2026/8/12 下午 05:44:54"
"C:\Users\TUF Gaming\Desktop\我的專案\財富密碼\LOCAL-AI-STUDIO\_trainlib\diffusers\models\autoencoders\autoencoder_asym_kl.py","8049","2026/8/12 下午 05:44:54"
"C:\Users\TUF Gaming\Desktop\我的專案\財富密碼\LOCAL-AI-STUDIO\_trainlib\diffusers\models\autoencoders\autoencoder_cosmos3_audio.py","28314","2026/8/12 下午 05:44:54"
"C:\Users\TUF Gaming\Desktop\我的專案\財富密碼\LOCAL-AI-STUDIO\_trainlib\diffusers\models\autoencoders\autoencoder_dc.py","30773","2026/8/12 下午 05:44:54"
"C:\Users\TUF Gaming\Desktop\我的專案\財富密碼\LOCAL-AI-STUDIO\_trainlib\diffusers\models\autoencoders\autoencoder_kl.py","21575","2026/8/12 下午 05:44:54"
"C:\Users\TUF Gaming\Desktop\我的專案\財富密碼\LOCAL-AI-STUDIO\_trainlib\diffusers\models\autoencoders\autoencoder_kl_allegro.py","44179","2026/8/12 下午 05:44:54"
"C:\Users\TUF Gaming\Desktop\我的專案\財富密碼\LOCAL-AI-STUDIO\_trainlib\diffusers\models\autoencoders\autoencoder_kl_cogvideox.py","60247","2026/8/12 下午 05:44:54"
"C:\Users\TUF Gaming\Desktop\我的專案\財富密碼\LOCAL-AI-STUDIO\_trainlib\diffusers\models\autoencoders\autoencoder_kl_cosmos.py","53662","2026/8/12 下午 05:44:54"
"C:\Users\TUF Gaming\Desktop\我的專案\財富密碼\LOCAL-AI-STUDIO\_trainlib\diffusers\models\autoencoders\autoencoder_kl_flux2.py","21392","2026/8/12 下午 05:44:54"
"C:\Users\TUF Gaming\Desktop\我的專案\財富密碼\LOCAL-AI-STUDIO\_trainlib\diffusers\models\autoencoders\autoencoder_kl_hunyuanimage.py","26311","2026/8/12 下午 05:44:54"
"C:\Users\TUF Gaming\Desktop\我的專案\財富密碼\LOCAL-AI-STUDIO\_trainlib\diffusers\models\autoencoders\autoencoder_kl_hunyuanimage_refiner.py","37185","2026/8/12 下午 05:44:54"
"C:\Users\TUF Gaming\Desktop\我的專案\財富密碼\LOCAL-AI-STUDIO\_trainlib\diffusers\models\autoencoders\autoencoder_kl_hunyuanvideo15.py","37931","2026/8/12 下午 05:44:54"
"C:\Users\TUF Gaming\Desktop\我的專案\財富密碼\LOCAL-AI-STUDIO\_trainlib\diffusers\models\autoencoders\autoencoder_kl_hunyuan_video.py","44965","2026/8/12 下午 05:44:54"
"C:\Users\TUF Gaming\Desktop\我的專案\財富密碼\LOCAL-AI-STUDIO\_trainlib\diffusers\models\autoencoders\autoencoder_kl_kvae.py","30149","2026/8/12 下午 05:44:54"
"C:\Users\TUF Gaming\Desktop\我的專案\財富密碼\LOCAL-AI-STUDIO\_trainlib\diffusers\models\autoencoders\autoencoder_kl_kvae_video.py","36106","2026/8/12 下午 05:44:54"
"C:\Users\TUF Gaming\Desktop\我的專案\財富密碼\LOCAL-AI-STUDIO\_trainlib\diffusers\models\autoencoders\autoencoder_kl_ltx.py","64388","2026/8/12 下午 05:44:54"
"C:\Users\TUF Gaming\Desktop\我的專案\財富密碼\LOCAL-AI-STUDIO\_trainlib\diffusers\models\autoencoders\autoencoder_kl_ltx2.py","67275","2026/8/12 下午 05:44:54"
"C:\Users\TUF Gaming\Desktop\我的專案\財富密碼\LOCAL-AI-STUDIO\_trainlib\diffusers\models\autoencoders\autoencoder_kl_ltx2_audio.py","31531","2026/8/12 下午 05:44:54"
"C:\Users\TUF Gaming\Desktop\我的專案\財富密碼\LOCAL-AI-STUDIO\_trainlib\diffusers\models\autoencoders\autoencoder_kl_magvit.py","44622","2026/8/12 下午 05:44:54"
"C:\Users\TUF Gaming\Desktop\我的專案\財富密碼\LOCAL-AI-STUDIO\_trainlib\diffusers\models\autoencoders\autoencoder_kl_mochi.py","46657","2026/8/12 下午 05:44:54"
"C:\Users\TUF Gaming\Desktop\我的專案\財富密碼\LOCAL-AI-STUDIO\_trainlib\diffusers\models\autoencoders\autoencoder_kl_qwenimage.py","42231","2026/8/12 下午 05:44:54"
"C:\Users\TUF Gaming\Desktop\我的專案\財富密碼\LOCAL-AI-STUDIO\_trainlib\diffusers\models\autoencoders\autoencoder_kl_temporal_decoder.py","12554","2026/8/12 下午 05:44:54"
"C:\Users\TUF Gaming\Desktop\我的專案\財富密碼\LOCAL-AI-STUDIO\_trainlib\diffusers\models\autoencoders\autoencoder_kl_wan.py","54261","2026/8/12 下午 05:44:54"
"C:\Users\TUF Gaming\Desktop\我的專案\財富密碼\LOCAL-AI-STUDIO\_trainlib\diffusers\models\autoencoders\autoencoder_longcat_audio_dit.py","16039","2026/8/12 下午 05:44:54"
"C:\Users\TUF Gaming\Desktop\我的專案\財富密碼\LOCAL-AI-STUDIO\_trainlib\diffusers\models\autoencoders\autoencoder_oobleck.py","21001","2026/8/12 下午 05:44:54"
"C:\Users\TUF Gaming\Desktop\我的專案\財富密碼\LOCAL-AI-STUDIO\_trainlib\diffusers\models\autoencoders\autoencoder_rae.py","29414","2026/8/12 下午 05:44:54"
"C:\Users\TUF Gaming\Desktop\我的專案\財富密碼\LOCAL-AI-STUDIO\_trainlib\diffusers\models\autoencoders\autoencoder_tiny.py","14797","2026/8/12 下午 05:44:54"
"C:\Users\TUF Gaming\Desktop\我的專案\財富密碼\LOCAL-AI-STUDIO\_trainlib\diffusers\models\autoencoders\autoencoder_vidtok.py","64486","2026/8/12 下午 05:44:54"
"C:\Users\TUF Gaming\Desktop\我的專案\財富密碼\LOCAL-AI-STUDIO\_trainlib\diffusers\models\autoencoders\consistency_decoder_vae.py","15440","2026/8/12 下午 05:44:54"
"C:\Users\TUF Gaming\Desktop\我的專案\財富密碼\LOCAL-AI-STUDIO\_trainlib\diffusers\models\autoencoders\vae.py","33990","2026/8/12 下午 05:44:54"
"C:\Users\TUF Gaming\Desktop\我的專案\財富密碼\LOCAL-AI-STUDIO\_trainlib\diffusers\models\autoencoders\vq_model.py","7893","2026/8/12 下午 05:44:54"
"C:\Users\TUF Gaming\Desktop\我的專案\財富密碼\LOCAL-AI-STUDIO\_trainlib\diffusers\models\autoencoders\__init__.py","1640","2026/8/12 下午 05:44:54"
"C:\Users\TUF Gaming\Desktop\我的專案\財富密碼\LOCAL-AI-STUDIO\_trainlib\diffusers\models\autoencoders\__pycache__\autoencoder_asym_kl.cpython-313.pyc","8508","2026/8/12 下午 05:44:55"
"C:\Users\TUF Gaming\Desktop\我的專案\財富密碼\LOCAL-AI-STUDIO\_trainlib\diffusers\models\autoencoders\__pycache__\autoencoder_cosmos3_audio.cpython-313.pyc","33229","2026/8/12 下午 05:44:55"
"C:\Users\TUF Gaming\Desktop\我的專案\財富密碼\LOCAL-AI-STUDIO\_trainlib\diffusers\models\autoencoders\__pycache__\autoencoder_dc.cpython-313.pyc","33771","2026/8/12 下午 05:44:55"
"C:\Users\TUF Gaming\Desktop\我的專案\財富密碼\LOCAL-AI-STUDIO\_trainlib\diffusers\models\autoencoders\__pycache__\autoencoder_kl.cpython-313.pyc","24414","2026/8/12 下午 05:44:55"
"C:\Users\TUF Gaming\Desktop\我的專案\財富密碼\LOCAL-AI-STUDIO\_trainlib\diffusers\models\autoencoders\__pycache__\autoencoder_kl_allegro.cpython-313.pyc","46041","2026/8/12 下午 05:44:55"
"C:\Users\TUF Gaming\Desktop\我的專案\財富密碼\LOCAL-AI-STUDIO\_trainlib\diffusers\models\autoencoders\__pycache__\autoencoder_kl_cogvideox.cpython-313.pyc","57852","2026/8/12 下午 05:44:55"
"C:\Users\TUF Gaming\Desktop\我的專案\財富密碼\LOCAL-AI-STUDIO\_trainlib\diffusers\models\autoencoders\__pycache__\autoencoder_kl_cosmos.cpython-313.pyc","58638","2026/8/12 下午 05:44:55"
"C:\Users\TUF Gaming\Desktop\我的專案\財富密碼\LOCAL-AI-STUDIO\_trainlib\diffusers\models\autoencoders\__pycache__\autoencoder_kl_flux2.cpython-313.pyc","24129","2026/8/12 下午 05:44:55"
"C:\Users\TUF Gaming\Desktop\我的專案\財富密碼\LOCAL-AI-STUDIO\_trainlib\diffusers\models\autoencoders\__pycache__\autoencoder_kl_hunyuanimage.cpython-313.pyc","32797","2026/8/12 下午 05:44:55"
"C:\Users\TUF Gaming\Desktop\我的專案\財富密碼\LOCAL-AI-STUDIO\_trainlib\diffusers\models\autoencoders\__pycache__\autoencoder_kl_hunyuanimage_refiner.cpython-313.pyc","43052","2026/8/12 下午 05:44:55"
"C:\Users\TUF Gaming\Desktop\我的專案\財富密碼\LOCAL-AI-STUDIO\_trainlib\diffusers\models\autoencoders\__pycache__\autoencoder_kl_hunyuanvideo15.cpython-313.pyc","45144","2026/8/12 下午 05:44:55"
"C:\Users\TUF Gaming\Desktop\我的專案\財富密碼\LOCAL-AI-STUDIO\_trainlib\diffusers\models\autoencoders\__pycache__\autoencoder_kl_hunyuan_video.cpython-313.pyc","47201","2026/8/12 下午 05:44:55"
"C:\Users\TUF Gaming\Desktop\我的專案\財富密碼\LOCAL-AI-STUDIO\_trainlib\diffusers\models\autoencoders\__pycache__\autoencoder_kl_kvae.cpython-313.pyc","36097","2026/8/12 下午 05:44:55"
"C:\Users\TUF Gaming\Desktop\我的專案\財富密碼\LOCAL-AI-STUDIO\_trainlib\diffusers\models\autoencoders\__pycache__\autoencoder_kl_kvae_video.cpython-313.pyc","44671","2026/8/12 下午 05:44:55"
"C:\Users\TUF Gaming\Desktop\我的專案\財富密碼\LOCAL-AI-STUDIO\_trainlib\diffusers\models\autoencoders\__pycache__\autoencoder_kl_ltx.cpython-313.pyc","64729","2026/8/12 下午 05:44:55"
"C:\Users\TUF Gaming\Desktop\我的專案\財富密碼\LOCAL-AI-STUDIO\_trainlib\diffusers\models\autoencoders\__pycache__\autoencoder_kl_ltx2.cpython-313.pyc","66699","2026/8/12 下午 05:44:55"
"C:\Users\TUF Gaming\Desktop\我的專案\財富密碼\LOCAL-AI-STUDIO\_trainlib\diffusers\models\autoencoders\__pycache__\autoencoder_kl_ltx2_audio.cpython-313.pyc","36627","2026/8/12 下午 05:44:55"
"C:\Users\TUF Gaming\Desktop\我的專案\財富密碼\LOCAL-AI-STUDIO\_trainlib\diffusers\models\autoencoders\__pycache__\autoencoder_kl_magvit.cpython-313.pyc","43826","2026/8/12 下午 05:44:55"
"C:\Users\TUF Gaming\Desktop\我的專案\財富密碼\LOCAL-AI-STUDIO\_trainlib\diffusers\models\autoencoders\__pycache__\autoencoder_kl_mochi.cpython-313.pyc","48485","2026/8/12 下午 05:44:55"
"C:\Users\TUF Gaming\Desktop\我的專案\財富密碼\LOCAL-AI-STUDIO\_trainlib\diffusers\models\autoencoders\__pycache__\autoencoder_kl_qwenimage.cpython-313.pyc","51094","2026/8/12 下午 05:44:55"
"C:\Users\TUF Gaming\Desktop\我的專案\財富密碼\LOCAL-AI-STUDIO\_trainlib\diffusers\models\autoencoders\__pycache__\autoencoder_kl_temporal_decoder.cpython-313.pyc","13817","2026/8/12 下午 05:44:55"
"C:\Users\TUF Gaming\Desktop\我的專案\財富密碼\LOCAL-AI-STUDIO\_trainlib\diffusers\models\autoencoders\__pycache__\autoencoder_kl_wan.cpython-313.pyc","62587","2026/8/12 下午 05:44:55"
"C:\Users\TUF Gaming\Desktop\我的專案\財富密碼\LOCAL-AI-STUDIO\_trainlib\diffusers\models\autoencoders\__pycache__\autoencoder_longcat_audio_dit.cpython-313.pyc","21495","2026/8/12 下午 05:44:55"
"C:\Users\TUF Gaming\Desktop\我的專案\財富密碼\LOCAL-AI-STUDIO\_trainlib\diffusers\models\autoencoders\__pycache__\autoencoder_oobleck.cpython-313.pyc","26401","2026/8/12 下午 05:44:55"
"C:\Users\TUF Gaming\Desktop\我的專案\財富密碼\LOCAL-AI-STUDIO\_trainlib\diffusers\models\autoencoders\__pycache__\autoencoder_rae.cpython-313.pyc","34945","2026/8/12 下午 05:44:55"
"C:\Users\TUF Gaming\Desktop\我的專案\財富密碼\LOCAL-AI-STUDIO\_trainlib\diffusers\models\autoencoders\__pycache__\autoencoder_tiny.cpython-313.pyc","16285","2026/8/12 下午 05:44:55"
"C:\Users\TUF Gaming\Desktop\我的專案\財富密碼\LOCAL-AI-STUDIO\_trainlib\diffusers\models\autoencoders\__pycache__\autoencoder_vidtok.cpython-313.pyc","79309","2026/8/12 下午 05:44:55"
"C:\Users\TUF Gaming\Desktop\我的專案\財富密碼\LOCAL-AI-STUDIO\_trainlib\diffusers\models\autoencoders\__pycache__\consistency_decoder_vae.cpython-313.pyc","17670","2026/8/12 下午 05:44:55"
"C:\Users\TUF Gaming\Desktop\我的專案\財富密碼\LOCAL-AI-STUDIO\_trainlib\diffusers\models\autoencoders\__pycache__\vae.cpython-313.pyc","40465","2026/8/12 下午 05:44:55"
"C:\Users\TUF Gaming\Desktop\我的專案\財富密碼\LOCAL-AI-STUDIO\_trainlib\diffusers\models\autoencoders\__pycache__\vq_model.cpython-313.pyc","8358","2026/8/12 下午 05:44:55"
"C:\Users\TUF Gaming\Desktop\我的專案\財富密碼\LOCAL-AI-STUDIO\_trainlib\diffusers\models\autoencoders\__pycache__\__init__.cpython-313.pyc","2169","2026/8/12 下午 05:44:55"
"C:\Users\TUF Gaming\Desktop\我的專案\財富密碼\LOCAL-AI-STUDIO\_trainlib\diffusers\models\condition_embedders\condition_embedder_anima.py","14613","2026/8/12 下午 05:44:54"
"C:\Users\TUF Gaming\Desktop\我的專案\財富密碼\LOCAL-AI-STUDIO\_trainlib\diffusers\models\condition_embedders\__init__.py","130","2026/8/12 下午 05:44:54"
"C:\Users\TUF Gaming\Desktop\我的專案\財富密碼\LOCAL-AI-STUDIO\_trainlib\diffusers\models\condition_embedders\__pycache__\condition_embedder_anima.cpython-313.pyc","17215","2026/8/12 下午 05:44:55"
"C:\Users\TUF Gaming\Desktop\我的專案\財富密碼\LOCAL-AI-STUDIO\_trainlib\diffusers\models\condition_embedders\__pycache__\__init__.cpython-313.pyc","383","2026/8/12 下午 05:44:55"
"C:\Users\TUF Gaming\Desktop\我的專案\財富密碼\LOCAL-AI-STUDIO\_trainlib\diffusers\models\controlnets\controlnet.py","40305","2026/8/12 下午 05:44:54"
"C:\Users\TUF Gaming\Desktop\我的專案\財富密碼\LOCAL-AI-STUDIO\_trainlib\diffusers\models\controlnets\controlnet_cosmos.py","13070","2026/8/12 下午 05:44:54"
"C:\Users\TUF Gaming\Desktop\我的專案\財富密碼\LOCAL-AI-STUDIO\_trainlib\diffusers\models\controlnets\controlnet_flax.py","17117","2026/8/12 下午 05:44:54"
"C:\Users\TUF Gaming\Desktop\我的專案\財富密碼\LOCAL-AI-STUDIO\_trainlib\diffusers\models\controlnets\controlnet_flux.py","21667","2026/8/12 下午 05:44:54"
"C:\Users\TUF Gaming\Desktop\我的專案\財富密碼\LOCAL-AI-STUDIO\_trainlib\diffusers\models\controlnets\controlnet_hunyuan.py","16868","2026/8/12 下午 05:44:54"
"C:\Users\TUF Gaming\Desktop\我的專案\財富密碼\LOCAL-AI-STUDIO\_trainlib\diffusers\models\controlnets\controlnet_qwenimage.py","15708","2026/8/12 下午 05:44:54"
"C:\Users\TUF Gaming\Desktop\我的專案\財富密碼\LOCAL-AI-STUDIO\_trainlib\diffusers\models\controlnets\controlnet_sana.py","10666","2026/8/12 下午 05:44:54"
"C:\Users\TUF Gaming\Desktop\我的專案\財富密碼\LOCAL-AI-STUDIO\_trainlib\diffusers\models\controlnets\controlnet_sd3.py","21043","2026/8/12 下午 05:44:54"
"C:\Users\TUF Gaming\Desktop\我的專案\財富密碼\LOCAL-AI-STUDIO\_trainlib\diffusers\models\controlnets\controlnet_sparsectrl.py","35288","2026/8/12 下午 05:44:54"
"C:\Users\TUF Gaming\Desktop\我的專案\財富密碼\LOCAL-AI-STUDIO\_trainlib\diffusers\models\controlnets\controlnet_union.py","38753","2026/8/12 下午 05:44:54"
"C:\Users\TUF Gaming\Desktop\我的專案\財富密碼\LOCAL-AI-STUDIO\_trainlib\diffusers\models\controlnets\controlnet_xs.py","82186","2026/8/12 下午 05:44:54"
"C:\Users\TUF Gaming\Desktop\我的專案\財富密碼\LOCAL-AI-STUDIO\_trainlib\diffusers\models\controlnets\controlnet_z_image.py","35272","2026/8/12 下午 05:44:54"
"C:\Users\TUF Gaming\Desktop\我的專案\財富密碼\LOCAL-AI-STUDIO\_trainlib\diffusers\models\controlnets\multicontrolnet.py","11084","2026/8/12 下午 05:44:54"
"C:\Users\TUF Gaming\Desktop\我的專案\財富密碼\LOCAL-AI-STUDIO\_trainlib\diffusers\models\controlnets\multicontrolnet_union.py","12228","2026/8/12 下午 05:44:54"
"C:\Users\TUF Gaming\Desktop\我的專案\財富密碼\LOCAL-AI-STUDIO\_trainlib\diffusers\models\controlnets\__init__.py","1267","2026/8/12 下午 05:44:54"
"C:\Users\TUF Gaming\Desktop\我的專案\財富密碼\LOCAL-AI-STUDIO\_trainlib\diffusers\models\controlnets\__pycache__\controlnet.cpython-313.pyc","36947","2026/8/12 下午 05:44:56"
"C:\Users\TUF Gaming\Desktop\我的專案\財富密碼\LOCAL-AI-STUDIO\_trainlib\diffusers\models\controlnets\__pycache__\controlnet_cosmos.cpython-313.pyc","13153","2026/8/12 下午 05:44:56"
"C:\Users\TUF Gaming\Desktop\我的專案\財富密碼\LOCAL-AI-STUDIO\_trainlib\diffusers\models\controlnets\__pycache__\controlnet_flax.cpython-313.pyc","17107","2026/8/12 下午 05:44:56"
"C:\Users\TUF Gaming\Desktop\我的專案\財富密碼\LOCAL-AI-STUDIO\_trainlib\diffusers\models\controlnets\__pycache__\controlnet_flux.cpython-313.pyc","19580","2026/8/12 下午 05:44:56"
"C:\Users\TUF Gaming\Desktop\我的專案\財富密碼\LOCAL-AI-STUDIO\_trainlib\diffusers\models\controlnets\__pycache__\controlnet_hunyuan.cpython-313.pyc","14925","2026/8/12 下午 05:44:56"
"C:\Users\TUF Gaming\Desktop\我的專案\財富密碼\LOCAL-AI-STUDIO\_trainlib\diffusers\models\controlnets\__pycache__\controlnet_qwenimage.cpython-313.pyc","15138","2026/8/12 下午 05:44:56"
"C:\Users\TUF Gaming\Desktop\我的專案\財富密碼\LOCAL-AI-STUDIO\_trainlib\diffusers\models\controlnets\__pycache__\controlnet_sana.cpython-313.pyc","9129","2026/8/12 下午 05:44:56"
"C:\Users\TUF Gaming\Desktop\我的專案\財富密碼\LOCAL-AI-STUDIO\_trainlib\diffusers\models\controlnets\__pycache__\controlnet_sd3.cpython-313.pyc","20236","2026/8/12 下午 05:44:56"
"C:\Users\TUF Gaming\Desktop\我的專案\財富密碼\LOCAL-AI-STUDIO\_trainlib\diffusers\models\controlnets\__pycache__\controlnet_sparsectrl.cpython-313.pyc","33252","2026/8/12 下午 05:44:56"
"C:\Users\TUF Gaming\Desktop\我的專案\財富密碼\LOCAL-AI-STUDIO\_trainlib\diffusers\models\controlnets\__pycache__\controlnet_union.cpython-313.pyc","38146","2026/8/12 下午 05:44:56"
"C:\Users\TUF Gaming\Desktop\我的專案\財富密碼\LOCAL-AI-STUDIO\_trainlib\diffusers\models\controlnets\__pycache__\controlnet_xs.cpython-313.pyc","70543","2026/8/12 下午 05:44:56"
"C:\Users\TUF Gaming\Desktop\我的專案\財富密碼\LOCAL-AI-STUDIO\_trainlib\diffusers\models\controlnets\__pycache__\controlnet_z_image.cpython-313.pyc","40841","2026/8/12 下午 05:44:56"
"C:\Users\TUF Gaming\Desktop\我的專案\財富密碼\LOCAL-AI-STUDIO\_trainlib\diffusers\models\controlnets\__pycache__\multicontrolnet.cpython-313.pyc","11164","2026/8/12 下午 05:44:56"
"C:\Users\TUF Gaming\Desktop\我的專案\財富密碼\LOCAL-AI-STUDIO\_trainlib\diffusers\models\controlnets\__pycache__\multicontrolnet_union.cpython-313.pyc","11855","2026/8/12 下午 05:44:56"
"C:\Users\TUF Gaming\Desktop\我的專案\財富密碼\LOCAL-AI-STUDIO\_trainlib\diffusers\models\controlnets\__pycache__\__init__.cpython-313.pyc","1690","2026/8/12 下午 05:44:55"
"C:\Users\TUF Gaming\Desktop\我的專案\財富密碼\LOCAL-AI-STUDIO\_trainlib\diffusers\models\transformers\ace_step_transformer.py","27398","2026/8/12 下午 05:44:54"
"C:\Users\TUF Gaming\Desktop\我的專案\財富密碼\LOCAL-AI-STUDIO\_trainlib\diffusers\models\transformers\auraflow_transformer_2d.py","21220","2026/8/12 下午 05:44:54"
"C:\Users\TUF Gaming\Desktop\我的專案\財富密碼\LOCAL-AI-STUDIO\_trainlib\diffusers\models\transformers\cogvideox_transformer_3d.py","21069","2026/8/12 下午 05:44:54"
"C:\Users\TUF Gaming\Desktop\我的專案\財富密碼\LOCAL-AI-STUDIO\_trainlib\diffusers\models\transformers\consisid_transformer_3d.py","34532","2026/8/12 下午 05:44:54"
"C:\Users\TUF Gaming\Desktop\我的專案\財富密碼\LOCAL-AI-STUDIO\_trainlib\diffusers\models\transformers\dit_transformer_2d.py","10516","2026/8/12 下午 05:44:54"
"C:\Users\TUF Gaming\Desktop\我的專案\財富密碼\LOCAL-AI-STUDIO\_trainlib\diffusers\models\transformers\dual_transformer_2d.py","7667","2026/8/12 下午 05:44:54"
"C:\Users\TUF Gaming\Desktop\我的專案\財富密碼\LOCAL-AI-STUDIO\_trainlib\diffusers\models\transformers\hunyuan_transformer_2d.py","21607","2026/8/12 下午 05:44:54"
"C:\Users\TUF Gaming\Desktop\我的專案\財富密碼\LOCAL-AI-STUDIO\_trainlib\diffusers\models\transformers\latte_transformer_3d.py","15653","2026/8/12 下午 05:44:54"
"C:\Users\TUF Gaming\Desktop\我的專案\財富密碼\LOCAL-AI-STUDIO\_trainlib\diffusers\models\transformers\lumina_nextdit2d.py","15405","2026/8/12 下午 05:44:54"
"C:\Users\TUF Gaming\Desktop\我的專案\財富密碼\LOCAL-AI-STUDIO\_trainlib\diffusers\models\transformers\pixart_transformer_2d.py","18072","2026/8/12 下午 05:44:54"
"C:\Users\TUF Gaming\Desktop\我的專案\財富密碼\LOCAL-AI-STUDIO\_trainlib\diffusers\models\transformers\prior_transformer.py","14640","2026/8/12 下午 05:44:54"
"C:\Users\TUF Gaming\Desktop\我的專案\財富密碼\LOCAL-AI-STUDIO\_trainlib\diffusers\models\transformers\sana_transformer.py","23486","2026/8/12 下午 05:44:54"
"C:\Users\TUF Gaming\Desktop\我的專案\財富密碼\LOCAL-AI-STUDIO\_trainlib\diffusers\models\transformers\stable_audio_transformer.py","15798","2026/8/12 下午 05:44:54"
"C:\Users\TUF Gaming\Desktop\我的專案\財富密碼\LOCAL-AI-STUDIO\_trainlib\diffusers\models\transformers\t5_film_transformer.py","16600","2026/8/12 下午 05:44:54"
"C:\Users\TUF Gaming\Desktop\我的專案\財富密碼\LOCAL-AI-STUDIO\_trainlib\diffusers\models\transformers\transformer_2d.py","28250","2026/8/12 下午 05:44:54"
"C:\Users\TUF Gaming\Desktop\我的專案\財富密碼\LOCAL-AI-STUDIO\_trainlib\diffusers\models\transformers\transformer_2d_dreamlite.py","26981","2026/8/12 下午 05:44:54"
"C:\Users\TUF Gaming\Desktop\我的專案\財富密碼\LOCAL-AI-STUDIO\_trainlib\diffusers\models\transformers\transformer_allegro.py","18469","2026/8/12 下午 05:44:54"
"C:\Users\TUF Gaming\Desktop\我的專案\財富密碼\LOCAL-AI-STUDIO\_trainlib\diffusers\models\transformers\transformer_anyflow.py","30692","2026/8/12 下午 05:44:54"
"C:\Users\TUF Gaming\Desktop\我的專案\財富密碼\LOCAL-AI-STUDIO\_trainlib\diffusers\models\transformers\transformer_anyflow_far.py","72802","2026/8/12 下午 05:44:54"
"C:\Users\TUF Gaming\Desktop\我的專案\財富密碼\LOCAL-AI-STUDIO\_trainlib\diffusers\models\transformers\transformer_bria.py","30229","2026/8/12 下午 05:44:54"
"C:\Users\TUF Gaming\Desktop\我的專案\財富密碼\LOCAL-AI-STUDIO\_trainlib\diffusers\models\transformers\transformer_bria_fibo.py","27429","2026/8/12 下午 05:44:54"
"C:\Users\TUF Gaming\Desktop\我的專案\財富密碼\LOCAL-AI-STUDIO\_trainlib\diffusers\models\transformers\transformer_chroma.py","26928","2026/8/12 下午 05:44:54"
"C:\Users\TUF Gaming\Desktop\我的專案\財富密碼\LOCAL-AI-STUDIO\_trainlib\diffusers\models\transformers\transformer_chronoedit.py","32120","2026/8/12 下午 05:44:54"
"C:\Users\TUF Gaming\Desktop\我的專案\財富密碼\LOCAL-AI-STUDIO\_trainlib\diffusers\models\transformers\transformer_cogview3plus.py","13051","2026/8/12 下午 05:44:54"
"C:\Users\TUF Gaming\Desktop\我的專案\財富密碼\LOCAL-AI-STUDIO\_trainlib\diffusers\models\transformers\transformer_cogview4.py","35841","2026/8/12 下午 05:44:54"
"C:\Users\TUF Gaming\Desktop\我的專案\財富密碼\LOCAL-AI-STUDIO\_trainlib\diffusers\models\transformers\transformer_cosmos.py","36118","2026/8/12 下午 05:44:54"
"C:\Users\TUF Gaming\Desktop\我的專案\財富密碼\LOCAL-AI-STUDIO\_trainlib\diffusers\models\transformers\transformer_cosmos3.py","36201","2026/8/12 下午 05:44:54"
"C:\Users\TUF Gaming\Desktop\我的專案\財富密碼\LOCAL-AI-STUDIO\_trainlib\diffusers\models\transformers\transformer_easyanimate.py","23551","2026/8/12 下午 05:44:54"
"C:\Users\TUF Gaming\Desktop\我的專案\財富密碼\LOCAL-AI-STUDIO\_trainlib\diffusers\models\transformers\transformer_ernie_image.py","18677","2026/8/12 下午 05:44:54"
"C:\Users\TUF Gaming\Desktop\我的專案\財富密碼\LOCAL-AI-STUDIO\_trainlib\diffusers\models\transformers\transformer_flux.py","33435","2026/8/12 下午 05:44:54"
"C:\Users\TUF Gaming\Desktop\我的專案\財富密碼\LOCAL-AI-STUDIO\_trainlib\diffusers\models\transformers\transformer_flux2.py","56227","2026/8/12 下午 05:44:54"
"C:\Users\TUF Gaming\Desktop\我的專案\財富密碼\LOCAL-AI-STUDIO\_trainlib\diffusers\models\transformers\transformer_glm_image.py","29553","2026/8/12 下午 05:44:54"
"C:\Users\TUF Gaming\Desktop\我的專案\財富密碼\LOCAL-AI-STUDIO\_trainlib\diffusers\models\transformers\transformer_helios.py","36815","2026/8/12 下午 05:44:54"
"C:\Users\TUF Gaming\Desktop\我的專案\財富密碼\LOCAL-AI-STUDIO\_trainlib\diffusers\models\transformers\transformer_hidream_image.py","40660","2026/8/12 下午 05:44:54"
"C:\Users\TUF Gaming\Desktop\我的專案\財富密碼\LOCAL-AI-STUDIO\_trainlib\diffusers\models\transformers\transformer_hunyuanimage.py","38004","2026/8/12 下午 05:44:54"
"C:\Users\TUF Gaming\Desktop\我的專案\財富密碼\LOCAL-AI-STUDIO\_trainlib\diffusers\models\transformers\transformer_hunyuan_video.py","45852","2026/8/12 下午 05:44:54"
"C:\Users\TUF Gaming\Desktop\我的專案\財富密碼\LOCAL-AI-STUDIO\_trainlib\diffusers\models\transformers\transformer_hunyuan_video15.py","32749","2026/8/12 下午 05:44:54"
"C:\Users\TUF Gaming\Desktop\我的專案\財富密碼\LOCAL-AI-STUDIO\_trainlib\diffusers\models\transformers\transformer_hunyuan_video_framepack.py","20652","2026/8/12 下午 05:44:54"
"C:\Users\TUF Gaming\Desktop\我的專案\財富密碼\LOCAL-AI-STUDIO\_trainlib\diffusers\models\transformers\transformer_ideogram4.py","20248","2026/8/12 下午 05:44:54"
"C:\Users\TUF Gaming\Desktop\我的專案\財富密碼\LOCAL-AI-STUDIO\_trainlib\diffusers\models\transformers\transformer_joyimage.py","23506","2026/8/12 下午 05:44:54"
"C:\Users\TUF Gaming\Desktop\我的專案\財富密碼\LOCAL-AI-STUDIO\_trainlib\diffusers\models\transformers\transformer_kandinsky.py","24676","2026/8/12 下午 05:44:54"
"C:\Users\TUF Gaming\Desktop\我的專案\財富密碼\LOCAL-AI-STUDIO\_trainlib\diffusers\models\transformers\transformer_krea2.py","23896","2026/8/12 下午 05:44:54"
"C:\Users\TUF Gaming\Desktop\我的專案\財富密碼\LOCAL-AI-STUDIO\_trainlib\diffusers\models\transformers\transformer_longcat_audio_dit.py","25946","2026/8/12 下午 05:44:54"
"C:\Users\TUF Gaming\Desktop\我的專案\財富密碼\LOCAL-AI-STUDIO\_trainlib\diffusers\models\transformers\transformer_longcat_image.py","22453","2026/8/12 下午 05:44:54"
"C:\Users\TUF Gaming\Desktop\我的專案\財富密碼\LOCAL-AI-STUDIO\_trainlib\diffusers\models\transformers\transformer_ltx.py","24213","2026/8/12 下午 05:44:54"
"C:\Users\TUF Gaming\Desktop\我的專案\財富密碼\LOCAL-AI-STUDIO\_trainlib\diffusers\models\transformers\transformer_ltx2.py","77968","2026/8/12 下午 05:44:54"
"C:\Users\TUF Gaming\Desktop\我的專案\財富密碼\LOCAL-AI-STUDIO\_trainlib\diffusers\models\transformers\transformer_lumina2.py","22673","2026/8/12 下午 05:44:54"
"C:\Users\TUF Gaming\Desktop\我的專案\財富密碼\LOCAL-AI-STUDIO\_trainlib\diffusers\models\transformers\transformer_mochi.py","19102","2026/8/12 下午 05:44:54"
"C:\Users\TUF Gaming\Desktop\我的專案\財富密碼\LOCAL-AI-STUDIO\_trainlib\diffusers\models\transformers\transformer_motif_video.py","41610","2026/8/12 下午 05:44:54"
"C:\Users\TUF Gaming\Desktop\我的專案\財富密碼\LOCAL-AI-STUDIO\_trainlib\diffusers\models\transformers\transformer_nucleusmoe_image.py","39595","2026/8/12 下午 05:44:54"
"C:\Users\TUF Gaming\Desktop\我的專案\財富密碼\LOCAL-AI-STUDIO\_trainlib\diffusers\models\transformers\transformer_omnigen.py","21418","2026/8/12 下午 05:44:54"
"C:\Users\TUF Gaming\Desktop\我的專案\財富密碼\LOCAL-AI-STUDIO\_trainlib\diffusers\models\transformers\transformer_ovis_image.py","24447","2026/8/12 下午 05:44:54"
"C:\Users\TUF Gaming\Desktop\我的專案\財富密碼\LOCAL-AI-STUDIO\_trainlib\diffusers\models\transformers\transformer_prx.py","34405","2026/8/12 下午 05:44:54"
"C:\Users\TUF Gaming\Desktop\我的專案\財富密碼\LOCAL-AI-STUDIO\_trainlib\diffusers\models\transformers\transformer_qwenimage.py","44061","2026/8/12 下午 05:44:54"
"C:\Users\TUF Gaming\Desktop\我的專案\財富密碼\LOCAL-AI-STUDIO\_trainlib\diffusers\models\transformers\transformer_sana_video.py","29953","2026/8/12 下午 05:44:54"
"C:\Users\TUF Gaming\Desktop\我的專案\財富密碼\LOCAL-AI-STUDIO\_trainlib\diffusers\models\transformers\transformer_sd3.py","15565","2026/8/12 下午 05:44:54"
"C:\Users\TUF Gaming\Desktop\我的專案\財富密碼\LOCAL-AI-STUDIO\_trainlib\diffusers\models\transformers\transformer_skyreels_v2.py","33718","2026/8/12 下午 05:44:54"
"C:\Users\TUF Gaming\Desktop\我的專案\財富密碼\LOCAL-AI-STUDIO\_trainlib\diffusers\models\transformers\transformer_temporal.py","16757","2026/8/12 下午 05:44:54"
"C:\Users\TUF Gaming\Desktop\我的專案\財富密碼\LOCAL-AI-STUDIO\_trainlib\diffusers\models\transformers\transformer_wan.py","30918","2026/8/12 下午 05:44:54"
"C:\Users\TUF Gaming\Desktop\我的專案\財富密碼\LOCAL-AI-STUDIO\_trainlib\diffusers\models\transformers\transformer_wan_animate.py","53970","2026/8/12 下午 05:44:54"
"C:\Users\TUF Gaming\Desktop\我的專案\財富密碼\LOCAL-AI-STUDIO\_trainlib\diffusers\models\transformers\transformer_wan_vace.py","17620","2026/8/12 下午 05:44:54"
"C:\Users\TUF Gaming\Desktop\我的專案\財富密碼\LOCAL-AI-STUDIO\_trainlib\diffusers\models\transformers\transformer_z_image.py","43827","2026/8/12 下午 05:44:54"
"C:\Users\TUF Gaming\Desktop\我的專案\財富密碼\LOCAL-AI-STUDIO\_trainlib\diffusers\models\transformers\__init__.py","4086","2026/8/12 下午 05:44:54"
"C:\Users\TUF Gaming\Desktop\我的專案\財富密碼\LOCAL-AI-STUDIO\_trainlib\diffusers\models\transformers\__pycache__\ace_step_transformer.cpython-313.pyc","28306","2026/8/12 下午 05:44:56"
"C:\Users\TUF Gaming\Desktop\我的專案\財富密碼\LOCAL-AI-STUDIO\_trainlib\diffusers\models\transformers\__pycache__\auraflow_transformer_2d.cpython-313.pyc","23642","2026/8/12 下午 05:44:56"
"C:\Users\TUF Gaming\Desktop\我的專案\財富密碼\LOCAL-AI-STUDIO\_trainlib\diffusers\models\transformers\__pycache__\cogvideox_transformer_3d.cpython-313.pyc","19427","2026/8/12 下午 05:44:56"
"C:\Users\TUF Gaming\Desktop\我的專案\財富密碼\LOCAL-AI-STUDIO\_trainlib\diffusers\models\transformers\__pycache__\consisid_transformer_3d.cpython-313.pyc","34860","2026/8/12 下午 05:44:56"
"C:\Users\TUF Gaming\Desktop\我的專案\財富密碼\LOCAL-AI-STUDIO\_trainlib\diffusers\models\transformers\__pycache__\dit_transformer_2d.cpython-313.pyc","11065","2026/8/12 下午 05:44:56"
"C:\Users\TUF Gaming\Desktop\我的專案\財富密碼\LOCAL-AI-STUDIO\_trainlib\diffusers\models\transformers\__pycache__\dual_transformer_2d.cpython-313.pyc","6568","2026/8/12 下午 05:44:56"
"C:\Users\TUF Gaming\Desktop\我的專案\財富密碼\LOCAL-AI-STUDIO\_trainlib\diffusers\models\transformers\__pycache__\hunyuan_transformer_2d.cpython-313.pyc","21394","2026/8/12 下午 05:44:56"
"C:\Users\TUF Gaming\Desktop\我的專案\財富密碼\LOCAL-AI-STUDIO\_trainlib\diffusers\models\transformers\__pycache__\latte_transformer_3d.cpython-313.pyc","11314","2026/8/12 下午 05:44:56"
"C:\Users\TUF Gaming\Desktop\我的專案\財富密碼\LOCAL-AI-STUDIO\_trainlib\diffusers\models\transformers\__pycache__\lumina_nextdit2d.cpython-313.pyc","14841","2026/8/12 下午 05:44:56"
"C:\Users\TUF Gaming\Desktop\我的專案\財富密碼\LOCAL-AI-STUDIO\_trainlib\diffusers\models\transformers\__pycache__\pixart_transformer_2d.cpython-313.pyc","17632","2026/8/12 下午 05:44:56"
"C:\Users\TUF Gaming\Desktop\我的專案\財富密碼\LOCAL-AI-STUDIO\_trainlib\diffusers\models\transformers\__pycache__\prior_transformer.cpython-313.pyc","15671","2026/8/12 下午 05:44:56"
"C:\Users\TUF Gaming\Desktop\我的專案\財富密碼\LOCAL-AI-STUDIO\_trainlib\diffusers\models\transformers\__pycache__\sana_transformer.cpython-313.pyc","23742","2026/8/12 下午 05:44:56"
"C:\Users\TUF Gaming\Desktop\我的專案\財富密碼\LOCAL-AI-STUDIO\_trainlib\diffusers\models\transformers\__pycache__\stable_audio_transformer.cpython-313.pyc","15964","2026/8/12 下午 05:44:56"
"C:\Users\TUF Gaming\Desktop\我的專案\財富密碼\LOCAL-AI-STUDIO\_trainlib\diffusers\models\transformers\__pycache__\t5_film_transformer.cpython-313.pyc","20958","2026/8/12 下午 05:44:56"
"C:\Users\TUF Gaming\Desktop\我的專案\財富密碼\LOCAL-AI-STUDIO\_trainlib\diffusers\models\transformers\__pycache__\transformer_2d.cpython-313.pyc","27975","2026/8/12 下午 05:44:56"
"C:\Users\TUF Gaming\Desktop\我的專案\財富密碼\LOCAL-AI-STUDIO\_trainlib\diffusers\models\transformers\__pycache__\transformer_2d_dreamlite.cpython-313.pyc","24258","2026/8/12 下午 05:44:56"
"C:\Users\TUF Gaming\Desktop\我的專案\財富密碼\LOCAL-AI-STUDIO\_trainlib\diffusers\models\transformers\__pycache__\transformer_allegro.cpython-313.pyc","13898","2026/8/12 下午 05:44:56"
"C:\Users\TUF Gaming\Desktop\我的專案\財富密碼\LOCAL-AI-STUDIO\_trainlib\diffusers\models\transformers\__pycache__\transformer_anyflow.cpython-313.pyc","34190","2026/8/12 下午 05:44:56"
"C:\Users\TUF Gaming\Desktop\我的專案\財富密碼\LOCAL-AI-STUDIO\_trainlib\diffusers\models\transformers\__pycache__\transformer_anyflow_far.cpython-313.pyc","70107","2026/8/12 下午 05:44:56"
"C:\Users\TUF Gaming\Desktop\我的專案\財富密碼\LOCAL-AI-STUDIO\_trainlib\diffusers\models\transformers\__pycache__\transformer_bria.cpython-313.pyc","35521","2026/8/12 下午 05:44:56"
"C:\Users\TUF Gaming\Desktop\我的專案\財富密碼\LOCAL-AI-STUDIO\_trainlib\diffusers\models\transformers\__pycache__\transformer_bria_fibo.cpython-313.pyc","32059","2026/8/12 下午 05:44:56"
"C:\Users\TUF Gaming\Desktop\我的專案\財富密碼\LOCAL-AI-STUDIO\_trainlib\diffusers\models\transformers\__pycache__\transformer_chroma.cpython-313.pyc","29464","2026/8/12 下午 05:44:56"
"C:\Users\TUF Gaming\Desktop\我的專案\財富密碼\LOCAL-AI-STUDIO\_trainlib\diffusers\models\transformers\__pycache__\transformer_chronoedit.cpython-313.pyc","35943","2026/8/12 下午 05:44:56"
"C:\Users\TUF Gaming\Desktop\我的專案\財富密碼\LOCAL-AI-STUDIO\_trainlib\diffusers\models\transformers\__pycache__\transformer_cogview3plus.cpython-313.pyc","12562","2026/8/12 下午 05:44:56"
"C:\Users\TUF Gaming\Desktop\我的專案\財富密碼\LOCAL-AI-STUDIO\_trainlib\diffusers\models\transformers\__pycache__\transformer_cogview4.cpython-313.pyc","36089","2026/8/12 下午 05:44:56"
"C:\Users\TUF Gaming\Desktop\我的專案\財富密碼\LOCAL-AI-STUDIO\_trainlib\diffusers\models\transformers\__pycache__\transformer_cosmos.cpython-313.pyc","43780","2026/8/12 下午 05:44:56"
"C:\Users\TUF Gaming\Desktop\我的專案\財富密碼\LOCAL-AI-STUDIO\_trainlib\diffusers\models\transformers\__pycache__\transformer_cosmos3.cpython-313.pyc","39899","2026/8/12 下午 05:44:56"
"C:\Users\TUF Gaming\Desktop\我的專案\財富密碼\LOCAL-AI-STUDIO\_trainlib\diffusers\models\transformers\__pycache__\transformer_easyanimate.cpython-313.pyc","24632","2026/8/12 下午 05:44:56"
"C:\Users\TUF Gaming\Desktop\我的專案\財富密碼\LOCAL-AI-STUDIO\_trainlib\diffusers\models\transformers\__pycache__\transformer_ernie_image.cpython-313.pyc","26818","2026/8/12 下午 05:44:56"
"C:\Users\TUF Gaming\Desktop\我的專案\財富密碼\LOCAL-AI-STUDIO\_trainlib\diffusers\models\transformers\__pycache__\transformer_flux.cpython-313.pyc","35780","2026/8/12 下午 05:44:56"
"C:\Users\TUF Gaming\Desktop\我的專案\財富密碼\LOCAL-AI-STUDIO\_trainlib\diffusers\models\transformers\__pycache__\transformer_flux2.cpython-313.pyc","60469","2026/8/12 下午 05:44:56"
"C:\Users\TUF Gaming\Desktop\我的專案\財富密碼\LOCAL-AI-STUDIO\_trainlib\diffusers\models\transformers\__pycache__\transformer_glm_image.cpython-313.pyc","34374","2026/8/12 下午 05:44:56"
"C:\Users\TUF Gaming\Desktop\我的專案\財富密碼\LOCAL-AI-STUDIO\_trainlib\diffusers\models\transformers\__pycache__\transformer_helios.cpython-313.pyc","42002","2026/8/12 下午 05:44:56"
"C:\Users\TUF Gaming\Desktop\我的專案\財富密碼\LOCAL-AI-STUDIO\_trainlib\diffusers\models\transformers\__pycache__\transformer_hidream_image.cpython-313.pyc","49430","2026/8/12 下午 05:44:56"
"C:\Users\TUF Gaming\Desktop\我的專案\財富密碼\LOCAL-AI-STUDIO\_trainlib\diffusers\models\transformers\__pycache__\transformer_hunyuanimage.cpython-313.pyc","40258","2026/8/12 下午 05:44:56"
"C:\Users\TUF Gaming\Desktop\我的專案\財富密碼\LOCAL-AI-STUDIO\_trainlib\diffusers\models\transformers\__pycache__\transformer_hunyuan_video.cpython-313.pyc","47684","2026/8/12 下午 05:44:56"
"C:\Users\TUF Gaming\Desktop\我的專案\財富密碼\LOCAL-AI-STUDIO\_trainlib\diffusers\models\transformers\__pycache__\transformer_hunyuan_video15.cpython-313.pyc","36168","2026/8/12 下午 05:44:56"
"C:\Users\TUF Gaming\Desktop\我的專案\財富密碼\LOCAL-AI-STUDIO\_trainlib\diffusers\models\transformers\__pycache__\transformer_hunyuan_video_framepack.cpython-313.pyc","22230","2026/8/12 下午 05:44:56"
"C:\Users\TUF Gaming\Desktop\我的專案\財富密碼\LOCAL-AI-STUDIO\_trainlib\diffusers\models\transformers\__pycache__\transformer_ideogram4.cpython-313.pyc","26491","2026/8/12 下午 05:44:56"
"C:\Users\TUF Gaming\Desktop\我的專案\財富密碼\LOCAL-AI-STUDIO\_trainlib\diffusers\models\transformers\__pycache__\transformer_joyimage.cpython-313.pyc","27833","2026/8/12 下午 05:44:56"
"C:\Users\TUF Gaming\Desktop\我的專案\財富密碼\LOCAL-AI-STUDIO\_trainlib\diffusers\models\transformers\__pycache__\transformer_kandinsky.cpython-313.pyc","36291","2026/8/12 下午 05:44:56"
"C:\Users\TUF Gaming\Desktop\我的專案\財富密碼\LOCAL-AI-STUDIO\_trainlib\diffusers\models\transformers\__pycache__\transformer_krea2.cpython-313.pyc","31442","2026/8/12 下午 05:44:56"
"C:\Users\TUF Gaming\Desktop\我的專案\財富密碼\LOCAL-AI-STUDIO\_trainlib\diffusers\models\transformers\__pycache__\transformer_longcat_audio_dit.cpython-313.pyc","37161","2026/8/12 下午 05:44:56"
"C:\Users\TUF Gaming\Desktop\我的專案\財富密碼\LOCAL-AI-STUDIO\_trainlib\diffusers\models\transformers\__pycache__\transformer_longcat_image.cpython-313.pyc","26416","2026/8/12 下午 05:44:56"
"C:\Users\TUF Gaming\Desktop\我的專案\財富密碼\LOCAL-AI-STUDIO\_trainlib\diffusers\models\transformers\__pycache__\transformer_ltx.cpython-313.pyc","27549","2026/8/12 下午 05:44:56"
"C:\Users\TUF Gaming\Desktop\我的專案\財富密碼\LOCAL-AI-STUDIO\_trainlib\diffusers\models\transformers\__pycache__\transformer_ltx2.cpython-313.pyc","67970","2026/8/12 下午 05:44:56"
"C:\Users\TUF Gaming\Desktop\我的專案\財富密碼\LOCAL-AI-STUDIO\_trainlib\diffusers\models\transformers\__pycache__\transformer_lumina2.cpython-313.pyc","24986","2026/8/12 下午 05:44:56"
"C:\Users\TUF Gaming\Desktop\我的專案\財富密碼\LOCAL-AI-STUDIO\_trainlib\diffusers\models\transformers\__pycache__\transformer_mochi.cpython-313.pyc","22285","2026/8/12 下午 05:44:56"
"C:\Users\TUF Gaming\Desktop\我的專案\財富密碼\LOCAL-AI-STUDIO\_trainlib\diffusers\models\transformers\__pycache__\transformer_motif_video.cpython-313.pyc","42869","2026/8/12 下午 05:44:56"
"C:\Users\TUF Gaming\Desktop\我的專案\財富密碼\LOCAL-AI-STUDIO\_trainlib\diffusers\models\transformers\__pycache__\transformer_nucleusmoe_image.cpython-313.pyc","45947","2026/8/12 下午 05:44:56"
"C:\Users\TUF Gaming\Desktop\我的專案\財富密碼\LOCAL-AI-STUDIO\_trainlib\diffusers\models\transformers\__pycache__\transformer_omnigen.cpython-313.pyc","24625","2026/8/12 下午 05:44:56"
"C:\Users\TUF Gaming\Desktop\我的專案\財富密碼\LOCAL-AI-STUDIO\_trainlib\diffusers\models\transformers\__pycache__\transformer_ovis_image.cpython-313.pyc","27660","2026/8/12 下午 05:44:56"
"C:\Users\TUF Gaming\Desktop\我的專案\財富密碼\LOCAL-AI-STUDIO\_trainlib\diffusers\models\transformers\__pycache__\transformer_prx.cpython-313.pyc","40216","2026/8/12 下午 05:44:56"
"C:\Users\TUF Gaming\Desktop\我的專案\財富密碼\LOCAL-AI-STUDIO\_trainlib\diffusers\models\transformers\__pycache__\transformer_qwenimage.cpython-313.pyc","47996","2026/8/12 下午 05:44:56"
"C:\Users\TUF Gaming\Desktop\我的專案\財富密碼\LOCAL-AI-STUDIO\_trainlib\diffusers\models\transformers\__pycache__\transformer_sana_video.cpython-313.pyc","32530","2026/8/12 下午 05:44:56"
"C:\Users\TUF Gaming\Desktop\我的專案\財富密碼\LOCAL-AI-STUDIO\_trainlib\diffusers\models\transformers\__pycache__\transformer_sd3.cpython-313.pyc","15882","2026/8/12 下午 05:44:56"
"C:\Users\TUF Gaming\Desktop\我的專案\財富密碼\LOCAL-AI-STUDIO\_trainlib\diffusers\models\transformers\__pycache__\transformer_skyreels_v2.cpython-313.pyc","39026","2026/8/12 下午 05:44:56"
"C:\Users\TUF Gaming\Desktop\我的專案\財富密碼\LOCAL-AI-STUDIO\_trainlib\diffusers\models\transformers\__pycache__\transformer_temporal.cpython-313.pyc","15891","2026/8/12 下午 05:44:56"
"C:\Users\TUF Gaming\Desktop\我的專案\財富密碼\LOCAL-AI-STUDIO\_trainlib\diffusers\models\transformers\__pycache__\transformer_wan.cpython-313.pyc","35359","2026/8/12 下午 05:44:56"
"C:\Users\TUF Gaming\Desktop\我的專案\財富密碼\LOCAL-AI-STUDIO\_trainlib\diffusers\models\transformers\__pycache__\transformer_wan_animate.cpython-313.pyc","61034","2026/8/12 下午 05:44:56"
"C:\Users\TUF Gaming\Desktop\我的專案\財富密碼\LOCAL-AI-STUDIO\_trainlib\diffusers\models\transformers\__pycache__\transformer_wan_vace.cpython-313.pyc","17422","2026/8/12 下午 05:44:56"
"C:\Users\TUF Gaming\Desktop\我的專案\財富密碼\LOCAL-AI-STUDIO\_trainlib\diffusers\models\transformers\__pycache__\transformer_z_image.cpython-313.pyc","51288","2026/8/12 下午 05:44:56"
"C:\Users\TUF Gaming\Desktop\我的專案\財富密碼\LOCAL-AI-STUDIO\_trainlib\diffusers\models\transformers\__pycache__\__init__.cpython-313.pyc","4762","2026/8/12 下午 05:44:56"
"C:\Users\TUF Gaming\Desktop\我的專案\財富密碼\LOCAL-AI-STUDIO\_trainlib\diffusers\models\unets\unet_1d.py","11331","2026/8/12 下午 05:44:54"
"C:\Users\TUF Gaming\Desktop\我的專案\財富密碼\LOCAL-AI-STUDIO\_trainlib\diffusers\models\unets\unet_1d_blocks.py","26684","2026/8/12 下午 05:44:54"
"C:\Users\TUF Gaming\Desktop\我的專案\財富密碼\LOCAL-AI-STUDIO\_trainlib\diffusers\models\unets\unet_2d.py","16819","2026/8/12 下午 05:44:54"
"C:\Users\TUF Gaming\Desktop\我的專案\財富密碼\LOCAL-AI-STUDIO\_trainlib\diffusers\models\unets\unet_2d_blocks.py","141380","2026/8/12 下午 05:44:54"
"C:\Users\TUF Gaming\Desktop\我的專案\財富密碼\LOCAL-AI-STUDIO\_trainlib\diffusers\models\unets\unet_2d_blocks_flax.py","16763","2026/8/12 下午 05:44:54"
"C:\Users\TUF Gaming\Desktop\我的專案\財富密碼\LOCAL-AI-STUDIO\_trainlib\diffusers\models\unets\unet_2d_condition.py","63489","2026/8/12 下午 05:44:54"
"C:\Users\TUF Gaming\Desktop\我的專案\財富密碼\LOCAL-AI-STUDIO\_trainlib\diffusers\models\unets\unet_2d_condition_flax.py","22439","2026/8/12 下午 05:44:54"
"C:\Users\TUF Gaming\Desktop\我的專案\財富密碼\LOCAL-AI-STUDIO\_trainlib\diffusers\models\unets\unet_3d_blocks.py","51462","2026/8/12 下午 05:44:54"
"C:\Users\TUF Gaming\Desktop\我的專案\財富密碼\LOCAL-AI-STUDIO\_trainlib\diffusers\models\unets\unet_3d_condition.py","31366","2026/8/12 下午 05:44:54"
"C:\Users\TUF Gaming\Desktop\我的專案\財富密碼\LOCAL-AI-STUDIO\_trainlib\diffusers\models\unets\unet_dreamlite.py","82050","2026/8/12 下午 05:44:54"
"C:\Users\TUF Gaming\Desktop\我的專案\財富密碼\LOCAL-AI-STUDIO\_trainlib\diffusers\models\unets\unet_i2vgen_xl.py","29797","2026/8/12 下午 05:44:54"
"C:\Users\TUF Gaming\Desktop\我的專案\財富密碼\LOCAL-AI-STUDIO\_trainlib\diffusers\models\unets\unet_kandinsky3.py","18708","2026/8/12 下午 05:44:54"
"C:\Users\TUF Gaming\Desktop\我的專案\財富密碼\LOCAL-AI-STUDIO\_trainlib\diffusers\models\unets\unet_motion_model.py","96351","2026/8/12 下午 05:44:54"
"C:\Users\TUF Gaming\Desktop\我的專案\財富密碼\LOCAL-AI-STUDIO\_trainlib\diffusers\models\unets\unet_spatio_temporal_condition.py","20518","2026/8/12 下午 05:44:54"
"C:\Users\TUF Gaming\Desktop\我的專案\財富密碼\LOCAL-AI-STUDIO\_trainlib\diffusers\models\unets\unet_stable_cascade.py","28374","2026/8/12 下午 05:44:54"
"C:\Users\TUF Gaming\Desktop\我的專案\財富密碼\LOCAL-AI-STUDIO\_trainlib\diffusers\models\unets\uvit_2d.py","15291","2026/8/12 下午 05:44:54"
"C:\Users\TUF Gaming\Desktop\我的專案\財富密碼\LOCAL-AI-STUDIO\_trainlib\diffusers\models\unets\__init__.py","746","2026/8/12 下午 05:44:54"
"C:\Users\TUF Gaming\Desktop\我的專案\財富密碼\LOCAL-AI-STUDIO\_trainlib\diffusers\models\unets\__pycache__\unet_1d.cpython-313.pyc","10805","2026/8/12 下午 05:44:56"
"C:\Users\TUF Gaming\Desktop\我的專案\財富密碼\LOCAL-AI-STUDIO\_trainlib\diffusers\models\unets\__pycache__\unet_1d_blocks.cpython-313.pyc","34196","2026/8/12 下午 05:44:56"
"C:\Users\TUF Gaming\Desktop\我的專案\財富密碼\LOCAL-AI-STUDIO\_trainlib\diffusers\models\unets\__pycache__\unet_2d.cpython-313.pyc","15532","2026/8/12 下午 05:44:56"
"C:\Users\TUF Gaming\Desktop\我的專案\財富密碼\LOCAL-AI-STUDIO\_trainlib\diffusers\models\unets\__pycache__\unet_2d_blocks.cpython-313.pyc","99710","2026/8/12 下午 05:44:56"
"C:\Users\TUF Gaming\Desktop\我的專案\財富密碼\LOCAL-AI-STUDIO\_trainlib\diffusers\models\unets\__pycache__\unet_2d_blocks_flax.cpython-313.pyc","17177","2026/8/12 下午 05:44:56"
"C:\Users\TUF Gaming\Desktop\我的專案\財富密碼\LOCAL-AI-STUDIO\_trainlib\diffusers\models\unets\__pycache__\unet_2d_condition.cpython-313.pyc","53266","2026/8/12 下午 05:44:56"
"C:\Users\TUF Gaming\Desktop\我的專案\財富密碼\LOCAL-AI-STUDIO\_trainlib\diffusers\models\unets\__pycache__\unet_2d_condition_flax.cpython-313.pyc","20627","2026/8/12 下午 05:44:56"
"C:\Users\TUF Gaming\Desktop\我的專案\財富密碼\LOCAL-AI-STUDIO\_trainlib\diffusers\models\unets\__pycache__\unet_3d_blocks.cpython-313.pyc","41335","2026/8/12 下午 05:44:56"
"C:\Users\TUF Gaming\Desktop\我的專案\財富密碼\LOCAL-AI-STUDIO\_trainlib\diffusers\models\unets\__pycache__\unet_3d_condition.cpython-313.pyc","29176","2026/8/12 下午 05:44:56"
"C:\Users\TUF Gaming\Desktop\我的專案\財富密碼\LOCAL-AI-STUDIO\_trainlib\diffusers\models\unets\__pycache__\unet_dreamlite.cpython-313.pyc","58295","2026/8/12 下午 05:44:56"
"C:\Users\TUF Gaming\Desktop\我的專案\財富密碼\LOCAL-AI-STUDIO\_trainlib\diffusers\models\unets\__pycache__\unet_i2vgen_xl.cpython-313.pyc","28264","2026/8/12 下午 05:44:56"
"C:\Users\TUF Gaming\Desktop\我的專案\財富密碼\LOCAL-AI-STUDIO\_trainlib\diffusers\models\unets\__pycache__\unet_kandinsky3.cpython-313.pyc","21876","2026/8/12 下午 05:44:56"
"C:\Users\TUF Gaming\Desktop\我的專案\財富密碼\LOCAL-AI-STUDIO\_trainlib\diffusers\models\unets\__pycache__\unet_motion_model.cpython-313.pyc","79982","2026/8/12 下午 05:44:56"
"C:\Users\TUF Gaming\Desktop\我的專案\財富密碼\LOCAL-AI-STUDIO\_trainlib\diffusers\models\unets\__pycache__\unet_spatio_temporal_condition.cpython-313.pyc","19346","2026/8/12 下午 05:44:56"
"C:\Users\TUF Gaming\Desktop\我的專案\財富密碼\LOCAL-AI-STUDIO\_trainlib\diffusers\models\unets\__pycache__\unet_stable_cascade.cpython-313.pyc","34604","2026/8/12 下午 05:44:56"
"C:\Users\TUF Gaming\Desktop\我的專案\財富密碼\LOCAL-AI-STUDIO\_trainlib\diffusers\models\unets\__pycache__\uvit_2d.cpython-313.pyc","16071","2026/8/12 下午 05:44:56"
"C:\Users\TUF Gaming\Desktop\我的專案\財富密碼\LOCAL-AI-STUDIO\_trainlib\diffusers\models\unets\__pycache__\__init__.cpython-313.pyc","1089","2026/8/12 下午 05:44:56"
"C:\Users\TUF Gaming\Desktop\我的專案\財富密碼\LOCAL-AI-STUDIO\_trainlib\diffusers\models\__pycache__\activations.cpython-313.pyc","10407","2026/8/12 下午 05:44:55"
"C:\Users\TUF Gaming\Desktop\我的專案\財富密碼\LOCAL-AI-STUDIO\_trainlib\diffusers\models\__pycache__\adapter.cpython-313.pyc","28457","2026/8/12 下午 05:44:55"
"C:\Users\TUF Gaming\Desktop\我的專案\財富密碼\LOCAL-AI-STUDIO\_trainlib\diffusers\models\__pycache__\attention.cpython-313.pyc","70458","2026/8/12 下午 05:44:55"
"C:\Users\TUF Gaming\Desktop\我的專案\財富密碼\LOCAL-AI-STUDIO\_trainlib\diffusers\models\__pycache__\attention_dispatch.cpython-313.pyc","134593","2026/8/12 下午 05:44:55"
"C:\Users\TUF Gaming\Desktop\我的專案\財富密碼\LOCAL-AI-STUDIO\_trainlib\diffusers\models\__pycache__\attention_flax.cpython-313.pyc","24453","2026/8/12 下午 05:44:55"
"C:\Users\TUF Gaming\Desktop\我的專案\財富密碼\LOCAL-AI-STUDIO\_trainlib\diffusers\models\__pycache__\attention_processor.cpython-313.pyc","233894","2026/8/12 下午 05:44:55"
"C:\Users\TUF Gaming\Desktop\我的專案\財富密碼\LOCAL-AI-STUDIO\_trainlib\diffusers\models\__pycache__\auto_model.cpython-313.pyc","15620","2026/8/12 下午 05:44:55"
"C:\Users\TUF Gaming\Desktop\我的專案\財富密碼\LOCAL-AI-STUDIO\_trainlib\diffusers\models\__pycache__\cache_utils.cpython-313.pyc","6976","2026/8/12 下午 05:44:55"
"C:\Users\TUF Gaming\Desktop\我的專案\財富密碼\LOCAL-AI-STUDIO\_trainlib\diffusers\models\__pycache__\downsampling.cpython-313.pyc","18460","2026/8/12 下午 05:44:56"
"C:\Users\TUF Gaming\Desktop\我的專案\財富密碼\LOCAL-AI-STUDIO\_trainlib\diffusers\models\__pycache__\embeddings.cpython-313.pyc","127341","2026/8/12 下午 05:44:56"
"C:\Users\TUF Gaming\Desktop\我的專案\財富密碼\LOCAL-AI-STUDIO\_trainlib\diffusers\models\__pycache__\embeddings_flax.cpython-313.pyc","6036","2026/8/12 下午 05:44:56"
"C:\Users\TUF Gaming\Desktop\我的專案\財富密碼\LOCAL-AI-STUDIO\_trainlib\diffusers\models\__pycache__\lora.cpython-313.pyc","24017","2026/8/12 下午 05:44:56"
"C:\Users\TUF Gaming\Desktop\我的專案\財富密碼\LOCAL-AI-STUDIO\_trainlib\diffusers\models\__pycache__\modeling_flax_pytorch_utils.cpython-313.pyc","4455","2026/8/12 下午 05:44:56"
"C:\Users\TUF Gaming\Desktop\我的專案\財富密碼\LOCAL-AI-STUDIO\_trainlib\diffusers\models\__pycache__\modeling_flax_utils.cpython-313.pyc","26863","2026/8/12 下午 05:44:56"
"C:\Users\TUF Gaming\Desktop\我的專案\財富密碼\LOCAL-AI-STUDIO\_trainlib\diffusers\models\__pycache__\modeling_outputs.cpython-313.pyc","1616","2026/8/12 下午 05:44:56"
"C:\Users\TUF Gaming\Desktop\我的專案\財富密碼\LOCAL-AI-STUDIO\_trainlib\diffusers\models\__pycache__\modeling_pytorch_flax_utils.cpython-313.pyc","7273","2026/8/12 下午 05:44:56"
"C:\Users\TUF Gaming\Desktop\我的專案\財富密碼\LOCAL-AI-STUDIO\_trainlib\diffusers\models\__pycache__\modeling_utils.cpython-313.pyc","96316","2026/8/12 下午 05:44:56"
"C:\Users\TUF Gaming\Desktop\我的專案\財富密碼\LOCAL-AI-STUDIO\_trainlib\diffusers\models\__pycache__\model_loading_utils.cpython-313.pyc","28636","2026/8/12 下午 05:44:56"
"C:\Users\TUF Gaming\Desktop\我的專案\財富密碼\LOCAL-AI-STUDIO\_trainlib\diffusers\models\__pycache__\normalization.cpython-313.pyc","34009","2026/8/12 下午 05:44:56"
"C:\Users\TUF Gaming\Desktop\我的專案\財富密碼\LOCAL-AI-STUDIO\_trainlib\diffusers\models\__pycache__\resnet.cpython-313.pyc","35502","2026/8/12 下午 05:44:56"
"C:\Users\TUF Gaming\Desktop\我的專案\財富密碼\LOCAL-AI-STUDIO\_trainlib\diffusers\models\__pycache__\resnet_flax.cpython-313.pyc","5443","2026/8/12 下午 05:44:56"
"C:\Users\TUF Gaming\Desktop\我的專案\財富密碼\LOCAL-AI-STUDIO\_trainlib\diffusers\models\__pycache__\upsampling.cpython-313.pyc","23835","2026/8/12 下午 05:44:56"
"C:\Users\TUF Gaming\Desktop\我的專案\財富密碼\LOCAL-AI-STUDIO\_trainlib\diffusers\models\__pycache__\vae_flax.cpython-313.pyc","39546","2026/8/12 下午 05:44:56"
"C:\Users\TUF Gaming\Desktop\我的專案\財富密碼\LOCAL-AI-STUDIO\_trainlib\diffusers\models\__pycache__\vq_model.cpython-313.pyc","1676","2026/8/12 下午 05:44:56"
"C:\Users\TUF Gaming\Desktop\我的專案\財富密碼\LOCAL-AI-STUDIO\_trainlib\diffusers\models\__pycache__\_modeling_parallel.cpython-313.pyc","13670","2026/8/12 下午 05:44:55"
"C:\Users\TUF Gaming\Desktop\我的專案\財富密碼\LOCAL-AI-STUDIO\_trainlib\diffusers\models\__pycache__\__init__.cpython-313.pyc","14047","2026/8/12 下午 05:44:55"
"C:\Users\TUF Gaming\Desktop\我的專案\財富密碼\LOCAL-AI-STUDIO\_trainlib\diffusers\modular_pipelines\components_manager.py","47343","2026/8/12 下午 05:44:54"
"C:\Users\TUF Gaming\Desktop\我的專案\財富密碼\LOCAL-AI-STUDIO\_trainlib\diffusers\modular_pipelines\mellon_node_utils.py","41060","2026/8/12 下午 05:44:54"
"C:\Users\TUF Gaming\Desktop\我的專案\財富密碼\LOCAL-AI-STUDIO\_trainlib\diffusers\modular_pipelines\modular_pipeline.py","127116","2026/8/12 下午 05:44:54"
"C:\Users\TUF Gaming\Desktop\我的專案\財富密碼\LOCAL-AI-STUDIO\_trainlib\diffusers\modular_pipelines\modular_pipeline_utils.py","53475","2026/8/12 下午 05:44:54"
"C:\Users\TUF Gaming\Desktop\我的專案\財富密碼\LOCAL-AI-STUDIO\_trainlib\diffusers\modular_pipelines\__init__.py","6633","2026/8/12 下午 05:44:54"
"C:\Users\TUF Gaming\Desktop\我的專案\財富密碼\LOCAL-AI-STUDIO\_trainlib\diffusers\modular_pipelines\anima\before_denoise.py","16874","2026/8/12 下午 05:44:54"
"C:\Users\TUF Gaming\Desktop\我的專案\財富密碼\LOCAL-AI-STUDIO\_trainlib\diffusers\modular_pipelines\anima\decoders.py","4219","2026/8/12 下午 05:44:54"
"C:\Users\TUF Gaming\Desktop\我的專案\財富密碼\LOCAL-AI-STUDIO\_trainlib\diffusers\modular_pipelines\anima\denoise.py","8412","2026/8/12 下午 05:44:54"
"C:\Users\TUF Gaming\Desktop\我的專案\財富密碼\LOCAL-AI-STUDIO\_trainlib\diffusers\modular_pipelines\anima\encoders.py","10331","2026/8/12 下午 05:44:54"
"C:\Users\TUF Gaming\Desktop\我的專案\財富密碼\LOCAL-AI-STUDIO\_trainlib\diffusers\modular_pipelines\anima\modular_blocks_anima.py","7114","2026/8/12 下午 05:44:54"
"C:\Users\TUF Gaming\Desktop\我的專案\財富密碼\LOCAL-AI-STUDIO\_trainlib\diffusers\modular_pipelines\anima\modular_pipeline.py","1682","2026/8/12 下午 05:44:54"
"C:\Users\TUF Gaming\Desktop\我的專案\財富密碼\LOCAL-AI-STUDIO\_trainlib\diffusers\modular_pipelines\anima\__init__.py","1436","2026/8/12 下午 05:44:54"
"C:\Users\TUF Gaming\Desktop\我的專案\財富密碼\LOCAL-AI-STUDIO\_trainlib\diffusers\modular_pipelines\anima\__pycache__\before_denoise.cpython-313.pyc","19137","2026/8/12 下午 05:44:56"
"C:\Users\TUF Gaming\Desktop\我的專案\財富密碼\LOCAL-AI-STUDIO\_trainlib\diffusers\modular_pipelines\anima\__pycache__\decoders.cpython-313.pyc","6488","2026/8/12 下午 05:44:56"
"C:\Users\TUF Gaming\Desktop\我的專案\財富密碼\LOCAL-AI-STUDIO\_trainlib\diffusers\modular_pipelines\anima\__pycache__\denoise.cpython-313.pyc","11829","2026/8/12 下午 05:44:56"
"C:\Users\TUF Gaming\Desktop\我的專案\財富密碼\LOCAL-AI-STUDIO\_trainlib\diffusers\modular_pipelines\anima\__pycache__\encoders.cpython-313.pyc","10288","2026/8/12 下午 05:44:56"
"C:\Users\TUF Gaming\Desktop\我的專案\財富密碼\LOCAL-AI-STUDIO\_trainlib\diffusers\modular_pipelines\anima\__pycache__\modular_blocks_anima.cpython-313.pyc","7446","2026/8/12 下午 05:44:56"
"C:\Users\TUF Gaming\Desktop\我的專案\財富密碼\LOCAL-AI-STUDIO\_trainlib\diffusers\modular_pipelines\anima\__pycache__\modular_pipeline.cpython-313.pyc","2150","2026/8/12 下午 05:44:56"
"C:\Users\TUF Gaming\Desktop\我的專案\財富密碼\LOCAL-AI-STUDIO\_trainlib\diffusers\modular_pipelines\anima\__pycache__\__init__.cpython-313.pyc","1660","2026/8/12 下午 05:44:56"
"C:\Users\TUF Gaming\Desktop\我的專案\財富密碼\LOCAL-AI-STUDIO\_trainlib\diffusers\modular_pipelines\ernie_image\before_denoise.py","11156","2026/8/12 下午 05:44:54"
"C:\Users\TUF Gaming\Desktop\我的專案\財富密碼\LOCAL-AI-STUDIO\_trainlib\diffusers\modular_pipelines\ernie_image\decoders.py","3478","2026/8/12 下午 05:44:54"
"C:\Users\TUF Gaming\Desktop\我的專案\財富密碼\LOCAL-AI-STUDIO\_trainlib\diffusers\modular_pipelines\ernie_image\denoise.py","8914","2026/8/12 下午 05:44:54"
"C:\Users\TUF Gaming\Desktop\我的專案\財富密碼\LOCAL-AI-STUDIO\_trainlib\diffusers\modular_pipelines\ernie_image\encoders.py","9835","2026/8/12 下午 05:44:54"
"C:\Users\TUF Gaming\Desktop\我的專案\財富密碼\LOCAL-AI-STUDIO\_trainlib\diffusers\modular_pipelines\ernie_image\modular_blocks_ernie_image.py","7856","2026/8/12 下午 05:44:54"
"C:\Users\TUF Gaming\Desktop\我的專案\財富密碼\LOCAL-AI-STUDIO\_trainlib\diffusers\modular_pipelines\ernie_image\modular_pipeline.py","3884","2026/8/12 下午 05:44:54"
"C:\Users\TUF Gaming\Desktop\我的專案\財富密碼\LOCAL-AI-STUDIO\_trainlib\diffusers\modular_pipelines\ernie_image\__init__.py","1468","2026/8/12 下午 05:44:54"
"C:\Users\TUF Gaming\Desktop\我的專案\財富密碼\LOCAL-AI-STUDIO\_trainlib\diffusers\modular_pipelines\ernie_image\__pycache__\before_denoise.cpython-313.pyc","13299","2026/8/12 下午 05:44:56"
"C:\Users\TUF Gaming\Desktop\我的專案\財富密碼\LOCAL-AI-STUDIO\_trainlib\diffusers\modular_pipelines\ernie_image\__pycache__\decoders.cpython-313.pyc","4337","2026/8/12 下午 05:44:56"
"C:\Users\TUF Gaming\Desktop\我的專案\財富密碼\LOCAL-AI-STUDIO\_trainlib\diffusers\modular_pipelines\ernie_image\__pycache__\denoise.cpython-313.pyc","11589","2026/8/12 下午 05:44:56"
"C:\Users\TUF Gaming\Desktop\我的專案\財富密碼\LOCAL-AI-STUDIO\_trainlib\diffusers\modular_pipelines\ernie_image\__pycache__\encoders.cpython-313.pyc","10873","2026/8/12 下午 05:44:56"
"C:\Users\TUF Gaming\Desktop\我的專案\財富密碼\LOCAL-AI-STUDIO\_trainlib\diffusers\modular_pipelines\ernie_image\__pycache__\modular_blocks_ernie_image.cpython-313.pyc","8033","2026/8/12 下午 05:44:56"
"C:\Users\TUF Gaming\Desktop\我的專案\財富密碼\LOCAL-AI-STUDIO\_trainlib\diffusers\modular_pipelines\ernie_image\__pycache__\modular_pipeline.cpython-313.pyc","5294","2026/8/12 下午 05:44:56"
"C:\Users\TUF Gaming\Desktop\我的專案\財富密碼\LOCAL-AI-STUDIO\_trainlib\diffusers\modular_pipelines\ernie_image\__pycache__\__init__.cpython-313.pyc","1684","2026/8/12 下午 05:44:56"
"C:\Users\TUF Gaming\Desktop\我的專案\財富密碼\LOCAL-AI-STUDIO\_trainlib\diffusers\modular_pipelines\flux\before_denoise.py","24732","2026/8/12 下午 05:44:54"
"C:\Users\TUF Gaming\Desktop\我的專案\財富密碼\LOCAL-AI-STUDIO\_trainlib\diffusers\modular_pipelines\flux\decoders.py","3886","2026/8/12 下午 05:44:54"
"C:\Users\TUF Gaming\Desktop\我的專案\財富密碼\LOCAL-AI-STUDIO\_trainlib\diffusers\modular_pipelines\flux\denoise.py","12036","2026/8/12 下午 05:44:54"
"C:\Users\TUF Gaming\Desktop\我的專案\財富密碼\LOCAL-AI-STUDIO\_trainlib\diffusers\modular_pipelines\flux\encoders.py","19360","2026/8/12 下午 05:44:54"
"C:\Users\TUF Gaming\Desktop\我的專案\財富密碼\LOCAL-AI-STUDIO\_trainlib\diffusers\modular_pipelines\flux\inputs.py","15165","2026/8/12 下午 05:44:54"
"C:\Users\TUF Gaming\Desktop\我的專案\財富密碼\LOCAL-AI-STUDIO\_trainlib\diffusers\modular_pipelines\flux\modular_blocks_flux.py","22544","2026/8/12 下午 05:44:54"
"C:\Users\TUF Gaming\Desktop\我的專案\財富密碼\LOCAL-AI-STUDIO\_trainlib\diffusers\modular_pipelines\flux\modular_blocks_flux_kontext.py","23153","2026/8/12 下午 05:44:54"
"C:\Users\TUF Gaming\Desktop\我的專案\財富密碼\LOCAL-AI-STUDIO\_trainlib\diffusers\modular_pipelines\flux\modular_pipeline.py","2133","2026/8/12 下午 05:44:54"
"C:\Users\TUF Gaming\Desktop\我的專案\財富密碼\LOCAL-AI-STUDIO\_trainlib\diffusers\modular_pipelines\flux\__init__.py","1640","2026/8/12 下午 05:44:54"
"C:\Users\TUF Gaming\Desktop\我的專案\財富密碼\LOCAL-AI-STUDIO\_trainlib\diffusers\modular_pipelines\flux\__pycache__\before_denoise.cpython-313.pyc","27410","2026/8/12 下午 05:44:56"
"C:\Users\TUF Gaming\Desktop\我的專案\財富密碼\LOCAL-AI-STUDIO\_trainlib\diffusers\modular_pipelines\flux\__pycache__\decoders.cpython-313.pyc","4661","2026/8/12 下午 05:44:56"
"C:\Users\TUF Gaming\Desktop\我的專案\財富密碼\LOCAL-AI-STUDIO\_trainlib\diffusers\modular_pipelines\flux\__pycache__\denoise.cpython-313.pyc","13623","2026/8/12 下午 05:44:56"
"C:\Users\TUF Gaming\Desktop\我的專案\財富密碼\LOCAL-AI-STUDIO\_trainlib\diffusers\modular_pipelines\flux\__pycache__\encoders.cpython-313.pyc","23193","2026/8/12 下午 05:44:56"
"C:\Users\TUF Gaming\Desktop\我的專案\財富密碼\LOCAL-AI-STUDIO\_trainlib\diffusers\modular_pipelines\flux\__pycache__\inputs.cpython-313.pyc","14267","2026/8/12 下午 05:44:56"
"C:\Users\TUF Gaming\Desktop\我的專案\財富密碼\LOCAL-AI-STUDIO\_trainlib\diffusers\modular_pipelines\flux\__pycache__\modular_blocks_flux.cpython-313.pyc","22370","2026/8/12 下午 05:44:56"
"C:\Users\TUF Gaming\Desktop\我的專案\財富密碼\LOCAL-AI-STUDIO\_trainlib\diffusers\modular_pipelines\flux\__pycache__\modular_blocks_flux_kontext.cpython-313.pyc","23056","2026/8/12 下午 05:44:56"
"C:\Users\TUF Gaming\Desktop\我的專案\財富密碼\LOCAL-AI-STUDIO\_trainlib\diffusers\modular_pipelines\flux\__pycache__\modular_pipeline.cpython-313.pyc","2786","2026/8/12 下午 05:44:56"
"C:\Users\TUF Gaming\Desktop\我的專案\財富密碼\LOCAL-AI-STUDIO\_trainlib\diffusers\modular_pipelines\flux\__pycache__\__init__.cpython-313.pyc","1818","2026/8/12 下午 05:44:56"
"C:\Users\TUF Gaming\Desktop\我的專案\財富密碼\LOCAL-AI-STUDIO\_trainlib\diffusers\modular_pipelines\flux2\before_denoise.py","22238","2026/8/12 下午 05:44:54"
"C:\Users\TUF Gaming\Desktop\我的專案\財富密碼\LOCAL-AI-STUDIO\_trainlib\diffusers\modular_pipelines\flux2\decoders.py","6324","2026/8/12 下午 05:44:54"
"C:\Users\TUF Gaming\Desktop\我的專案\財富密碼\LOCAL-AI-STUDIO\_trainlib\diffusers\modular_pipelines\flux2\denoise.py","18739","2026/8/12 下午 05:44:54"
"C:\Users\TUF Gaming\Desktop\我的專案\財富密碼\LOCAL-AI-STUDIO\_trainlib\diffusers\modular_pipelines\flux2\encoders.py","22362","2026/8/12 下午 05:44:54"
"C:\Users\TUF Gaming\Desktop\我的專案\財富密碼\LOCAL-AI-STUDIO\_trainlib\diffusers\modular_pipelines\flux2\inputs.py","9132","2026/8/12 下午 05:44:54"
"C:\Users\TUF Gaming\Desktop\我的專案\財富密碼\LOCAL-AI-STUDIO\_trainlib\diffusers\modular_pipelines\flux2\modular_blocks_flux2.py","12356","2026/8/12 下午 05:44:54"
"C:\Users\TUF Gaming\Desktop\我的專案\財富密碼\LOCAL-AI-STUDIO\_trainlib\diffusers\modular_pipelines\flux2\modular_blocks_flux2_klein.py","13975","2026/8/12 下午 05:44:54"
"C:\Users\TUF Gaming\Desktop\我的專案\財富密碼\LOCAL-AI-STUDIO\_trainlib\diffusers\modular_pipelines\flux2\modular_blocks_flux2_klein_base.py","14920","2026/8/12 下午 05:44:54"
"C:\Users\TUF Gaming\Desktop\我的專案\財富密碼\LOCAL-AI-STUDIO\_trainlib\diffusers\modular_pipelines\flux2\modular_pipeline.py","3210","2026/8/12 下午 05:44:54"
"C:\Users\TUF Gaming\Desktop\我的專案\財富密碼\LOCAL-AI-STUDIO\_trainlib\diffusers\modular_pipelines\flux2\__init__.py","2025","2026/8/12 下午 05:44:54"
"C:\Users\TUF Gaming\Desktop\我的專案\財富密碼\LOCAL-AI-STUDIO\_trainlib\diffusers\modular_pipelines\flux2\__pycache__\before_denoise.cpython-313.pyc","27184","2026/8/12 下午 05:44:56"
"C:\Users\TUF Gaming\Desktop\我的專案\財富密碼\LOCAL-AI-STUDIO\_trainlib\diffusers\modular_pipelines\flux2\__pycache__\decoders.cpython-313.pyc","8425","2026/8/12 下午 05:44:56"
"C:\Users\TUF Gaming\Desktop\我的專案\財富密碼\LOCAL-AI-STUDIO\_trainlib\diffusers\modular_pipelines\flux2\__pycache__\denoise.cpython-313.pyc","20281","2026/8/12 下午 05:44:56"
"C:\Users\TUF Gaming\Desktop\我的專案\財富密碼\LOCAL-AI-STUDIO\_trainlib\diffusers\modular_pipelines\flux2\__pycache__\encoders.cpython-313.pyc","25172","2026/8/12 下午 05:44:56"
"C:\Users\TUF Gaming\Desktop\我的專案\財富密碼\LOCAL-AI-STUDIO\_trainlib\diffusers\modular_pipelines\flux2\__pycache__\inputs.cpython-313.pyc","9508","2026/8/12 下午 05:44:56"
"C:\Users\TUF Gaming\Desktop\我的專案\財富密碼\LOCAL-AI-STUDIO\_trainlib\diffusers\modular_pipelines\flux2\__pycache__\modular_blocks_flux2.cpython-313.pyc","12879","2026/8/12 下午 05:44:56"
"C:\Users\TUF Gaming\Desktop\我的專案\財富密碼\LOCAL-AI-STUDIO\_trainlib\diffusers\modular_pipelines\flux2\__pycache__\modular_blocks_flux2_klein.cpython-313.pyc","14207","2026/8/12 下午 05:44:56"
"C:\Users\TUF Gaming\Desktop\我的專案\財富密碼\LOCAL-AI-STUDIO\_trainlib\diffusers\modular_pipelines\flux2\__pycache__\modular_blocks_flux2_klein_base.cpython-313.pyc","15069","2026/8/12 下午 05:44:56"
"C:\Users\TUF Gaming\Desktop\我的專案\財富密碼\LOCAL-AI-STUDIO\_trainlib\diffusers\modular_pipelines\flux2\__pycache__\modular_pipeline.cpython-313.pyc","4260","2026/8/12 下午 05:44:56"
"C:\Users\TUF Gaming\Desktop\我的專案\財富密碼\LOCAL-AI-STUDIO\_trainlib\diffusers\modular_pipelines\flux2\__pycache__\__init__.cpython-313.pyc","2061","2026/8/12 下午 05:44:56"
"C:\Users\TUF Gaming\Desktop\我的專案\財富密碼\LOCAL-AI-STUDIO\_trainlib\diffusers\modular_pipelines\helios\before_denoise.py","33857","2026/8/12 下午 05:44:54"
"C:\Users\TUF Gaming\Desktop\我的專案\財富密碼\LOCAL-AI-STUDIO\_trainlib\diffusers\modular_pipelines\helios\decoders.py","4059","2026/8/12 下午 05:44:54"
"C:\Users\TUF Gaming\Desktop\我的專案\財富密碼\LOCAL-AI-STUDIO\_trainlib\diffusers\modular_pipelines\helios\denoise.py","43466","2026/8/12 下午 05:44:54"
"C:\Users\TUF Gaming\Desktop\我的專案\財富密碼\LOCAL-AI-STUDIO\_trainlib\diffusers\modular_pipelines\helios\encoders.py","14969","2026/8/12 下午 05:44:54"
"C:\Users\TUF Gaming\Desktop\我的專案\財富密碼\LOCAL-AI-STUDIO\_trainlib\diffusers\modular_pipelines\helios\modular_blocks_helios.py","23974","2026/8/12 下午 05:44:54"
"C:\Users\TUF Gaming\Desktop\我的專案\財富密碼\LOCAL-AI-STUDIO\_trainlib\diffusers\modular_pipelines\helios\modular_blocks_helios_pyramid.py","23226","2026/8/12 下午 05:44:55"
"C:\Users\TUF Gaming\Desktop\我的專案\財富密碼\LOCAL-AI-STUDIO\_trainlib\diffusers\modular_pipelines\helios\modular_blocks_helios_pyramid_distilled.py","24242","2026/8/12 下午 05:44:55"
"C:\Users\TUF Gaming\Desktop\我的專案\財富密碼\LOCAL-AI-STUDIO\_trainlib\diffusers\modular_pipelines\helios\modular_pipeline.py","2938","2026/8/12 下午 05:44:55"
"C:\Users\TUF Gaming\Desktop\我的專案\財富密碼\LOCAL-AI-STUDIO\_trainlib\diffusers\modular_pipelines\helios\__init__.py","2022","2026/8/12 下午 05:44:54"
"C:\Users\TUF Gaming\Desktop\我的專案\財富密碼\LOCAL-AI-STUDIO\_trainlib\diffusers\modular_pipelines\helios\__pycache__\before_denoise.cpython-313.pyc","35738","2026/8/12 下午 05:44:56"
"C:\Users\TUF Gaming\Desktop\我的專案\財富密碼\LOCAL-AI-STUDIO\_trainlib\diffusers\modular_pipelines\helios\__pycache__\decoders.cpython-313.pyc","5140","2026/8/12 下午 05:44:56"
"C:\Users\TUF Gaming\Desktop\我的專案\財富密碼\LOCAL-AI-STUDIO\_trainlib\diffusers\modular_pipelines\helios\__pycache__\denoise.cpython-313.pyc","45712","2026/8/12 下午 05:44:56"
"C:\Users\TUF Gaming\Desktop\我的專案\財富密碼\LOCAL-AI-STUDIO\_trainlib\diffusers\modular_pipelines\helios\__pycache__\encoders.cpython-313.pyc","18581","2026/8/12 下午 05:44:56"
"C:\Users\TUF Gaming\Desktop\我的專案\財富密碼\LOCAL-AI-STUDIO\_trainlib\diffusers\modular_pipelines\helios\__pycache__\modular_blocks_helios.cpython-313.pyc","23031","2026/8/12 下午 05:44:56"
"C:\Users\TUF Gaming\Desktop\我的專案\財富密碼\LOCAL-AI-STUDIO\_trainlib\diffusers\modular_pipelines\helios\__pycache__\modular_blocks_helios_pyramid.cpython-313.pyc","22419","2026/8/12 下午 05:44:56"
"C:\Users\TUF Gaming\Desktop\我的專案\財富密碼\LOCAL-AI-STUDIO\_trainlib\diffusers\modular_pipelines\helios\__pycache__\modular_blocks_helios_pyramid_distilled.cpython-313.pyc","23398","2026/8/12 下午 05:44:56"
"C:\Users\TUF Gaming\Desktop\我的專案\財富密碼\LOCAL-AI-STUDIO\_trainlib\diffusers\modular_pipelines\helios\__pycache__\modular_pipeline.cpython-313.pyc","3649","2026/8/12 下午 05:44:56"
"C:\Users\TUF Gaming\Desktop\我的專案\財富密碼\LOCAL-AI-STUDIO\_trainlib\diffusers\modular_pipelines\helios\__pycache__\__init__.cpython-313.pyc","2007","2026/8/12 下午 05:44:56"
"C:\Users\TUF Gaming\Desktop\我的專案\財富密碼\LOCAL-AI-STUDIO\_trainlib\diffusers\modular_pipelines\hunyuan_video1_5\before_denoise.py","13424","2026/8/12 下午 05:44:55"
"C:\Users\TUF Gaming\Desktop\我的專案\財富密碼\LOCAL-AI-STUDIO\_trainlib\diffusers\modular_pipelines\hunyuan_video1_5\decoders.py","2503","2026/8/12 下午 05:44:55"
"C:\Users\TUF Gaming\Desktop\我的專案\財富密碼\LOCAL-AI-STUDIO\_trainlib\diffusers\modular_pipelines\hunyuan_video1_5\denoise.py","16007","2026/8/12 下午 05:44:55"
"C:\Users\TUF Gaming\Desktop\我的專案\財富密碼\LOCAL-AI-STUDIO\_trainlib\diffusers\modular_pipelines\hunyuan_video1_5\encoders.py","16502","2026/8/12 下午 05:44:55"
"C:\Users\TUF Gaming\Desktop\我的專案\財富密碼\LOCAL-AI-STUDIO\_trainlib\diffusers\modular_pipelines\hunyuan_video1_5\modular_blocks_hunyuan_video1_5.py","23660","2026/8/12 下午 05:44:55"
"C:\Users\TUF Gaming\Desktop\我的專案\財富密碼\LOCAL-AI-STUDIO\_trainlib\diffusers\modular_pipelines\hunyuan_video1_5\modular_pipeline.py","2963","2026/8/12 下午 05:44:55"
"C:\Users\TUF Gaming\Desktop\我的專案\財富密碼\LOCAL-AI-STUDIO\_trainlib\diffusers\modular_pipelines\hunyuan_video1_5\__init__.py","1509","2026/8/12 下午 05:44:55"
"C:\Users\TUF Gaming\Desktop\我的專案\財富密碼\LOCAL-AI-STUDIO\_trainlib\diffusers\modular_pipelines\hunyuan_video1_5\__pycache__\before_denoise.cpython-313.pyc","16698","2026/8/12 下午 05:44:56"
"C:\Users\TUF Gaming\Desktop\我的專案\財富密碼\LOCAL-AI-STUDIO\_trainlib\diffusers\modular_pipelines\hunyuan_video1_5\__pycache__\decoders.cpython-313.pyc","3440","2026/8/12 下午 05:44:56"
"C:\Users\TUF Gaming\Desktop\我的專案\財富密碼\LOCAL-AI-STUDIO\_trainlib\diffusers\modular_pipelines\hunyuan_video1_5\__pycache__\denoise.cpython-313.pyc","19294","2026/8/12 下午 05:44:56"
"C:\Users\TUF Gaming\Desktop\我的專案\財富密碼\LOCAL-AI-STUDIO\_trainlib\diffusers\modular_pipelines\hunyuan_video1_5\__pycache__\encoders.cpython-313.pyc","18473","2026/8/12 下午 05:44:56"
"C:\Users\TUF Gaming\Desktop\我的專案\財富密碼\LOCAL-AI-STUDIO\_trainlib\diffusers\modular_pipelines\hunyuan_video1_5\__pycache__\modular_blocks_hunyuan_video1_5.cpython-313.pyc","23551","2026/8/12 下午 05:44:56"
"C:\Users\TUF Gaming\Desktop\我的專案\財富密碼\LOCAL-AI-STUDIO\_trainlib\diffusers\modular_pipelines\hunyuan_video1_5\__pycache__\modular_pipeline.cpython-313.pyc","4911","2026/8/12 下午 05:44:56"
"C:\Users\TUF Gaming\Desktop\我的專案\財富密碼\LOCAL-AI-STUDIO\_trainlib\diffusers\modular_pipelines\hunyuan_video1_5\__pycache__\__init__.cpython-313.pyc","1706","2026/8/12 下午 05:44:56"
"C:\Users\TUF Gaming\Desktop\我的專案\財富密碼\LOCAL-AI-STUDIO\_trainlib\diffusers\modular_pipelines\ideogram4\before_denoise.py","23205","2026/8/12 下午 05:44:55"
"C:\Users\TUF Gaming\Desktop\我的專案\財富密碼\LOCAL-AI-STUDIO\_trainlib\diffusers\modular_pipelines\ideogram4\decoders.py","4396","2026/8/12 下午 05:44:55"
"C:\Users\TUF Gaming\Desktop\我的專案\財富密碼\LOCAL-AI-STUDIO\_trainlib\diffusers\modular_pipelines\ideogram4\denoise.py","14563","2026/8/12 下午 05:44:55"
"C:\Users\TUF Gaming\Desktop\我的專案\財富密碼\LOCAL-AI-STUDIO\_trainlib\diffusers\modular_pipelines\ideogram4\encoders.py","14390","2026/8/12 下午 05:44:55"
"C:\Users\TUF Gaming\Desktop\我的專案\財富密碼\LOCAL-AI-STUDIO\_trainlib\diffusers\modular_pipelines\ideogram4\modular_blocks_ideogram4.py","8297","2026/8/12 下午 05:44:55"
"C:\Users\TUF Gaming\Desktop\我的專案\財富密碼\LOCAL-AI-STUDIO\_trainlib\diffusers\modular_pipelines\ideogram4\modular_pipeline.py","1469","2026/8/12 下午 05:44:55"
"C:\Users\TUF Gaming\Desktop\我的專案\財富密碼\LOCAL-AI-STUDIO\_trainlib\diffusers\modular_pipelines\ideogram4\__init__.py","1460","2026/8/12 下午 05:44:55"
"C:\Users\TUF Gaming\Desktop\我的專案\財富密碼\LOCAL-AI-STUDIO\_trainlib\diffusers\modular_pipelines\ideogram4\__pycache__\before_denoise.cpython-313.pyc","25369","2026/8/12 下午 05:44:56"
"C:\Users\TUF Gaming\Desktop\我的專案\財富密碼\LOCAL-AI-STUDIO\_trainlib\diffusers\modular_pipelines\ideogram4\__pycache__\decoders.cpython-313.pyc","5346","2026/8/12 下午 05:44:56"
"C:\Users\TUF Gaming\Desktop\我的專案\財富密碼\LOCAL-AI-STUDIO\_trainlib\diffusers\modular_pipelines\ideogram4\__pycache__\denoise.cpython-313.pyc","16757","2026/8/12 下午 05:44:56"
"C:\Users\TUF Gaming\Desktop\我的專案\財富密碼\LOCAL-AI-STUDIO\_trainlib\diffusers\modular_pipelines\ideogram4\__pycache__\encoders.cpython-313.pyc","14875","2026/8/12 下午 05:44:56"
"C:\Users\TUF Gaming\Desktop\我的專案\財富密碼\LOCAL-AI-STUDIO\_trainlib\diffusers\modular_pipelines\ideogram4\__pycache__\modular_blocks_ideogram4.cpython-313.pyc","7919","2026/8/12 下午 05:44:56"
"C:\Users\TUF Gaming\Desktop\我的專案\財富密碼\LOCAL-AI-STUDIO\_trainlib\diffusers\modular_pipelines\ideogram4\__pycache__\modular_pipeline.cpython-313.pyc","1714","2026/8/12 下午 05:44:56"
"C:\Users\TUF Gaming\Desktop\我的專案\財富密碼\LOCAL-AI-STUDIO\_trainlib\diffusers\modular_pipelines\ideogram4\__pycache__\__init__.cpython-313.pyc","1677","2026/8/12 下午 05:44:56"
"C:\Users\TUF Gaming\Desktop\我的專案\財富密碼\LOCAL-AI-STUDIO\_trainlib\diffusers\modular_pipelines\ltx\before_denoise.py","16090","2026/8/12 下午 05:44:55"
"C:\Users\TUF Gaming\Desktop\我的專案\財富密碼\LOCAL-AI-STUDIO\_trainlib\diffusers\modular_pipelines\ltx\decoders.py","5403","2026/8/12 下午 05:44:55"
"C:\Users\TUF Gaming\Desktop\我的專案\財富密碼\LOCAL-AI-STUDIO\_trainlib\diffusers\modular_pipelines\ltx\denoise.py","18161","2026/8/12 下午 05:44:55"
"C:\Users\TUF Gaming\Desktop\我的專案\財富密碼\LOCAL-AI-STUDIO\_trainlib\diffusers\modular_pipelines\ltx\encoders.py","10085","2026/8/12 下午 05:44:55"
"C:\Users\TUF Gaming\Desktop\我的專案\財富密碼\LOCAL-AI-STUDIO\_trainlib\diffusers\modular_pipelines\ltx\modular_blocks_ltx.py","20241","2026/8/12 下午 05:44:55"
"C:\Users\TUF Gaming\Desktop\我的專案\財富密碼\LOCAL-AI-STUDIO\_trainlib\diffusers\modular_pipelines\ltx\modular_pipeline.py","3193","2026/8/12 下午 05:44:55"
"C:\Users\TUF Gaming\Desktop\我的專案\財富密碼\LOCAL-AI-STUDIO\_trainlib\diffusers\modular_pipelines\ltx\__init__.py","1494","2026/8/12 下午 05:44:55"
"C:\Users\TUF Gaming\Desktop\我的專案\財富密碼\LOCAL-AI-STUDIO\_trainlib\diffusers\modular_pipelines\ltx\__pycache__\before_denoise.cpython-313.pyc","19041","2026/8/12 下午 05:44:56"
"C:\Users\TUF Gaming\Desktop\我的專案\財富密碼\LOCAL-AI-STUDIO\_trainlib\diffusers\modular_pipelines\ltx\__pycache__\decoders.cpython-313.pyc","6465","2026/8/12 下午 05:44:56"
"C:\Users\TUF Gaming\Desktop\我的專案\財富密碼\LOCAL-AI-STUDIO\_trainlib\diffusers\modular_pipelines\ltx\__pycache__\denoise.cpython-313.pyc","22654","2026/8/12 下午 05:44:56"
"C:\Users\TUF Gaming\Desktop\我的專案\財富密碼\LOCAL-AI-STUDIO\_trainlib\diffusers\modular_pipelines\ltx\__pycache__\encoders.cpython-313.pyc","12404","2026/8/12 下午 05:44:56"
"C:\Users\TUF Gaming\Desktop\我的專案\財富密碼\LOCAL-AI-STUDIO\_trainlib\diffusers\modular_pipelines\ltx\__pycache__\modular_blocks_ltx.cpython-313.pyc","20378","2026/8/12 下午 05:44:56"
"C:\Users\TUF Gaming\Desktop\我的專案\財富密碼\LOCAL-AI-STUDIO\_trainlib\diffusers\modular_pipelines\ltx\__pycache__\modular_pipeline.cpython-313.pyc","4586","2026/8/12 下午 05:44:56"
"C:\Users\TUF Gaming\Desktop\我的專案\財富密碼\LOCAL-AI-STUDIO\_trainlib\diffusers\modular_pipelines\ltx\__pycache__\__init__.cpython-313.pyc","1701","2026/8/12 下午 05:44:56"
"C:\Users\TUF Gaming\Desktop\我的專案\財富密碼\LOCAL-AI-STUDIO\_trainlib\diffusers\modular_pipelines\qwenimage\before_denoise.py","52605","2026/8/12 下午 05:44:55"
"C:\Users\TUF Gaming\Desktop\我的專案\財富密碼\LOCAL-AI-STUDIO\_trainlib\diffusers\modular_pipelines\qwenimage\decoders.py","17046","2026/8/12 下午 05:44:55"
"C:\Users\TUF Gaming\Desktop\我的專案\財富密碼\LOCAL-AI-STUDIO\_trainlib\diffusers\modular_pipelines\qwenimage\denoise.py","39402","2026/8/12 下午 05:44:55"
"C:\Users\TUF Gaming\Desktop\我的專案\財富密碼\LOCAL-AI-STUDIO\_trainlib\diffusers\modular_pipelines\qwenimage\encoders.py","64417","2026/8/12 下午 05:44:55"
"C:\Users\TUF Gaming\Desktop\我的專案\財富密碼\LOCAL-AI-STUDIO\_trainlib\diffusers\modular_pipelines\qwenimage\inputs.py","43904","2026/8/12 下午 05:44:55"
"C:\Users\TUF Gaming\Desktop\我的專案\財富密碼\LOCAL-AI-STUDIO\_trainlib\diffusers\modular_pipelines\qwenimage\modular_blocks_qwenimage.py","51624","2026/8/12 下午 05:44:55"
"C:\Users\TUF Gaming\Desktop\我的專案\財富密碼\LOCAL-AI-STUDIO\_trainlib\diffusers\modular_pipelines\qwenimage\modular_blocks_qwenimage_edit.py","31413","2026/8/12 下午 05:44:55"
"C:\Users\TUF Gaming\Desktop\我的專案\財富密碼\LOCAL-AI-STUDIO\_trainlib\diffusers\modular_pipelines\qwenimage\modular_blocks_qwenimage_edit_plus.py","15775","2026/8/12 下午 05:44:55"
"C:\Users\TUF Gaming\Desktop\我的專案\財富密碼\LOCAL-AI-STUDIO\_trainlib\diffusers\modular_pipelines\qwenimage\modular_blocks_qwenimage_layered.py","14518","2026/8/12 下午 05:44:55"
"C:\Users\TUF Gaming\Desktop\我的專案\財富密碼\LOCAL-AI-STUDIO\_trainlib\diffusers\modular_pipelines\qwenimage\modular_pipeline.py","10065","2026/8/12 下午 05:44:55"
"C:\Users\TUF Gaming\Desktop\我的專案\財富密碼\LOCAL-AI-STUDIO\_trainlib\diffusers\modular_pipelines\qwenimage\prompt_templates.py","6059","2026/8/12 下午 05:44:55"
"C:\Users\TUF Gaming\Desktop\我的專案\財富密碼\LOCAL-AI-STUDIO\_trainlib\diffusers\modular_pipelines\qwenimage\__init__.py","2270","2026/8/12 下午 05:44:55"
"C:\Users\TUF Gaming\Desktop\我的專案\財富密碼\LOCAL-AI-STUDIO\_trainlib\diffusers\modular_pipelines\qwenimage\__pycache__\before_denoise.cpython-313.pyc","56866","2026/8/12 下午 05:44:56"
"C:\Users\TUF Gaming\Desktop\我的專案\財富密碼\LOCAL-AI-STUDIO\_trainlib\diffusers\modular_pipelines\qwenimage\__pycache__\decoders.cpython-313.pyc","21269","2026/8/12 下午 05:44:56"
"C:\Users\TUF Gaming\Desktop\我的專案\財富密碼\LOCAL-AI-STUDIO\_trainlib\diffusers\modular_pipelines\qwenimage\__pycache__\denoise.cpython-313.pyc","41303","2026/8/12 下午 05:44:56"
"C:\Users\TUF Gaming\Desktop\我的專案\財富密碼\LOCAL-AI-STUDIO\_trainlib\diffusers\modular_pipelines\qwenimage\__pycache__\encoders.cpython-313.pyc","70810","2026/8/12 下午 05:44:56"
"C:\Users\TUF Gaming\Desktop\我的專案\財富密碼\LOCAL-AI-STUDIO\_trainlib\diffusers\modular_pipelines\qwenimage\__pycache__\inputs.cpython-313.pyc","38998","2026/8/12 下午 05:44:56"
"C:\Users\TUF Gaming\Desktop\我的專案\財富密碼\LOCAL-AI-STUDIO\_trainlib\diffusers\modular_pipelines\qwenimage\__pycache__\modular_blocks_qwenimage.cpython-313.pyc","48928","2026/8/12 下午 05:44:56"
"C:\Users\TUF Gaming\Desktop\我的專案\財富密碼\LOCAL-AI-STUDIO\_trainlib\diffusers\modular_pipelines\qwenimage\__pycache__\modular_blocks_qwenimage_edit.cpython-313.pyc","31443","2026/8/12 下午 05:44:56"
"C:\Users\TUF Gaming\Desktop\我的專案\財富密碼\LOCAL-AI-STUDIO\_trainlib\diffusers\modular_pipelines\qwenimage\__pycache__\modular_blocks_qwenimage_edit_plus.cpython-313.pyc","15492","2026/8/12 下午 05:44:56"
"C:\Users\TUF Gaming\Desktop\我的專案\財富密碼\LOCAL-AI-STUDIO\_trainlib\diffusers\modular_pipelines\qwenimage\__pycache__\modular_blocks_qwenimage_layered.cpython-313.pyc","14217","2026/8/12 下午 05:44:56"
"C:\Users\TUF Gaming\Desktop\我的專案\財富密碼\LOCAL-AI-STUDIO\_trainlib\diffusers\modular_pipelines\qwenimage\__pycache__\modular_pipeline.cpython-313.pyc","11631","2026/8/12 下午 05:44:56"
"C:\Users\TUF Gaming\Desktop\我的專案\財富密碼\LOCAL-AI-STUDIO\_trainlib\diffusers\modular_pipelines\qwenimage\__pycache__\prompt_templates.cpython-313.pyc","4301","2026/8/12 下午 05:44:56"
"C:\Users\TUF Gaming\Desktop\我的專案\財富密碼\LOCAL-AI-STUDIO\_trainlib\diffusers\modular_pipelines\qwenimage\__pycache__\__init__.cpython-313.pyc","2168","2026/8/12 下午 05:44:56"
"C:\Users\TUF Gaming\Desktop\我的專案\財富密碼\LOCAL-AI-STUDIO\_trainlib\diffusers\modular_pipelines\stable_diffusion_3\before_denoise.py","16940","2026/8/12 下午 05:44:55"
"C:\Users\TUF Gaming\Desktop\我的專案\財富密碼\LOCAL-AI-STUDIO\_trainlib\diffusers\modular_pipelines\stable_diffusion_3\decoders.py","2834","2026/8/12 下午 05:44:55"
"C:\Users\TUF Gaming\Desktop\我的專案\財富密碼\LOCAL-AI-STUDIO\_trainlib\diffusers\modular_pipelines\stable_diffusion_3\denoise.py","8131","2026/8/12 下午 05:44:55"
"C:\Users\TUF Gaming\Desktop\我的專案\財富密碼\LOCAL-AI-STUDIO\_trainlib\diffusers\modular_pipelines\stable_diffusion_3\encoders.py","21465","2026/8/12 下午 05:44:55"
"C:\Users\TUF Gaming\Desktop\我的專案\財富密碼\LOCAL-AI-STUDIO\_trainlib\diffusers\modular_pipelines\stable_diffusion_3\inputs.py","13071","2026/8/12 下午 05:44:55"
"C:\Users\TUF Gaming\Desktop\我的專案\財富密碼\LOCAL-AI-STUDIO\_trainlib\diffusers\modular_pipelines\stable_diffusion_3\modular_blocks_stable_diffusion_3.py","14970","2026/8/12 下午 05:44:55"
"C:\Users\TUF Gaming\Desktop\我的專案\財富密碼\LOCAL-AI-STUDIO\_trainlib\diffusers\modular_pipelines\stable_diffusion_3\modular_pipeline.py","2303","2026/8/12 下午 05:44:55"
"C:\Users\TUF Gaming\Desktop\我的專案\財富密碼\LOCAL-AI-STUDIO\_trainlib\diffusers\modular_pipelines\stable_diffusion_3\__init__.py","1506","2026/8/12 下午 05:44:55"
"C:\Users\TUF Gaming\Desktop\我的專案\財富密碼\LOCAL-AI-STUDIO\_trainlib\diffusers\modular_pipelines\stable_diffusion_3\__pycache__\before_denoise.cpython-313.pyc","17655","2026/8/12 下午 05:44:56"
"C:\Users\TUF Gaming\Desktop\我的專案\財富密碼\LOCAL-AI-STUDIO\_trainlib\diffusers\modular_pipelines\stable_diffusion_3\__pycache__\decoders.cpython-313.pyc","3526","2026/8/12 下午 05:44:56"
"C:\Users\TUF Gaming\Desktop\我的專案\財富密碼\LOCAL-AI-STUDIO\_trainlib\diffusers\modular_pipelines\stable_diffusion_3\__pycache__\denoise.cpython-313.pyc","9568","2026/8/12 下午 05:44:56"
"C:\Users\TUF Gaming\Desktop\我的專案\財富密碼\LOCAL-AI-STUDIO\_trainlib\diffusers\modular_pipelines\stable_diffusion_3\__pycache__\encoders.cpython-313.pyc","22849","2026/8/12 下午 05:44:56"
"C:\Users\TUF Gaming\Desktop\我的專案\財富密碼\LOCAL-AI-STUDIO\_trainlib\diffusers\modular_pipelines\stable_diffusion_3\__pycache__\inputs.cpython-313.pyc","12530","2026/8/12 下午 05:44:56"
"C:\Users\TUF Gaming\Desktop\我的專案\財富密碼\LOCAL-AI-STUDIO\_trainlib\diffusers\modular_pipelines\stable_diffusion_3\__pycache__\modular_blocks_stable_diffusion_3.cpython-313.pyc","14040","2026/8/12 下午 05:44:56"
"C:\Users\TUF Gaming\Desktop\我的專案\財富密碼\LOCAL-AI-STUDIO\_trainlib\diffusers\modular_pipelines\stable_diffusion_3\__pycache__\modular_pipeline.cpython-313.pyc","3319","2026/8/12 下午 05:44:56"
"C:\Users\TUF Gaming\Desktop\我的專案\財富密碼\LOCAL-AI-STUDIO\_trainlib\diffusers\modular_pipelines\stable_diffusion_3\__pycache__\__init__.cpython-313.pyc","1710","2026/8/12 下午 05:44:56"
"C:\Users\TUF Gaming\Desktop\我的專案\財富密碼\LOCAL-AI-STUDIO\_trainlib\diffusers\modular_pipelines\stable_diffusion_xl\before_denoise.py","85972","2026/8/12 下午 05:44:55"
"C:\Users\TUF Gaming\Desktop\我的專案\財富密碼\LOCAL-AI-STUDIO\_trainlib\diffusers\modular_pipelines\stable_diffusion_xl\decoders.py","7763","2026/8/12 下午 05:44:55"
"C:\Users\TUF Gaming\Desktop\我的專案\財富密碼\LOCAL-AI-STUDIO\_trainlib\diffusers\modular_pipelines\stable_diffusion_xl\denoise.py","35621","2026/8/12 下午 05:44:55"
"C:\Users\TUF Gaming\Desktop\我的專案\財富密碼\LOCAL-AI-STUDIO\_trainlib\diffusers\modular_pipelines\stable_diffusion_xl\encoders.py","41208","2026/8/12 下午 05:44:55"
"C:\Users\TUF Gaming\Desktop\我的專案\財富密碼\LOCAL-AI-STUDIO\_trainlib\diffusers\modular_pipelines\stable_diffusion_xl\modular_blocks_stable_diffusion_xl.py","25136","2026/8/12 下午 05:44:55"
"C:\Users\TUF Gaming\Desktop\我的專案\財富密碼\LOCAL-AI-STUDIO\_trainlib\diffusers\modular_pipelines\stable_diffusion_xl\modular_pipeline.py","15512","2026/8/12 下午 05:44:55"
"C:\Users\TUF Gaming\Desktop\我的專案\財富密碼\LOCAL-AI-STUDIO\_trainlib\diffusers\modular_pipelines\stable_diffusion_xl\__init__.py","1512","2026/8/12 下午 05:44:55"
"C:\Users\TUF Gaming\Desktop\我的專案\財富密碼\LOCAL-AI-STUDIO\_trainlib\diffusers\modular_pipelines\stable_diffusion_xl\__pycache__\before_denoise.cpython-313.pyc","82397","2026/8/12 下午 05:44:56"
"C:\Users\TUF Gaming\Desktop\我的專案\財富密碼\LOCAL-AI-STUDIO\_trainlib\diffusers\modular_pipelines\stable_diffusion_xl\__pycache__\decoders.cpython-313.pyc","9929","2026/8/12 下午 05:44:56"
"C:\Users\TUF Gaming\Desktop\我的專案\財富密碼\LOCAL-AI-STUDIO\_trainlib\diffusers\modular_pipelines\stable_diffusion_xl\__pycache__\denoise.cpython-313.pyc","34118","2026/8/12 下午 05:44:56"
"C:\Users\TUF Gaming\Desktop\我的專案\財富密碼\LOCAL-AI-STUDIO\_trainlib\diffusers\modular_pipelines\stable_diffusion_xl\__pycache__\encoders.cpython-313.pyc","40169","2026/8/12 下午 05:44:56"
"C:\Users\TUF Gaming\Desktop\我的專案\財富密碼\LOCAL-AI-STUDIO\_trainlib\diffusers\modular_pipelines\stable_diffusion_xl\__pycache__\modular_blocks_stable_diffusion_xl.cpython-313.pyc","23785","2026/8/12 下午 05:44:56"
"C:\Users\TUF Gaming\Desktop\我的專案\財富密碼\LOCAL-AI-STUDIO\_trainlib\diffusers\modular_pipelines\stable_diffusion_xl\__pycache__\modular_pipeline.cpython-313.pyc","12643","2026/8/12 下午 05:44:56"
"C:\Users\TUF Gaming\Desktop\我的專案\財富密碼\LOCAL-AI-STUDIO\_trainlib\diffusers\modular_pipelines\stable_diffusion_xl\__pycache__\__init__.cpython-313.pyc","1715","2026/8/12 下午 05:44:56"
"C:\Users\TUF Gaming\Desktop\我的專案\財富密碼\LOCAL-AI-STUDIO\_trainlib\diffusers\modular_pipelines\wan\before_denoise.py","24177","2026/8/12 下午 05:44:55"
"C:\Users\TUF Gaming\Desktop\我的專案\財富密碼\LOCAL-AI-STUDIO\_trainlib\diffusers\modular_pipelines\wan\decoders.py","3482","2026/8/12 下午 05:44:55"
"C:\Users\TUF Gaming\Desktop\我的專案\財富密碼\LOCAL-AI-STUDIO\_trainlib\diffusers\modular_pipelines\wan\denoise.py","22227","2026/8/12 下午 05:44:55"
"C:\Users\TUF Gaming\Desktop\我的專案\財富密碼\LOCAL-AI-STUDIO\_trainlib\diffusers\modular_pipelines\wan\encoders.py","28411","2026/8/12 下午 05:44:55"
"C:\Users\TUF Gaming\Desktop\我的專案\財富密碼\LOCAL-AI-STUDIO\_trainlib\diffusers\modular_pipelines\wan\modular_blocks_wan.py","5330","2026/8/12 下午 05:44:55"
"C:\Users\TUF Gaming\Desktop\我的專案\財富密碼\LOCAL-AI-STUDIO\_trainlib\diffusers\modular_pipelines\wan\modular_blocks_wan22.py","5870","2026/8/12 下午 05:44:55"
"C:\Users\TUF Gaming\Desktop\我的專案\財富密碼\LOCAL-AI-STUDIO\_trainlib\diffusers\modular_pipelines\wan\modular_blocks_wan22_i2v.py","8047","2026/8/12 下午 05:44:55"
"C:\Users\TUF Gaming\Desktop\我的專案\財富密碼\LOCAL-AI-STUDIO\_trainlib\diffusers\modular_pipelines\wan\modular_blocks_wan_i2v.py","17379","2026/8/12 下午 05:44:55"
"C:\Users\TUF Gaming\Desktop\我的專案\財富密碼\LOCAL-AI-STUDIO\_trainlib\diffusers\modular_pipelines\wan\modular_pipeline.py","4387","2026/8/12 下午 05:44:55"
"C:\Users\TUF Gaming\Desktop\我的專案\財富密碼\LOCAL-AI-STUDIO\_trainlib\diffusers\modular_pipelines\wan\__init__.py","2108","2026/8/12 下午 05:44:55"
"C:\Users\TUF Gaming\Desktop\我的專案\財富密碼\LOCAL-AI-STUDIO\_trainlib\diffusers\modular_pipelines\wan\__pycache__\before_denoise.cpython-313.pyc","25349","2026/8/12 下午 05:44:56"
"C:\Users\TUF Gaming\Desktop\我的專案\財富密碼\LOCAL-AI-STUDIO\_trainlib\diffusers\modular_pipelines\wan\__pycache__\decoders.cpython-313.pyc","4687","2026/8/12 下午 05:44:56"
"C:\Users\TUF Gaming\Desktop\我的專案\財富密碼\LOCAL-AI-STUDIO\_trainlib\diffusers\modular_pipelines\wan\__pycache__\denoise.cpython-313.pyc","22815","2026/8/12 下午 05:44:56"
"C:\Users\TUF Gaming\Desktop\我的專案\財富密碼\LOCAL-AI-STUDIO\_trainlib\diffusers\modular_pipelines\wan\__pycache__\encoders.cpython-313.pyc","35472","2026/8/12 下午 05:44:56"
"C:\Users\TUF Gaming\Desktop\我的專案\財富密碼\LOCAL-AI-STUDIO\_trainlib\diffusers\modular_pipelines\wan\__pycache__\modular_blocks_wan.cpython-313.pyc","5191","2026/8/12 下午 05:44:56"
"C:\Users\TUF Gaming\Desktop\我的專案\財富密碼\LOCAL-AI-STUDIO\_trainlib\diffusers\modular_pipelines\wan\__pycache__\modular_blocks_wan22.cpython-313.pyc","5683","2026/8/12 下午 05:44:56"
"C:\Users\TUF Gaming\Desktop\我的專案\財富密碼\LOCAL-AI-STUDIO\_trainlib\diffusers\modular_pipelines\wan\__pycache__\modular_blocks_wan22_i2v.cpython-313.pyc","7782","2026/8/12 下午 05:44:56"
"C:\Users\TUF Gaming\Desktop\我的專案\財富密碼\LOCAL-AI-STUDIO\_trainlib\diffusers\modular_pipelines\wan\__pycache__\modular_blocks_wan_i2v.cpython-313.pyc","16658","2026/8/12 下午 05:44:56"
"C:\Users\TUF Gaming\Desktop\我的專案\財富密碼\LOCAL-AI-STUDIO\_trainlib\diffusers\modular_pipelines\wan\__pycache__\modular_pipeline.cpython-313.pyc","6335","2026/8/12 下午 05:44:56"
"C:\Users\TUF Gaming\Desktop\我的專案\財富密碼\LOCAL-AI-STUDIO\_trainlib\diffusers\modular_pipelines\wan\__pycache__\__init__.cpython-313.pyc","2077","2026/8/12 下午 05:44:56"
"C:\Users\TUF Gaming\Desktop\我的專案\財富密碼\LOCAL-AI-STUDIO\_trainlib\diffusers\modular_pipelines\z_image\before_denoise.py","26574","2026/8/12 下午 05:44:55"
"C:\Users\TUF Gaming\Desktop\我的專案\財富密碼\LOCAL-AI-STUDIO\_trainlib\diffusers\modular_pipelines\z_image\decoders.py","3072","2026/8/12 下午 05:44:55"
"C:\Users\TUF Gaming\Desktop\我的專案\財富密碼\LOCAL-AI-STUDIO\_trainlib\diffusers\modular_pipelines\z_image\denoise.py","12634","2026/8/12 下午 05:44:55"
"C:\Users\TUF Gaming\Desktop\我的專案\財富密碼\LOCAL-AI-STUDIO\_trainlib\diffusers\modular_pipelines\z_image\encoders.py","12479","2026/8/12 下午 05:44:55"
"C:\Users\TUF Gaming\Desktop\我的專案\財富密碼\LOCAL-AI-STUDIO\_trainlib\diffusers\modular_pipelines\z_image\modular_blocks_z_image.py","12487","2026/8/12 下午 05:44:55"
"C:\Users\TUF Gaming\Desktop\我的專案\財富密碼\LOCAL-AI-STUDIO\_trainlib\diffusers\modular_pipelines\z_image\modular_pipeline.py","2355","2026/8/12 下午 05:44:55"
"C:\Users\TUF Gaming\Desktop\我的專案\財富密碼\LOCAL-AI-STUDIO\_trainlib\diffusers\modular_pipelines\z_image\__init__.py","1444","2026/8/12 下午 05:44:55"
"C:\Users\TUF Gaming\Desktop\我的專案\財富密碼\LOCAL-AI-STUDIO\_trainlib\diffusers\modular_pipelines\z_image\__pycache__\before_denoise.cpython-313.pyc","29748","2026/8/12 下午 05:44:56"
"C:\Users\TUF Gaming\Desktop\我的專案\財富密碼\LOCAL-AI-STUDIO\_trainlib\diffusers\modular_pipelines\z_image\__pycache__\decoders.cpython-313.pyc","3912","2026/8/12 下午 05:44:56"
"C:\Users\TUF Gaming\Desktop\我的專案\財富密碼\LOCAL-AI-STUDIO\_trainlib\diffusers\modular_pipelines\z_image\__pycache__\denoise.cpython-313.pyc","14505","2026/8/12 下午 05:44:56"
"C:\Users\TUF Gaming\Desktop\我的專案\財富密碼\LOCAL-AI-STUDIO\_trainlib\diffusers\modular_pipelines\z_image\__pycache__\encoders.cpython-313.pyc","14496","2026/8/12 下午 05:44:56"
"C:\Users\TUF Gaming\Desktop\我的專案\財富密碼\LOCAL-AI-STUDIO\_trainlib\diffusers\modular_pipelines\z_image\__pycache__\modular_blocks_z_image.cpython-313.pyc","12080","2026/8/12 下午 05:44:56"
"C:\Users\TUF Gaming\Desktop\我的專案\財富密碼\LOCAL-AI-STUDIO\_trainlib\diffusers\modular_pipelines\z_image\__pycache__\modular_pipeline.cpython-313.pyc","3053","2026/8/12 下午 05:44:56"
"C:\Users\TUF Gaming\Desktop\我的專案\財富密碼\LOCAL-AI-STUDIO\_trainlib\diffusers\modular_pipelines\z_image\__pycache__\__init__.cpython-313.pyc","1666","2026/8/12 下午 05:44:56"
"C:\Users\TUF Gaming\Desktop\我的專案\財富密碼\LOCAL-AI-STUDIO\_trainlib\diffusers\modular_pipelines\__pycache__\components_manager.cpython-313.pyc","51390","2026/8/12 下午 05:44:56"
"C:\Users\TUF Gaming\Desktop\我的專案\財富密碼\LOCAL-AI-STUDIO\_trainlib\diffusers\modular_pipelines\__pycache__\mellon_node_utils.cpython-313.pyc","42621","2026/8/12 下午 05:44:56"
"C:\Users\TUF Gaming\Desktop\我的專案\財富密碼\LOCAL-AI-STUDIO\_trainlib\diffusers\modular_pipelines\__pycache__\modular_pipeline.cpython-313.pyc","137688","2026/8/12 下午 05:44:56"
"C:\Users\TUF Gaming\Desktop\我的專案\財富密碼\LOCAL-AI-STUDIO\_trainlib\diffusers\modular_pipelines\__pycache__\modular_pipeline_utils.cpython-313.pyc","56166","2026/8/12 下午 05:44:56"
"C:\Users\TUF Gaming\Desktop\我的專案\財富密碼\LOCAL-AI-STUDIO\_trainlib\diffusers\modular_pipelines\__pycache__\__init__.cpython-313.pyc","5023","2026/8/12 下午 05:44:56"
"C:\Users\TUF Gaming\Desktop\我的專案\財富密碼\LOCAL-AI-STUDIO\_trainlib\diffusers\pipelines\auto_pipeline.py","74246","2026/8/12 下午 05:44:55"
"C:\Users\TUF Gaming\Desktop\我的專案\財富密碼\LOCAL-AI-STUDIO\_trainlib\diffusers\pipelines\free_init_utils.py","7661","2026/8/12 下午 05:44:55"
"C:\Users\TUF Gaming\Desktop\我的專案\財富密碼\LOCAL-AI-STUDIO\_trainlib\diffusers\pipelines\free_noise_utils.py","29596","2026/8/12 下午 05:44:55"
"C:\Users\TUF Gaming\Desktop\我的專案\財富密碼\LOCAL-AI-STUDIO\_trainlib\diffusers\pipelines\onnx_utils.py","8736","2026/8/12 下午 05:44:55"
"C:\Users\TUF Gaming\Desktop\我的專案\財富密碼\LOCAL-AI-STUDIO\_trainlib\diffusers\pipelines\pipeline_flax_utils.py","27184","2026/8/12 下午 05:44:55"
"C:\Users\TUF Gaming\Desktop\我的專案\財富密碼\LOCAL-AI-STUDIO\_trainlib\diffusers\pipelines\pipeline_loading_utils.py","51249","2026/8/12 下午 05:44:55"
"C:\Users\TUF Gaming\Desktop\我的專案\財富密碼\LOCAL-AI-STUDIO\_trainlib\diffusers\pipelines\pipeline_utils.py","120280","2026/8/12 下午 05:44:55"
"C:\Users\TUF Gaming\Desktop\我的專案\財富密碼\LOCAL-AI-STUDIO\_trainlib\diffusers\pipelines\transformers_loading_utils.py","5440","2026/8/12 下午 05:44:55"
"C:\Users\TUF Gaming\Desktop\我的專案\財富密碼\LOCAL-AI-STUDIO\_trainlib\diffusers\pipelines\__init__.py","38768","2026/8/12 下午 05:44:55"
"C:\Users\TUF Gaming\Desktop\我的專案\財富密碼\LOCAL-AI-STUDIO\_trainlib\diffusers\pipelines\ace_step\modeling_ace_step.py","35424","2026/8/12 下午 05:44:55"
"C:\Users\TUF Gaming\Desktop\我的專案\財富密碼\LOCAL-AI-STUDIO\_trainlib\diffusers\pipelines\ace_step\pipeline_ace_step.py","62151","2026/8/12 下午 05:44:55"
"C:\Users\TUF Gaming\Desktop\我的專案\財富密碼\LOCAL-AI-STUDIO\_trainlib\diffusers\pipelines\ace_step\__init__.py","1672","2026/8/12 下午 05:44:55"
"C:\Users\TUF Gaming\Desktop\我的專案\財富密碼\LOCAL-AI-STUDIO\_trainlib\diffusers\pipelines\ace_step\__pycache__\modeling_ace_step.cpython-313.pyc","37621","2026/8/12 下午 05:44:56"
"C:\Users\TUF Gaming\Desktop\我的專案\財富密碼\LOCAL-AI-STUDIO\_trainlib\diffusers\pipelines\ace_step\__pycache__\pipeline_ace_step.cpython-313.pyc","53074","2026/8/12 下午 05:44:56"
"C:\Users\TUF Gaming\Desktop\我的專案\財富密碼\LOCAL-AI-STUDIO\_trainlib\diffusers\pipelines\ace_step\__pycache__\__init__.cpython-313.pyc","1871","2026/8/12 下午 05:44:56"
"C:\Users\TUF Gaming\Desktop\我的專案\財富密碼\LOCAL-AI-STUDIO\_trainlib\diffusers\pipelines\allegro\pipeline_allegro.py","45630","2026/8/12 下午 05:44:55"
"C:\Users\TUF Gaming\Desktop\我的專案\財富密碼\LOCAL-AI-STUDIO\_trainlib\diffusers\pipelines\allegro\pipeline_output.py","686","2026/8/12 下午 05:44:55"
"C:\Users\TUF Gaming\Desktop\我的專案\財富密碼\LOCAL-AI-STUDIO\_trainlib\diffusers\pipelines\allegro\__init__.py","1290","2026/8/12 下午 05:44:55"
"C:\Users\TUF Gaming\Desktop\我的專案\財富密碼\LOCAL-AI-STUDIO\_trainlib\diffusers\pipelines\allegro\__pycache__\pipeline_allegro.cpython-313.pyc","44253","2026/8/12 下午 05:44:56"
"C:\Users\TUF Gaming\Desktop\我的專案\財富密碼\LOCAL-AI-STUDIO\_trainlib\diffusers\pipelines\allegro\__pycache__\pipeline_output.cpython-313.pyc","1299","2026/8/12 下午 05:44:56"
"C:\Users\TUF Gaming\Desktop\我的專案\財富密碼\LOCAL-AI-STUDIO\_trainlib\diffusers\pipelines\allegro\__pycache__\__init__.cpython-313.pyc","1552","2026/8/12 下午 05:44:56"
"C:\Users\TUF Gaming\Desktop\我的專案\財富密碼\LOCAL-AI-STUDIO\_trainlib\diffusers\pipelines\animatediff\pipeline_animatediff.py","42401","2026/8/12 下午 05:44:55"
"C:\Users\TUF Gaming\Desktop\我的專案\財富密碼\LOCAL-AI-STUDIO\_trainlib\diffusers\pipelines\animatediff\pipeline_animatediff_controlnet.py","56069","2026/8/12 下午 05:44:55"
"C:\Users\TUF Gaming\Desktop\我的專案\財富密碼\LOCAL-AI-STUDIO\_trainlib\diffusers\pipelines\animatediff\pipeline_animatediff_sdxl.py","66611","2026/8/12 下午 05:44:55"
"C:\Users\TUF Gaming\Desktop\我的專案\財富密碼\LOCAL-AI-STUDIO\_trainlib\diffusers\pipelines\animatediff\pipeline_animatediff_sparsectrl.py","51802","2026/8/12 下午 05:44:55"
"C:\Users\TUF Gaming\Desktop\我的專案\財富密碼\LOCAL-AI-STUDIO\_trainlib\diffusers\pipelines\animatediff\pipeline_animatediff_video2video.py","52606","2026/8/12 下午 05:44:55"
"C:\Users\TUF Gaming\Desktop\我的專案\財富密碼\LOCAL-AI-STUDIO\_trainlib\diffusers\pipelines\animatediff\pipeline_animatediff_video2video_controlnet.py","67926","2026/8/12 下午 05:44:55"
"C:\Users\TUF Gaming\Desktop\我的專案\財富密碼\LOCAL-AI-STUDIO\_trainlib\diffusers\pipelines\animatediff\pipeline_output.py","693","2026/8/12 下午 05:44:55"
"C:\Users\TUF Gaming\Desktop\我的專案\財富密碼\LOCAL-AI-STUDIO\_trainlib\diffusers\pipelines\animatediff\__init__.py","2324","2026/8/12 下午 05:44:55"
"C:\Users\TUF Gaming\Desktop\我的專案\財富密碼\LOCAL-AI-STUDIO\_trainlib\diffusers\pipelines\animatediff\__pycache__\pipeline_animatediff.cpython-313.pyc","37619","2026/8/12 下午 05:44:56"
"C:\Users\TUF Gaming\Desktop\我的專案\財富密碼\LOCAL-AI-STUDIO\_trainlib\diffusers\pipelines\animatediff\__pycache__\pipeline_animatediff_controlnet.cpython-313.pyc","50818","2026/8/12 下午 05:44:56"
"C:\Users\TUF Gaming\Desktop\我的專案\財富密碼\LOCAL-AI-STUDIO\_trainlib\diffusers\pipelines\animatediff\__pycache__\pipeline_animatediff_sdxl.cpython-313.pyc","60978","2026/8/12 下午 05:44:56"
"C:\Users\TUF Gaming\Desktop\我的專案\財富密碼\LOCAL-AI-STUDIO\_trainlib\diffusers\pipelines\animatediff\__pycache__\pipeline_animatediff_sparsectrl.cpython-313.pyc","47450","2026/8/12 下午 05:44:56"
"C:\Users\TUF Gaming\Desktop\我的專案\財富密碼\LOCAL-AI-STUDIO\_trainlib\diffusers\pipelines\animatediff\__pycache__\pipeline_animatediff_video2video.cpython-313.pyc","48667","2026/8/12 下午 05:44:56"
"C:\Users\TUF Gaming\Desktop\我的專案\財富密碼\LOCAL-AI-STUDIO\_trainlib\diffusers\pipelines\animatediff\__pycache__\pipeline_animatediff_video2video_controlnet.cpython-313.pyc","62587","2026/8/12 下午 05:44:56"
"C:\Users\TUF Gaming\Desktop\我的專案\財富密碼\LOCAL-AI-STUDIO\_trainlib\diffusers\pipelines\animatediff\__pycache__\pipeline_output.cpython-313.pyc","1313","2026/8/12 下午 05:44:56"
"C:\Users\TUF Gaming\Desktop\我的專案\財富密碼\LOCAL-AI-STUDIO\_trainlib\diffusers\pipelines\animatediff\__pycache__\__init__.cpython-313.pyc","2293","2026/8/12 下午 05:44:56"
"C:\Users\TUF Gaming\Desktop\我的專案\財富密碼\LOCAL-AI-STUDIO\_trainlib\diffusers\pipelines\anyflow\pipeline_anyflow.py","30458","2026/8/12 下午 05:44:55"
"C:\Users\TUF Gaming\Desktop\我的專案\財富密碼\LOCAL-AI-STUDIO\_trainlib\diffusers\pipelines\anyflow\pipeline_anyflow_far.py","38644","2026/8/12 下午 05:44:55"
"C:\Users\TUF Gaming\Desktop\我的專案\財富密碼\LOCAL-AI-STUDIO\_trainlib\diffusers\pipelines\anyflow\pipeline_output.py","1249","2026/8/12 下午 05:44:55"
"C:\Users\TUF Gaming\Desktop\我的專案\財富密碼\LOCAL-AI-STUDIO\_trainlib\diffusers\pipelines\anyflow\__init__.py","1420","2026/8/12 下午 05:44:55"
"C:\Users\TUF Gaming\Desktop\我的專案\財富密碼\LOCAL-AI-STUDIO\_trainlib\diffusers\pipelines\anyflow\__pycache__\pipeline_anyflow.cpython-313.pyc","30403","2026/8/12 下午 05:44:56"
"C:\Users\TUF Gaming\Desktop\我的專案\財富密碼\LOCAL-AI-STUDIO\_trainlib\diffusers\pipelines\anyflow\__pycache__\pipeline_anyflow_far.cpython-313.pyc","37941","2026/8/12 下午 05:44:56"
"C:\Users\TUF Gaming\Desktop\我的專案\財富密碼\LOCAL-AI-STUDIO\_trainlib\diffusers\pipelines\anyflow\__pycache__\pipeline_output.cpython-313.pyc","1107","2026/8/12 下午 05:44:56"
"C:\Users\TUF Gaming\Desktop\我的專案\財富密碼\LOCAL-AI-STUDIO\_trainlib\diffusers\pipelines\anyflow\__pycache__\__init__.cpython-313.pyc","1651","2026/8/12 下午 05:44:56"
"C:\Users\TUF Gaming\Desktop\我的專案\財富密碼\LOCAL-AI-STUDIO\_trainlib\diffusers\pipelines\audioldm2\modeling_audioldm2.py","67492","2026/8/12 下午 05:44:55"
"C:\Users\TUF Gaming\Desktop\我的專案\財富密碼\LOCAL-AI-STUDIO\_trainlib\diffusers\pipelines\audioldm2\pipeline_audioldm2.py","56022","2026/8/12 下午 05:44:55"
"C:\Users\TUF Gaming\Desktop\我的專案\財富密碼\LOCAL-AI-STUDIO\_trainlib\diffusers\pipelines\audioldm2\__init__.py","1605","2026/8/12 下午 05:44:55"
"C:\Users\TUF Gaming\Desktop\我的專案\財富密碼\LOCAL-AI-STUDIO\_trainlib\diffusers\pipelines\audioldm2\__pycache__\modeling_audioldm2.cpython-313.pyc","52306","2026/8/12 下午 05:44:56"
"C:\Users\TUF Gaming\Desktop\我的專案\財富密碼\LOCAL-AI-STUDIO\_trainlib\diffusers\pipelines\audioldm2\__pycache__\pipeline_audioldm2.cpython-313.pyc","48449","2026/8/12 下午 05:44:56"
"C:\Users\TUF Gaming\Desktop\我的專案\財富密碼\LOCAL-AI-STUDIO\_trainlib\diffusers\pipelines\audioldm2\__pycache__\__init__.cpython-313.pyc","1856","2026/8/12 下午 05:44:56"
"C:\Users\TUF Gaming\Desktop\我的專案\財富密碼\LOCAL-AI-STUDIO\_trainlib\diffusers\pipelines\aura_flow\pipeline_aura_flow.py","32774","2026/8/12 下午 05:44:55"
"C:\Users\TUF Gaming\Desktop\我的專案\財富密碼\LOCAL-AI-STUDIO\_trainlib\diffusers\pipelines\aura_flow\__init__.py","1296","2026/8/12 下午 05:44:55"
"C:\Users\TUF Gaming\Desktop\我的專案\財富密碼\LOCAL-AI-STUDIO\_trainlib\diffusers\pipelines\aura_flow\__pycache__\pipeline_aura_flow.cpython-313.pyc","30333","2026/8/12 下午 05:44:56"
"C:\Users\TUF Gaming\Desktop\我的專案\財富密碼\LOCAL-AI-STUDIO\_trainlib\diffusers\pipelines\aura_flow\__pycache__\__init__.cpython-313.pyc","1558","2026/8/12 下午 05:44:56"
"C:\Users\TUF Gaming\Desktop\我的專案\財富密碼\LOCAL-AI-STUDIO\_trainlib\diffusers\pipelines\bria\pipeline_bria.py","35149","2026/8/12 下午 05:44:55"
"C:\Users\TUF Gaming\Desktop\我的專案\財富密碼\LOCAL-AI-STUDIO\_trainlib\diffusers\pipelines\bria\pipeline_output.py","549","2026/8/12 下午 05:44:55"
"C:\Users\TUF Gaming\Desktop\我的專案\財富密碼\LOCAL-AI-STUDIO\_trainlib\diffusers\pipelines\bria\__init__.py","1278","2026/8/12 下午 05:44:55"
"C:\Users\TUF Gaming\Desktop\我的專案\財富密碼\LOCAL-AI-STUDIO\_trainlib\diffusers\pipelines\bria\__pycache__\pipeline_bria.cpython-313.pyc","34521","2026/8/12 下午 05:44:56"
"C:\Users\TUF Gaming\Desktop\我的專案\財富密碼\LOCAL-AI-STUDIO\_trainlib\diffusers\pipelines\bria\__pycache__\pipeline_output.cpython-313.pyc","1125","2026/8/12 下午 05:44:56"
"C:\Users\TUF Gaming\Desktop\我的專案\財富密碼\LOCAL-AI-STUDIO\_trainlib\diffusers\pipelines\bria\__pycache__\__init__.cpython-313.pyc","1541","2026/8/12 下午 05:44:56"
"C:\Users\TUF Gaming\Desktop\我的專案\財富密碼\LOCAL-AI-STUDIO\_trainlib\diffusers\pipelines\bria_fibo\pipeline_bria_fibo.py","34694","2026/8/12 下午 05:44:55"
"C:\Users\TUF Gaming\Desktop\我的專案\財富密碼\LOCAL-AI-STUDIO\_trainlib\diffusers\pipelines\bria_fibo\pipeline_bria_fibo_edit.py","46227","2026/8/12 下午 05:44:55"
"C:\Users\TUF Gaming\Desktop\我的專案\財富密碼\LOCAL-AI-STUDIO\_trainlib\diffusers\pipelines\bria_fibo\pipeline_output.py","556","2026/8/12 下午 05:44:55"
"C:\Users\TUF Gaming\Desktop\我的專案\財富密碼\LOCAL-AI-STUDIO\_trainlib\diffusers\pipelines\bria_fibo\__init__.py","1439","2026/8/12 下午 05:44:55"
"C:\Users\TUF Gaming\Desktop\我的專案\財富密碼\LOCAL-AI-STUDIO\_trainlib\diffusers\pipelines\bria_fibo\__pycache__\pipeline_bria_fibo.cpython-313.pyc","33963","2026/8/12 下午 05:44:56"
"C:\Users\TUF Gaming\Desktop\我的專案\財富密碼\LOCAL-AI-STUDIO\_trainlib\diffusers\pipelines\bria_fibo\__pycache__\pipeline_bria_fibo_edit.cpython-313.pyc","48459","2026/8/12 下午 05:44:56"
"C:\Users\TUF Gaming\Desktop\我的專案\財富密碼\LOCAL-AI-STUDIO\_trainlib\diffusers\pipelines\bria_fibo\__pycache__\pipeline_output.cpython-313.pyc","1136","2026/8/12 下午 05:44:56"
"C:\Users\TUF Gaming\Desktop\我的專案\財富密碼\LOCAL-AI-STUDIO\_trainlib\diffusers\pipelines\bria_fibo\__pycache__\__init__.cpython-313.pyc","1667","2026/8/12 下午 05:44:56"
"C:\Users\TUF Gaming\Desktop\我的專案\財富密碼\LOCAL-AI-STUDIO\_trainlib\diffusers\pipelines\chroma\pipeline_chroma.py","46026","2026/8/12 下午 05:44:55"
"C:\Users\TUF Gaming\Desktop\我的專案\財富密碼\LOCAL-AI-STUDIO\_trainlib\diffusers\pipelines\chroma\pipeline_chroma_img2img.py","50371","2026/8/12 下午 05:44:55"
"C:\Users\TUF Gaming\Desktop\我的專案\財富密碼\LOCAL-AI-STUDIO\_trainlib\diffusers\pipelines\chroma\pipeline_chroma_inpainting.py","57356","2026/8/12 下午 05:44:55"
"C:\Users\TUF Gaming\Desktop\我的專案\財富密碼\LOCAL-AI-STUDIO\_trainlib\diffusers\pipelines\chroma\pipeline_output.py","563","2026/8/12 下午 05:44:55"
"C:\Users\TUF Gaming\Desktop\我的專案\財富密碼\LOCAL-AI-STUDIO\_trainlib\diffusers\pipelines\chroma\__init__.py","1761","2026/8/12 下午 05:44:55"
"C:\Users\TUF Gaming\Desktop\我的專案\財富密碼\LOCAL-AI-STUDIO\_trainlib\diffusers\pipelines\chroma\__pycache__\pipeline_chroma.cpython-313.pyc","43311","2026/8/12 下午 05:44:56"
"C:\Users\TUF Gaming\Desktop\我的專案\財富密碼\LOCAL-AI-STUDIO\_trainlib\diffusers\pipelines\chroma\__pycache__\pipeline_chroma_img2img.cpython-313.pyc","48611","2026/8/12 下午 05:44:56"
"C:\Users\TUF Gaming\Desktop\我的專案\財富密碼\LOCAL-AI-STUDIO\_trainlib\diffusers\pipelines\chroma\__pycache__\pipeline_chroma_inpainting.cpython-313.pyc","53044","2026/8/12 下午 05:44:56"
"C:\Users\TUF Gaming\Desktop\我的專案\財富密碼\LOCAL-AI-STUDIO\_trainlib\diffusers\pipelines\chroma\__pycache__\pipeline_output.cpython-313.pyc","1141","2026/8/12 下午 05:44:56"
"C:\Users\TUF Gaming\Desktop\我的專案\財富密碼\LOCAL-AI-STUDIO\_trainlib\diffusers\pipelines\chroma\__pycache__\__init__.cpython-313.pyc","1992","2026/8/12 下午 05:44:56"
"C:\Users\TUF Gaming\Desktop\我的專案\財富密碼\LOCAL-AI-STUDIO\_trainlib\diffusers\pipelines\chronoedit\pipeline_chronoedit.py","36001","2026/8/12 下午 05:44:55"
"C:\Users\TUF Gaming\Desktop\我的專案\財富密碼\LOCAL-AI-STUDIO\_trainlib\diffusers\pipelines\chronoedit\pipeline_output.py","619","2026/8/12 下午 05:44:55"
"C:\Users\TUF Gaming\Desktop\我的專案\財富密碼\LOCAL-AI-STUDIO\_trainlib\diffusers\pipelines\chronoedit\__init__.py","1301","2026/8/12 下午 05:44:55"
"C:\Users\TUF Gaming\Desktop\我的專案\財富密碼\LOCAL-AI-STUDIO\_trainlib\diffusers\pipelines\chronoedit\__pycache__\pipeline_chronoedit.cpython-313.pyc","37397","2026/8/12 下午 05:44:56"
"C:\Users\TUF Gaming\Desktop\我的專案\財富密碼\LOCAL-AI-STUDIO\_trainlib\diffusers\pipelines\chronoedit\__pycache__\pipeline_output.cpython-313.pyc","1119","2026/8/12 下午 05:44:56"
"C:\Users\TUF Gaming\Desktop\我的專案\財富密碼\LOCAL-AI-STUDIO\_trainlib\diffusers\pipelines\chronoedit\__pycache__\__init__.cpython-313.pyc","1562","2026/8/12 下午 05:44:56"
"C:\Users\TUF Gaming\Desktop\我的專案\財富密碼\LOCAL-AI-STUDIO\_trainlib\diffusers\pipelines\cogvideo\pipeline_cogvideox.py","38153","2026/8/12 下午 05:44:55"
"C:\Users\TUF Gaming\Desktop\我的專案\財富密碼\LOCAL-AI-STUDIO\_trainlib\diffusers\pipelines\cogvideo\pipeline_cogvideox_fun_control.py","40711","2026/8/12 下午 05:44:55"
"C:\Users\TUF Gaming\Desktop\我的專案\財富密碼\LOCAL-AI-STUDIO\_trainlib\diffusers\pipelines\cogvideo\pipeline_cogvideox_image2video.py","43132","2026/8/12 下午 05:44:55"
"C:\Users\TUF Gaming\Desktop\我的專案\財富密碼\LOCAL-AI-STUDIO\_trainlib\diffusers\pipelines\cogvideo\pipeline_cogvideox_video2video.py","41750","2026/8/12 下午 05:44:55"
"C:\Users\TUF Gaming\Desktop\我的專案\財富密碼\LOCAL-AI-STUDIO\_trainlib\diffusers\pipelines\cogvideo\pipeline_output.py","616","2026/8/12 下午 05:44:55"
"C:\Users\TUF Gaming\Desktop\我的專案\財富密碼\LOCAL-AI-STUDIO\_trainlib\diffusers\pipelines\cogvideo\__init__.py","1816","2026/8/12 下午 05:44:55"
"C:\Users\TUF Gaming\Desktop\我的專案\財富密碼\LOCAL-AI-STUDIO\_trainlib\diffusers\pipelines\cogvideo\__pycache__\pipeline_cogvideox.cpython-313.pyc","36764","2026/8/12 下午 05:44:56"
"C:\Users\TUF Gaming\Desktop\我的專案\財富密碼\LOCAL-AI-STUDIO\_trainlib\diffusers\pipelines\cogvideo\__pycache__\pipeline_cogvideox_fun_control.cpython-313.pyc","39403","2026/8/12 下午 05:44:56"
"C:\Users\TUF Gaming\Desktop\我的專案\財富密碼\LOCAL-AI-STUDIO\_trainlib\diffusers\pipelines\cogvideo\__pycache__\pipeline_cogvideox_image2video.cpython-313.pyc","41719","2026/8/12 下午 05:44:56"
"C:\Users\TUF Gaming\Desktop\我的專案\財富密碼\LOCAL-AI-STUDIO\_trainlib\diffusers\pipelines\cogvideo\__pycache__\pipeline_cogvideox_video2video.cpython-313.pyc","40601","2026/8/12 下午 05:44:56"
"C:\Users\TUF Gaming\Desktop\我的專案\財富密碼\LOCAL-AI-STUDIO\_trainlib\diffusers\pipelines\cogvideo\__pycache__\pipeline_output.cpython-313.pyc","1114","2026/8/12 下午 05:44:56"
"C:\Users\TUF Gaming\Desktop\我的專案\財富密碼\LOCAL-AI-STUDIO\_trainlib\diffusers\pipelines\cogvideo\__pycache__\__init__.cpython-313.pyc","1924","2026/8/12 下午 05:44:56"
"C:\Users\TUF Gaming\Desktop\我的專案\財富密碼\LOCAL-AI-STUDIO\_trainlib\diffusers\pipelines\cogview3\pipeline_cogview3plus.py","33744","2026/8/12 下午 05:44:55"
"C:\Users\TUF Gaming\Desktop\我的專案\財富密碼\LOCAL-AI-STUDIO\_trainlib\diffusers\pipelines\cogview3\pipeline_output.py","557","2026/8/12 下午 05:44:55"
"C:\Users\TUF Gaming\Desktop\我的專案\財富密碼\LOCAL-AI-STUDIO\_trainlib\diffusers\pipelines\cogview3\__init__.py","1497","2026/8/12 下午 05:44:55"
"C:\Users\TUF Gaming\Desktop\我的專案\財富密碼\LOCAL-AI-STUDIO\_trainlib\diffusers\pipelines\cogview3\__pycache__\pipeline_cogview3plus.cpython-313.pyc","31288","2026/8/12 下午 05:44:57"
"C:\Users\TUF Gaming\Desktop\我的專案\財富密碼\LOCAL-AI-STUDIO\_trainlib\diffusers\pipelines\cogview3\__pycache__\pipeline_output.cpython-313.pyc","1137","2026/8/12 下午 05:44:57"
"C:\Users\TUF Gaming\Desktop\我的專案\財富密碼\LOCAL-AI-STUDIO\_trainlib\diffusers\pipelines\cogview3\__pycache__\__init__.cpython-313.pyc","1797","2026/8/12 下午 05:44:56"
"C:\Users\TUF Gaming\Desktop\我的專案\財富密碼\LOCAL-AI-STUDIO\_trainlib\diffusers\pipelines\cogview4\pipeline_cogview4.py","33802","2026/8/12 下午 05:44:55"
"C:\Users\TUF Gaming\Desktop\我的專案\財富密碼\LOCAL-AI-STUDIO\_trainlib\diffusers\pipelines\cogview4\pipeline_cogview4_control.py","35746","2026/8/12 下午 05:44:55"
"C:\Users\TUF Gaming\Desktop\我的專案\財富密碼\LOCAL-AI-STUDIO\_trainlib\diffusers\pipelines\cogview4\pipeline_output.py","557","2026/8/12 下午 05:44:55"
"C:\Users\TUF Gaming\Desktop\我的專案\財富密碼\LOCAL-AI-STUDIO\_trainlib\diffusers\pipelines\cogview4\__init__.py","1633","2026/8/12 下午 05:44:55"
"C:\Users\TUF Gaming\Desktop\我的專案\財富密碼\LOCAL-AI-STUDIO\_trainlib\diffusers\pipelines\cogview4\__pycache__\pipeline_cogview4.cpython-313.pyc","33469","2026/8/12 下午 05:44:57"
"C:\Users\TUF Gaming\Desktop\我的專案\財富密碼\LOCAL-AI-STUDIO\_trainlib\diffusers\pipelines\cogview4\__pycache__\pipeline_cogview4_control.cpython-313.pyc","34998","2026/8/12 下午 05:44:57"
"C:\Users\TUF Gaming\Desktop\我的專案\財富密碼\LOCAL-AI-STUDIO\_trainlib\diffusers\pipelines\cogview4\__pycache__\pipeline_output.cpython-313.pyc","1137","2026/8/12 下午 05:44:57"
"C:\Users\TUF Gaming\Desktop\我的專案\財富密碼\LOCAL-AI-STUDIO\_trainlib\diffusers\pipelines\cogview4\__pycache__\__init__.cpython-313.pyc","1899","2026/8/12 下午 05:44:57"
"C:\Users\TUF Gaming\Desktop\我的專案\財富密碼\LOCAL-AI-STUDIO\_trainlib\diffusers\pipelines\consisid\consisid_utils.py","14589","2026/8/12 下午 05:44:55"
"C:\Users\TUF Gaming\Desktop\我的專案\財富密碼\LOCAL-AI-STUDIO\_trainlib\diffusers\pipelines\consisid\pipeline_consisid.py","46767","2026/8/12 下午 05:44:55"
"C:\Users\TUF Gaming\Desktop\我的專案\財富密碼\LOCAL-AI-STUDIO\_trainlib\diffusers\pipelines\consisid\pipeline_output.py","615","2026/8/12 下午 05:44:55"
"C:\Users\TUF Gaming\Desktop\我的專案\財富密碼\LOCAL-AI-STUDIO\_trainlib\diffusers\pipelines\consisid\__init__.py","1367","2026/8/12 下午 05:44:55"
"C:\Users\TUF Gaming\Desktop\我的專案\財富密碼\LOCAL-AI-STUDIO\_trainlib\diffusers\pipelines\consisid\__pycache__\consisid_utils.cpython-313.pyc","16217","2026/8/12 下午 05:44:57"
"C:\Users\TUF Gaming\Desktop\我的專案\財富密碼\LOCAL-AI-STUDIO\_trainlib\diffusers\pipelines\consisid\__pycache__\pipeline_consisid.cpython-313.pyc","46326","2026/8/12 下午 05:44:57"
"C:\Users\TUF Gaming\Desktop\我的專案\財富密碼\LOCAL-AI-STUDIO\_trainlib\diffusers\pipelines\consisid\__pycache__\pipeline_output.cpython-313.pyc","1113","2026/8/12 下午 05:44:57"
"C:\Users\TUF Gaming\Desktop\我的專案\財富密碼\LOCAL-AI-STUDIO\_trainlib\diffusers\pipelines\consisid\__pycache__\__init__.cpython-313.pyc","1636","2026/8/12 下午 05:44:57"
"C:\Users\TUF Gaming\Desktop\我的專案\財富密碼\LOCAL-AI-STUDIO\_trainlib\diffusers\pipelines\consistency_models\pipeline_consistency_models.py","12530","2026/8/12 下午 05:44:55"
"C:\Users\TUF Gaming\Desktop\我的專案\財富密碼\LOCAL-AI-STUDIO\_trainlib\diffusers\pipelines\consistency_models\__init__.py","484","2026/8/12 下午 05:44:55"
"C:\Users\TUF Gaming\Desktop\我的專案\財富密碼\LOCAL-AI-STUDIO\_trainlib\diffusers\pipelines\consistency_models\__pycache__\pipeline_consistency_models.cpython-313.pyc","12511","2026/8/12 下午 05:44:57"
"C:\Users\TUF Gaming\Desktop\我的專案\財富密碼\LOCAL-AI-STUDIO\_trainlib\diffusers\pipelines\consistency_models\__pycache__\__init__.cpython-313.pyc","702","2026/8/12 下午 05:44:57"
"C:\Users\TUF Gaming\Desktop\我的專案\財富密碼\LOCAL-AI-STUDIO\_trainlib\diffusers\pipelines\controlnet\multicontrolnet.py","684","2026/8/12 下午 05:44:55"
"C:\Users\TUF Gaming\Desktop\我的專案\財富密碼\LOCAL-AI-STUDIO\_trainlib\diffusers\pipelines\controlnet\pipeline_controlnet.py","68781","2026/8/12 下午 05:44:55"
"C:\Users\TUF Gaming\Desktop\我的專案\財富密碼\LOCAL-AI-STUDIO\_trainlib\diffusers\pipelines\controlnet\pipeline_controlnet_blip_diffusion.py","17868","2026/8/12 下午 05:44:55"
"C:\Users\TUF Gaming\Desktop\我的專案\財富密碼\LOCAL-AI-STUDIO\_trainlib\diffusers\pipelines\controlnet\pipeline_controlnet_img2img.py","67435","2026/8/12 下午 05:44:55"
"C:\Users\TUF Gaming\Desktop\我的專案\財富密碼\LOCAL-AI-STUDIO\_trainlib\diffusers\pipelines\controlnet\pipeline_controlnet_inpaint.py","76484","2026/8/12 下午 05:44:55"
"C:\Users\TUF Gaming\Desktop\我的專案\財富密碼\LOCAL-AI-STUDIO\_trainlib\diffusers\pipelines\controlnet\pipeline_controlnet_inpaint_sd_xl.py","96596","2026/8/12 下午 05:44:55"
"C:\Users\TUF Gaming\Desktop\我的專案\財富密碼\LOCAL-AI-STUDIO\_trainlib\diffusers\pipelines\controlnet\pipeline_controlnet_sd_xl.py","82256","2026/8/12 下午 05:44:55"
"C:\Users\TUF Gaming\Desktop\我的專案\財富密碼\LOCAL-AI-STUDIO\_trainlib\diffusers\pipelines\controlnet\pipeline_controlnet_sd_xl_img2img.py","86665","2026/8/12 下午 05:44:55"
"C:\Users\TUF Gaming\Desktop\我的專案\財富密碼\LOCAL-AI-STUDIO\_trainlib\diffusers\pipelines\controlnet\pipeline_controlnet_union_inpaint_sd_xl.py","97297","2026/8/12 下午 05:44:55"
"C:\Users\TUF Gaming\Desktop\我的專案\財富密碼\LOCAL-AI-STUDIO\_trainlib\diffusers\pipelines\controlnet\pipeline_controlnet_union_sd_xl.py","82904","2026/8/12 下午 05:44:55"
"C:\Users\TUF Gaming\Desktop\我的專案\財富密碼\LOCAL-AI-STUDIO\_trainlib\diffusers\pipelines\controlnet\pipeline_controlnet_union_sd_xl_img2img.py","88197","2026/8/12 下午 05:44:55"
"C:\Users\TUF Gaming\Desktop\我的專案\財富密碼\LOCAL-AI-STUDIO\_trainlib\diffusers\pipelines\controlnet\pipeline_flax_controlnet.py","22603","2026/8/12 下午 05:44:55"
"C:\Users\TUF Gaming\Desktop\我的專案\財富密碼\LOCAL-AI-STUDIO\_trainlib\diffusers\pipelines\controlnet\__init__.py","4031","2026/8/12 下午 05:44:55"
"C:\Users\TUF Gaming\Desktop\我的專案\財富密碼\LOCAL-AI-STUDIO\_trainlib\diffusers\pipelines\controlnet\__pycache__\multicontrolnet.cpython-313.pyc","1320","2026/8/12 下午 05:44:57"
"C:\Users\TUF Gaming\Desktop\我的專案\財富密碼\LOCAL-AI-STUDIO\_trainlib\diffusers\pipelines\controlnet\__pycache__\pipeline_controlnet.cpython-313.pyc","63816","2026/8/12 下午 05:44:57"
"C:\Users\TUF Gaming\Desktop\我的專案\財富密碼\LOCAL-AI-STUDIO\_trainlib\diffusers\pipelines\controlnet\__pycache__\pipeline_controlnet_blip_diffusion.cpython-313.pyc","17364","2026/8/12 下午 05:44:57"
"C:\Users\TUF Gaming\Desktop\我的專案\財富密碼\LOCAL-AI-STUDIO\_trainlib\diffusers\pipelines\controlnet\__pycache__\pipeline_controlnet_img2img.cpython-313.pyc","62837","2026/8/12 下午 05:44:57"
"C:\Users\TUF Gaming\Desktop\我的專案\財富密碼\LOCAL-AI-STUDIO\_trainlib\diffusers\pipelines\controlnet\__pycache__\pipeline_controlnet_inpaint.cpython-313.pyc","68653","2026/8/12 下午 05:44:57"
"C:\Users\TUF Gaming\Desktop\我的專案\財富密碼\LOCAL-AI-STUDIO\_trainlib\diffusers\pipelines\controlnet\__pycache__\pipeline_controlnet_inpaint_sd_xl.cpython-313.pyc","84932","2026/8/12 下午 05:44:57"
"C:\Users\TUF Gaming\Desktop\我的專案\財富密碼\LOCAL-AI-STUDIO\_trainlib\diffusers\pipelines\controlnet\__pycache__\pipeline_controlnet_sd_xl.cpython-313.pyc","75246","2026/8/12 下午 05:44:57"
"C:\Users\TUF Gaming\Desktop\我的專案\財富密碼\LOCAL-AI-STUDIO\_trainlib\diffusers\pipelines\controlnet\__pycache__\pipeline_controlnet_sd_xl_img2img.cpython-313.pyc","78662","2026/8/12 下午 05:44:57"
"C:\Users\TUF Gaming\Desktop\我的專案\財富密碼\LOCAL-AI-STUDIO\_trainlib\diffusers\pipelines\controlnet\__pycache__\pipeline_controlnet_union_inpaint_sd_xl.cpython-313.pyc","86237","2026/8/12 下午 05:44:57"
"C:\Users\TUF Gaming\Desktop\我的專案\財富密碼\LOCAL-AI-STUDIO\_trainlib\diffusers\pipelines\controlnet\__pycache__\pipeline_controlnet_union_sd_xl.cpython-313.pyc","77054","2026/8/12 下午 05:44:57"
"C:\Users\TUF Gaming\Desktop\我的專案\財富密碼\LOCAL-AI-STUDIO\_trainlib\diffusers\pipelines\controlnet\__pycache__\pipeline_controlnet_union_sd_xl_img2img.cpython-313.pyc","80690","2026/8/12 下午 05:44:57"
"C:\Users\TUF Gaming\Desktop\我的專案\財富密碼\LOCAL-AI-STUDIO\_trainlib\diffusers\pipelines\controlnet\__pycache__\pipeline_flax_controlnet.cpython-313.pyc","23361","2026/8/12 下午 05:44:57"
"C:\Users\TUF Gaming\Desktop\我的專案\財富密碼\LOCAL-AI-STUDIO\_trainlib\diffusers\pipelines\controlnet\__pycache__\__init__.cpython-313.pyc","3523","2026/8/12 下午 05:44:57"
"C:\Users\TUF Gaming\Desktop\我的專案\財富密碼\LOCAL-AI-STUDIO\_trainlib\diffusers\pipelines\controlnet_hunyuandit\pipeline_hunyuandit_controlnet.py","50769","2026/8/12 下午 05:44:55"
"C:\Users\TUF Gaming\Desktop\我的專案\財富密碼\LOCAL-AI-STUDIO\_trainlib\diffusers\pipelines\controlnet_hunyuandit\__init__.py","1344","2026/8/12 下午 05:44:55"
"C:\Users\TUF Gaming\Desktop\我的專案\財富密碼\LOCAL-AI-STUDIO\_trainlib\diffusers\pipelines\controlnet_hunyuandit\__pycache__\pipeline_hunyuandit_controlnet.cpython-313.pyc","44896","2026/8/12 下午 05:44:57"
"C:\Users\TUF Gaming\Desktop\我的專案\財富密碼\LOCAL-AI-STUDIO\_trainlib\diffusers\pipelines\controlnet_hunyuandit\__pycache__\__init__.cpython-313.pyc","1596","2026/8/12 下午 05:44:57"
"C:\Users\TUF Gaming\Desktop\我的專案\財富密碼\LOCAL-AI-STUDIO\_trainlib\diffusers\pipelines\controlnet_sd3\pipeline_stable_diffusion_3_controlnet.py","62738","2026/8/12 下午 05:44:55"
"C:\Users\TUF Gaming\Desktop\我的專案\財富密碼\LOCAL-AI-STUDIO\_trainlib\diffusers\pipelines\controlnet_sd3\pipeline_stable_diffusion_3_controlnet_inpainting.py","70626","2026/8/12 下午 05:44:55"
"C:\Users\TUF Gaming\Desktop\我的專案\財富密碼\LOCAL-AI-STUDIO\_trainlib\diffusers\pipelines\controlnet_sd3\__init__.py","1897","2026/8/12 下午 05:44:55"
"C:\Users\TUF Gaming\Desktop\我的專案\財富密碼\LOCAL-AI-STUDIO\_trainlib\diffusers\pipelines\controlnet_sd3\__pycache__\pipeline_stable_diffusion_3_controlnet.cpython-313.pyc","56202","2026/8/12 下午 05:44:57"
"C:\Users\TUF Gaming\Desktop\我的專案\財富密碼\LOCAL-AI-STUDIO\_trainlib\diffusers\pipelines\controlnet_sd3\__pycache__\pipeline_stable_diffusion_3_controlnet_inpainting.cpython-313.pyc","64695","2026/8/12 下午 05:44:57"
"C:\Users\TUF Gaming\Desktop\我的專案\財富密碼\LOCAL-AI-STUDIO\_trainlib\diffusers\pipelines\controlnet_sd3\__pycache__\__init__.cpython-313.pyc","1997","2026/8/12 下午 05:44:57"
"C:\Users\TUF Gaming\Desktop\我的專案\財富密碼\LOCAL-AI-STUDIO\_trainlib\diffusers\pipelines\cosmos\pipeline_cosmos2_5_predict.py","43903","2026/8/12 下午 05:44:55"
"C:\Users\TUF Gaming\Desktop\我的專案\財富密碼\LOCAL-AI-STUDIO\_trainlib\diffusers\pipelines\cosmos\pipeline_cosmos2_5_transfer.py","51191","2026/8/12 下午 05:44:55"
"C:\Users\TUF Gaming\Desktop\我的專案\財富密碼\LOCAL-AI-STUDIO\_trainlib\diffusers\pipelines\cosmos\pipeline_cosmos2_text2image.py","34030","2026/8/12 下午 05:44:55"
"C:\Users\TUF Gaming\Desktop\我的專案\財富密碼\LOCAL-AI-STUDIO\_trainlib\diffusers\pipelines\cosmos\pipeline_cosmos2_video2world.py","40094","2026/8/12 下午 05:44:55"
"C:\Users\TUF Gaming\Desktop\我的專案\財富密碼\LOCAL-AI-STUDIO\_trainlib\diffusers\pipelines\cosmos\pipeline_cosmos3_omni.py","93113","2026/8/12 下午 05:44:55"
"C:\Users\TUF Gaming\Desktop\我的專案\財富密碼\LOCAL-AI-STUDIO\_trainlib\diffusers\pipelines\cosmos\pipeline_cosmos_text2world.py","32707","2026/8/12 下午 05:44:55"
"C:\Users\TUF Gaming\Desktop\我的專案\財富密碼\LOCAL-AI-STUDIO\_trainlib\diffusers\pipelines\cosmos\pipeline_cosmos_video2world.py","41696","2026/8/12 下午 05:44:55"
"C:\Users\TUF Gaming\Desktop\我的專案\財富密碼\LOCAL-AI-STUDIO\_trainlib\diffusers\pipelines\cosmos\pipeline_output.py","1177","2026/8/12 下午 05:44:55"
"C:\Users\TUF Gaming\Desktop\我的專案\財富密碼\LOCAL-AI-STUDIO\_trainlib\diffusers\pipelines\cosmos\__init__.py","2447","2026/8/12 下午 05:44:55"
"C:\Users\TUF Gaming\Desktop\我的專案\財富密碼\LOCAL-AI-STUDIO\_trainlib\diffusers\pipelines\cosmos\__pycache__\pipeline_cosmos2_5_predict.cpython-313.pyc","43828","2026/8/12 下午 05:44:57"
"C:\Users\TUF Gaming\Desktop\我的專案\財富密碼\LOCAL-AI-STUDIO\_trainlib\diffusers\pipelines\cosmos\__pycache__\pipeline_cosmos2_5_transfer.cpython-313.pyc","49179","2026/8/12 下午 05:44:57"
"C:\Users\TUF Gaming\Desktop\我的專案\財富密碼\LOCAL-AI-STUDIO\_trainlib\diffusers\pipelines\cosmos\__pycache__\pipeline_cosmos2_text2image.cpython-313.pyc","35011","2026/8/12 下午 05:44:57"
"C:\Users\TUF Gaming\Desktop\我的專案\財富密碼\LOCAL-AI-STUDIO\_trainlib\diffusers\pipelines\cosmos\__pycache__\pipeline_cosmos2_video2world.cpython-313.pyc","40911","2026/8/12 下午 05:44:57"
"C:\Users\TUF Gaming\Desktop\我的專案\財富密碼\LOCAL-AI-STUDIO\_trainlib\diffusers\pipelines\cosmos\__pycache__\pipeline_cosmos3_omni.cpython-313.pyc","85106","2026/8/12 下午 05:44:57"
"C:\Users\TUF Gaming\Desktop\我的專案\財富密碼\LOCAL-AI-STUDIO\_trainlib\diffusers\pipelines\cosmos\__pycache__\pipeline_cosmos_text2world.cpython-313.pyc","33501","2026/8/12 下午 05:44:57"
"C:\Users\TUF Gaming\Desktop\我的專案\財富密碼\LOCAL-AI-STUDIO\_trainlib\diffusers\pipelines\cosmos\__pycache__\pipeline_cosmos_video2world.cpython-313.pyc","41997","2026/8/12 下午 05:44:57"
"C:\Users\TUF Gaming\Desktop\我的專案\財富密碼\LOCAL-AI-STUDIO\_trainlib\diffusers\pipelines\cosmos\__pycache__\pipeline_output.cpython-313.pyc","1964","2026/8/12 下午 05:44:57"
"C:\Users\TUF Gaming\Desktop\我的專案\財富密碼\LOCAL-AI-STUDIO\_trainlib\diffusers\pipelines\cosmos\__pycache__\__init__.cpython-313.pyc","2322","2026/8/12 下午 05:44:57"
"C:\Users\TUF Gaming\Desktop\我的專案\財富密碼\LOCAL-AI-STUDIO\_trainlib\diffusers\pipelines\ddim\pipeline_ddim.py","7214","2026/8/12 下午 05:44:55"
"C:\Users\TUF Gaming\Desktop\我的專案\財富密碼\LOCAL-AI-STUDIO\_trainlib\diffusers\pipelines\ddim\__init__.py","411","2026/8/12 下午 05:44:55"
"C:\Users\TUF Gaming\Desktop\我的專案\財富密碼\LOCAL-AI-STUDIO\_trainlib\diffusers\pipelines\ddim\__pycache__\pipeline_ddim.cpython-313.pyc","7632","2026/8/12 下午 05:44:57"
"C:\Users\TUF Gaming\Desktop\我的專案\財富密碼\LOCAL-AI-STUDIO\_trainlib\diffusers\pipelines\ddim\__pycache__\__init__.cpython-313.pyc","653","2026/8/12 下午 05:44:57"
"C:\Users\TUF Gaming\Desktop\我的專案\財富密碼\LOCAL-AI-STUDIO\_trainlib\diffusers\pipelines\ddpm\pipeline_ddpm.py","5277","2026/8/12 下午 05:44:55"
"C:\Users\TUF Gaming\Desktop\我的專案\財富密碼\LOCAL-AI-STUDIO\_trainlib\diffusers\pipelines\ddpm\__init__.py","425","2026/8/12 下午 05:44:55"
"C:\Users\TUF Gaming\Desktop\我的專案\財富密碼\LOCAL-AI-STUDIO\_trainlib\diffusers\pipelines\ddpm\__pycache__\pipeline_ddpm.cpython-313.pyc","5899","2026/8/12 下午 05:44:57"
"C:\Users\TUF Gaming\Desktop\我的專案\財富密碼\LOCAL-AI-STUDIO\_trainlib\diffusers\pipelines\ddpm\__pycache__\__init__.cpython-313.pyc","657","2026/8/12 下午 05:44:57"
"C:\Users\TUF Gaming\Desktop\我的專案\財富密碼\LOCAL-AI-STUDIO\_trainlib\diffusers\pipelines\deepfloyd_if\pipeline_if.py","35505","2026/8/12 下午 05:44:55"
"C:\Users\TUF Gaming\Desktop\我的專案\財富密碼\LOCAL-AI-STUDIO\_trainlib\diffusers\pipelines\deepfloyd_if\pipeline_if_img2img.py","39936","2026/8/12 下午 05:44:55"
"C:\Users\TUF Gaming\Desktop\我的專案\財富密碼\LOCAL-AI-STUDIO\_trainlib\diffusers\pipelines\deepfloyd_if\pipeline_if_img2img_superresolution.py","44971","2026/8/12 下午 05:44:55"
"C:\Users\TUF Gaming\Desktop\我的專案\財富密碼\LOCAL-AI-STUDIO\_trainlib\diffusers\pipelines\deepfloyd_if\pipeline_if_inpainting.py","45150","2026/8/12 下午 05:44:55"
"C:\Users\TUF Gaming\Desktop\我的專案\財富密碼\LOCAL-AI-STUDIO\_trainlib\diffusers\pipelines\deepfloyd_if\pipeline_if_inpainting_superresolution.py","49984","2026/8/12 下午 05:44:55"
"C:\Users\TUF Gaming\Desktop\我的專案\財富密碼\LOCAL-AI-STUDIO\_trainlib\diffusers\pipelines\deepfloyd_if\pipeline_if_superresolution.py","39797","2026/8/12 下午 05:44:55"
"C:\Users\TUF Gaming\Desktop\我的專案\財富密碼\LOCAL-AI-STUDIO\_trainlib\diffusers\pipelines\deepfloyd_if\pipeline_output.py","1092","2026/8/12 下午 05:44:55"
"C:\Users\TUF Gaming\Desktop\我的專案\財富密碼\LOCAL-AI-STUDIO\_trainlib\diffusers\pipelines\deepfloyd_if\safety_checker.py","2117","2026/8/12 下午 05:44:55"
"C:\Users\TUF Gaming\Desktop\我的專案\財富密碼\LOCAL-AI-STUDIO\_trainlib\diffusers\pipelines\deepfloyd_if\timesteps.py","5164","2026/8/12 下午 05:44:55"
"C:\Users\TUF Gaming\Desktop\我的專案\財富密碼\LOCAL-AI-STUDIO\_trainlib\diffusers\pipelines\deepfloyd_if\watermark.py","1576","2026/8/12 下午 05:44:55"
"C:\Users\TUF Gaming\Desktop\我的專案\財富密碼\LOCAL-AI-STUDIO\_trainlib\diffusers\pipelines\deepfloyd_if\__init__.py","2975","2026/8/12 下午 05:44:55"
"C:\Users\TUF Gaming\Desktop\我的專案\財富密碼\LOCAL-AI-STUDIO\_trainlib\diffusers\pipelines\deepfloyd_if\__pycache__\pipeline_if.cpython-313.pyc","33909","2026/8/12 下午 05:44:57"
"C:\Users\TUF Gaming\Desktop\我的專案\財富密碼\LOCAL-AI-STUDIO\_trainlib\diffusers\pipelines\deepfloyd_if\__pycache__\pipeline_if_img2img.cpython-313.pyc","39521","2026/8/12 下午 05:44:57"
"C:\Users\TUF Gaming\Desktop\我的專案\財富密碼\LOCAL-AI-STUDIO\_trainlib\diffusers\pipelines\deepfloyd_if\__pycache__\pipeline_if_img2img_superresolution.cpython-313.pyc","44720","2026/8/12 下午 05:44:57"
"C:\Users\TUF Gaming\Desktop\我的專案\財富密碼\LOCAL-AI-STUDIO\_trainlib\diffusers\pipelines\deepfloyd_if\__pycache__\pipeline_if_inpainting.cpython-313.pyc","44535","2026/8/12 下午 05:44:57"
"C:\Users\TUF Gaming\Desktop\我的專案\財富密碼\LOCAL-AI-STUDIO\_trainlib\diffusers\pipelines\deepfloyd_if\__pycache__\pipeline_if_inpainting_superresolution.cpython-313.pyc","49760","2026/8/12 下午 05:44:57"
"C:\Users\TUF Gaming\Desktop\我的專案\財富密碼\LOCAL-AI-STUDIO\_trainlib\diffusers\pipelines\deepfloyd_if\__pycache__\pipeline_if_superresolution.cpython-313.pyc","38891","2026/8/12 下午 05:44:57"
"C:\Users\TUF Gaming\Desktop\我的專案\財富密碼\LOCAL-AI-STUDIO\_trainlib\diffusers\pipelines\deepfloyd_if\__pycache__\pipeline_output.cpython-313.pyc","1687","2026/8/12 下午 05:44:57"
"C:\Users\TUF Gaming\Desktop\我的專案\財富密碼\LOCAL-AI-STUDIO\_trainlib\diffusers\pipelines\deepfloyd_if\__pycache__\safety_checker.cpython-313.pyc","3235","2026/8/12 下午 05:44:57"
"C:\Users\TUF Gaming\Desktop\我的專案\財富密碼\LOCAL-AI-STUDIO\_trainlib\diffusers\pipelines\deepfloyd_if\__pycache__\timesteps.cpython-313.pyc","3294","2026/8/12 下午 05:44:57"
"C:\Users\TUF Gaming\Desktop\我的專案\財富密碼\LOCAL-AI-STUDIO\_trainlib\diffusers\pipelines\deepfloyd_if\__pycache__\watermark.cpython-313.pyc","2718","2026/8/12 下午 05:44:57"
"C:\Users\TUF Gaming\Desktop\我的專案\財富密碼\LOCAL-AI-STUDIO\_trainlib\diffusers\pipelines\deepfloyd_if\__pycache__\__init__.cpython-313.pyc","2731","2026/8/12 下午 05:44:57"
"C:\Users\TUF Gaming\Desktop\我的專案\財富密碼\LOCAL-AI-STUDIO\_trainlib\diffusers\pipelines\deprecated\__init__.py","9254","2026/8/12 下午 05:44:55"
"C:\Users\TUF Gaming\Desktop\我的專案\財富密碼\LOCAL-AI-STUDIO\_trainlib\diffusers\pipelines\deprecated\alt_diffusion\modeling_roberta_series.py","5453","2026/8/12 下午 05:44:55"
"C:\Users\TUF Gaming\Desktop\我的專案\財富密碼\LOCAL-AI-STUDIO\_trainlib\diffusers\pipelines\deprecated\alt_diffusion\pipeline_alt_diffusion.py","50478","2026/8/12 下午 05:44:55"
"C:\Users\TUF Gaming\Desktop\我的專案\財富密碼\LOCAL-AI-STUDIO\_trainlib\diffusers\pipelines\deprecated\alt_diffusion\pipeline_alt_diffusion_img2img.py","53198","2026/8/12 下午 05:44:55"
"C:\Users\TUF Gaming\Desktop\我的專案\財富密碼\LOCAL-AI-STUDIO\_trainlib\diffusers\pipelines\deprecated\alt_diffusion\pipeline_output.py","878","2026/8/12 下午 05:44:55"
"C:\Users\TUF Gaming\Desktop\我的專案\財富密碼\LOCAL-AI-STUDIO\_trainlib\diffusers\pipelines\deprecated\alt_diffusion\__init__.py","1783","2026/8/12 下午 05:44:55"
"C:\Users\TUF Gaming\Desktop\我的專案\財富密碼\LOCAL-AI-STUDIO\_trainlib\diffusers\pipelines\deprecated\alt_diffusion\__pycache__\modeling_roberta_series.cpython-313.pyc","6641","2026/8/12 下午 05:44:57"
"C:\Users\TUF Gaming\Desktop\我的專案\財富密碼\LOCAL-AI-STUDIO\_trainlib\diffusers\pipelines\deprecated\alt_diffusion\__pycache__\pipeline_alt_diffusion.cpython-313.pyc","47334","2026/8/12 下午 05:44:57"
"C:\Users\TUF Gaming\Desktop\我的專案\財富密碼\LOCAL-AI-STUDIO\_trainlib\diffusers\pipelines\deprecated\alt_diffusion\__pycache__\pipeline_alt_diffusion_img2img.cpython-313.pyc","51447","2026/8/12 下午 05:44:57"
"C:\Users\TUF Gaming\Desktop\我的專案\財富密碼\LOCAL-AI-STUDIO\_trainlib\diffusers\pipelines\deprecated\alt_diffusion\__pycache__\pipeline_output.cpython-313.pyc","1361","2026/8/12 下午 05:44:57"
"C:\Users\TUF Gaming\Desktop\我的專案\財富密碼\LOCAL-AI-STUDIO\_trainlib\diffusers\pipelines\deprecated\alt_diffusion\__pycache__\__init__.cpython-313.pyc","1930","2026/8/12 下午 05:44:57"
"C:\Users\TUF Gaming\Desktop\我的專案\財富密碼\LOCAL-AI-STUDIO\_trainlib\diffusers\pipelines\deprecated\amused\pipeline_amused.py","15925","2026/8/12 下午 05:44:55"
"C:\Users\TUF Gaming\Desktop\我的專案\財富密碼\LOCAL-AI-STUDIO\_trainlib\diffusers\pipelines\deprecated\amused\pipeline_amused_img2img.py","17411","2026/8/12 下午 05:44:55"
"C:\Users\TUF Gaming\Desktop\我的專案\財富密碼\LOCAL-AI-STUDIO\_trainlib\diffusers\pipelines\deprecated\amused\pipeline_amused_inpaint.py","19097","2026/8/12 下午 05:44:55"
"C:\Users\TUF Gaming\Desktop\我的專案\財富密碼\LOCAL-AI-STUDIO\_trainlib\diffusers\pipelines\deprecated\amused\__init__.py","1796","2026/8/12 下午 05:44:55"
"C:\Users\TUF Gaming\Desktop\我的專案\財富密碼\LOCAL-AI-STUDIO\_trainlib\diffusers\pipelines\deprecated\amused\__pycache__\pipeline_amused.cpython-313.pyc","15338","2026/8/12 下午 05:44:57"
"C:\Users\TUF Gaming\Desktop\我的專案\財富密碼\LOCAL-AI-STUDIO\_trainlib\diffusers\pipelines\deprecated\amused\__pycache__\pipeline_amused_img2img.cpython-313.pyc","16746","2026/8/12 下午 05:44:57"
"C:\Users\TUF Gaming\Desktop\我的專案\財富密碼\LOCAL-AI-STUDIO\_trainlib\diffusers\pipelines\deprecated\amused\__pycache__\pipeline_amused_inpaint.cpython-313.pyc","18511","2026/8/12 下午 05:44:57"
"C:\Users\TUF Gaming\Desktop\我的專案\財富密碼\LOCAL-AI-STUDIO\_trainlib\diffusers\pipelines\deprecated\amused\__pycache__\__init__.cpython-313.pyc","1748","2026/8/12 下午 05:44:57"
"C:\Users\TUF Gaming\Desktop\我的專案\財富密碼\LOCAL-AI-STUDIO\_trainlib\diffusers\pipelines\deprecated\audioldm\pipeline_audioldm.py","26288","2026/8/12 下午 05:44:55"
"C:\Users\TUF Gaming\Desktop\我的專案\財富密碼\LOCAL-AI-STUDIO\_trainlib\diffusers\pipelines\deprecated\audioldm\__init__.py","1422","2026/8/12 下午 05:44:55"
"C:\Users\TUF Gaming\Desktop\我的專案\財富密碼\LOCAL-AI-STUDIO\_trainlib\diffusers\pipelines\deprecated\audioldm\__pycache__\pipeline_audioldm.cpython-313.pyc","24043","2026/8/12 下午 05:44:57"
"C:\Users\TUF Gaming\Desktop\我的專案\財富密碼\LOCAL-AI-STUDIO\_trainlib\diffusers\pipelines\deprecated\audioldm\__pycache__\__init__.cpython-313.pyc","1615","2026/8/12 下午 05:44:57"
"C:\Users\TUF Gaming\Desktop\我的專案\財富密碼\LOCAL-AI-STUDIO\_trainlib\diffusers\pipelines\deprecated\audio_diffusion\mel.py","5764","2026/8/12 下午 05:44:55"
"C:\Users\TUF Gaming\Desktop\我的專案\財富密碼\LOCAL-AI-STUDIO\_trainlib\diffusers\pipelines\deprecated\audio_diffusion\pipeline_audio_diffusion.py","13160","2026/8/12 下午 05:44:55"
"C:\Users\TUF Gaming\Desktop\我的專案\財富密碼\LOCAL-AI-STUDIO\_trainlib\diffusers\pipelines\deprecated\audio_diffusion\__init__.py","507","2026/8/12 下午 05:44:55"
"C:\Users\TUF Gaming\Desktop\我的專案\財富密碼\LOCAL-AI-STUDIO\_trainlib\diffusers\pipelines\deprecated\audio_diffusion\__pycache__\mel.cpython-313.pyc","7523","2026/8/12 下午 05:44:57"
"C:\Users\TUF Gaming\Desktop\我的專案\財富密碼\LOCAL-AI-STUDIO\_trainlib\diffusers\pipelines\deprecated\audio_diffusion\__pycache__\pipeline_audio_diffusion.cpython-313.pyc","16338","2026/8/12 下午 05:44:57"
"C:\Users\TUF Gaming\Desktop\我的專案\財富密碼\LOCAL-AI-STUDIO\_trainlib\diffusers\pipelines\deprecated\audio_diffusion\__pycache__\__init__.cpython-313.pyc","753","2026/8/12 下午 05:44:57"
"C:\Users\TUF Gaming\Desktop\我的專案\財富密碼\LOCAL-AI-STUDIO\_trainlib\diffusers\pipelines\deprecated\blip_diffusion\blip_image_processing.py","16598","2026/8/12 下午 05:44:55"
"C:\Users\TUF Gaming\Desktop\我的專案\財富密碼\LOCAL-AI-STUDIO\_trainlib\diffusers\pipelines\deprecated\blip_diffusion\modeling_blip2.py","27048","2026/8/12 下午 05:44:55"
"C:\Users\TUF Gaming\Desktop\我的專案\財富密碼\LOCAL-AI-STUDIO\_trainlib\diffusers\pipelines\deprecated\blip_diffusion\modeling_ctx_clip.py","8899","2026/8/12 下午 05:44:55"
"C:\Users\TUF Gaming\Desktop\我的專案\財富密碼\LOCAL-AI-STUDIO\_trainlib\diffusers\pipelines\deprecated\blip_diffusion\pipeline_blip_diffusion.py","15250","2026/8/12 下午 05:44:55"
"C:\Users\TUF Gaming\Desktop\我的專案\財富密碼\LOCAL-AI-STUDIO\_trainlib\diffusers\pipelines\deprecated\blip_diffusion\__init__.py","658","2026/8/12 下午 05:44:55"
"C:\Users\TUF Gaming\Desktop\我的專案\財富密碼\LOCAL-AI-STUDIO\_trainlib\diffusers\pipelines\deprecated\blip_diffusion\__pycache__\blip_image_processing.cpython-313.pyc","15394","2026/8/12 下午 05:44:57"
"C:\Users\TUF Gaming\Desktop\我的專案\財富密碼\LOCAL-AI-STUDIO\_trainlib\diffusers\pipelines\deprecated\blip_diffusion\__pycache__\modeling_blip2.cpython-313.pyc","26132","2026/8/12 下午 05:44:57"
"C:\Users\TUF Gaming\Desktop\我的專案\財富密碼\LOCAL-AI-STUDIO\_trainlib\diffusers\pipelines\deprecated\blip_diffusion\__pycache__\modeling_ctx_clip.cpython-313.pyc","9261","2026/8/12 下午 05:44:57"
"C:\Users\TUF Gaming\Desktop\我的專案\財富密碼\LOCAL-AI-STUDIO\_trainlib\diffusers\pipelines\deprecated\blip_diffusion\__pycache__\pipeline_blip_diffusion.cpython-313.pyc","15207","2026/8/12 下午 05:44:57"
"C:\Users\TUF Gaming\Desktop\我的專案\財富密碼\LOCAL-AI-STUDIO\_trainlib\diffusers\pipelines\deprecated\blip_diffusion\__pycache__\__init__.cpython-313.pyc","980","2026/8/12 下午 05:44:57"
"C:\Users\TUF Gaming\Desktop\我的專案\財富密碼\LOCAL-AI-STUDIO\_trainlib\diffusers\pipelines\deprecated\controlnet_xs\pipeline_controlnet_xs.py","45931","2026/8/12 下午 05:44:55"
"C:\Users\TUF Gaming\Desktop\我的專案\財富密碼\LOCAL-AI-STUDIO\_trainlib\diffusers\pipelines\deprecated\controlnet_xs\pipeline_controlnet_xs_sd_xl.py","56775","2026/8/12 下午 05:44:55"
"C:\Users\TUF Gaming\Desktop\我的專案\財富密碼\LOCAL-AI-STUDIO\_trainlib\diffusers\pipelines\deprecated\controlnet_xs\__init__.py","2314","2026/8/12 下午 05:44:55"
"C:\Users\TUF Gaming\Desktop\我的專案\財富密碼\LOCAL-AI-STUDIO\_trainlib\diffusers\pipelines\deprecated\controlnet_xs\__pycache__\pipeline_controlnet_xs.cpython-313.pyc","41805","2026/8/12 下午 05:44:57"
"C:\Users\TUF Gaming\Desktop\我的專案\財富密碼\LOCAL-AI-STUDIO\_trainlib\diffusers\pipelines\deprecated\controlnet_xs\__pycache__\pipeline_controlnet_xs_sd_xl.cpython-313.pyc","50787","2026/8/12 下午 05:44:57"
"C:\Users\TUF Gaming\Desktop\我的專案\財富密碼\LOCAL-AI-STUDIO\_trainlib\diffusers\pipelines\deprecated\controlnet_xs\__pycache__\__init__.cpython-313.pyc","2230","2026/8/12 下午 05:44:57"
"C:\Users\TUF Gaming\Desktop\我的專案\財富密碼\LOCAL-AI-STUDIO\_trainlib\diffusers\pipelines\deprecated\dance_diffusion\pipeline_dance_diffusion.py","6670","2026/8/12 下午 05:44:55"
"C:\Users\TUF Gaming\Desktop\我的專案\財富密碼\LOCAL-AI-STUDIO\_trainlib\diffusers\pipelines\deprecated\dance_diffusion\__init__.py","454","2026/8/12 下午 05:44:55"
"C:\Users\TUF Gaming\Desktop\我的專案\財富密碼\LOCAL-AI-STUDIO\_trainlib\diffusers\pipelines\deprecated\dance_diffusion\__pycache__\pipeline_dance_diffusion.cpython-313.pyc","7537","2026/8/12 下午 05:44:57"
"C:\Users\TUF Gaming\Desktop\我的專案\財富密碼\LOCAL-AI-STUDIO\_trainlib\diffusers\pipelines\deprecated\dance_diffusion\__pycache__\__init__.cpython-313.pyc","697","2026/8/12 下午 05:44:57"
"C:\Users\TUF Gaming\Desktop\我的專案\財富密碼\LOCAL-AI-STUDIO\_trainlib\diffusers\pipelines\deprecated\i2vgen_xl\pipeline_i2vgen_xl.py","37325","2026/8/12 下午 05:44:55"
"C:\Users\TUF Gaming\Desktop\我的專案\財富密碼\LOCAL-AI-STUDIO\_trainlib\diffusers\pipelines\deprecated\i2vgen_xl\__init__.py","1310","2026/8/12 下午 05:44:55"
"C:\Users\TUF Gaming\Desktop\我的專案\財富密碼\LOCAL-AI-STUDIO\_trainlib\diffusers\pipelines\deprecated\i2vgen_xl\__pycache__\pipeline_i2vgen_xl.cpython-313.pyc","34467","2026/8/12 下午 05:44:57"
"C:\Users\TUF Gaming\Desktop\我的專案\財富密碼\LOCAL-AI-STUDIO\_trainlib\diffusers\pipelines\deprecated\i2vgen_xl\__pycache__\__init__.cpython-313.pyc","1571","2026/8/12 下午 05:44:57"
"C:\Users\TUF Gaming\Desktop\我的專案\財富密碼\LOCAL-AI-STUDIO\_trainlib\diffusers\pipelines\deprecated\latent_diffusion_uncond\pipeline_latent_diffusion_uncond.py","5577","2026/8/12 下午 05:44:55"
"C:\Users\TUF Gaming\Desktop\我的專案\財富密碼\LOCAL-AI-STUDIO\_trainlib\diffusers\pipelines\deprecated\latent_diffusion_uncond\__init__.py","448","2026/8/12 下午 05:44:55"
"C:\Users\TUF Gaming\Desktop\我的專案\財富密碼\LOCAL-AI-STUDIO\_trainlib\diffusers\pipelines\deprecated\latent_diffusion_uncond\__pycache__\pipeline_latent_diffusion_uncond.cpython-313.pyc","6169","2026/8/12 下午 05:44:57"
"C:\Users\TUF Gaming\Desktop\我的專案\財富密碼\LOCAL-AI-STUDIO\_trainlib\diffusers\pipelines\deprecated\latent_diffusion_uncond\__pycache__\__init__.cpython-313.pyc","700","2026/8/12 下午 05:44:57"
"C:\Users\TUF Gaming\Desktop\我的專案\財富密碼\LOCAL-AI-STUDIO\_trainlib\diffusers\pipelines\deprecated\musicldm\pipeline_musicldm.py","30608","2026/8/12 下午 05:44:55"
"C:\Users\TUF Gaming\Desktop\我的專案\財富密碼\LOCAL-AI-STUDIO\_trainlib\diffusers\pipelines\deprecated\musicldm\__init__.py","1414","2026/8/12 下午 05:44:55"
"C:\Users\TUF Gaming\Desktop\我的專案\財富密碼\LOCAL-AI-STUDIO\_trainlib\diffusers\pipelines\deprecated\musicldm\__pycache__\pipeline_musicldm.cpython-313.pyc","27079","2026/8/12 下午 05:44:57"
"C:\Users\TUF Gaming\Desktop\我的專案\財富密碼\LOCAL-AI-STUDIO\_trainlib\diffusers\pipelines\deprecated\musicldm\__pycache__\__init__.cpython-313.pyc","1708","2026/8/12 下午 05:44:57"
"C:\Users\TUF Gaming\Desktop\我的專案\財富密碼\LOCAL-AI-STUDIO\_trainlib\diffusers\pipelines\deprecated\paint_by_example\image_encoder.py","2512","2026/8/12 下午 05:44:55"
"C:\Users\TUF Gaming\Desktop\我的專案\財富密碼\LOCAL-AI-STUDIO\_trainlib\diffusers\pipelines\deprecated\paint_by_example\pipeline_paint_by_example.py","31252","2026/8/12 下午 05:44:55"
"C:\Users\TUF Gaming\Desktop\我的專案\財富密碼\LOCAL-AI-STUDIO\_trainlib\diffusers\pipelines\deprecated\paint_by_example\__init__.py","1546","2026/8/12 下午 05:44:55"
"C:\Users\TUF Gaming\Desktop\我的專案\財富密碼\LOCAL-AI-STUDIO\_trainlib\diffusers\pipelines\deprecated\paint_by_example\__pycache__\image_encoder.cpython-313.pyc","3525","2026/8/12 下午 05:44:57"
"C:\Users\TUF Gaming\Desktop\我的專案\財富密碼\LOCAL-AI-STUDIO\_trainlib\diffusers\pipelines\deprecated\paint_by_example\__pycache__\pipeline_paint_by_example.cpython-313.pyc","29359","2026/8/12 下午 05:44:57"
"C:\Users\TUF Gaming\Desktop\我的專案\財富密碼\LOCAL-AI-STUDIO\_trainlib\diffusers\pipelines\deprecated\paint_by_example\__pycache__\__init__.cpython-313.pyc","1806","2026/8/12 下午 05:44:57"
"C:\Users\TUF Gaming\Desktop\我的專案\財富密碼\LOCAL-AI-STUDIO\_trainlib\diffusers\pipelines\deprecated\pia\pipeline_pia.py","46541","2026/8/12 下午 05:44:55"
"C:\Users\TUF Gaming\Desktop\我的專案\財富密碼\LOCAL-AI-STUDIO\_trainlib\diffusers\pipelines\deprecated\pia\__init__.py","1302","2026/8/12 下午 05:44:55"
"C:\Users\TUF Gaming\Desktop\我的專案\財富密碼\LOCAL-AI-STUDIO\_trainlib\diffusers\pipelines\deprecated\pia\__pycache__\pipeline_pia.cpython-313.pyc","41296","2026/8/12 下午 05:44:57"
"C:\Users\TUF Gaming\Desktop\我的專案\財富密碼\LOCAL-AI-STUDIO\_trainlib\diffusers\pipelines\deprecated\pia\__pycache__\__init__.cpython-313.pyc","1593","2026/8/12 下午 05:44:57"
"C:\Users\TUF Gaming\Desktop\我的專案\財富密碼\LOCAL-AI-STUDIO\_trainlib\diffusers\pipelines\deprecated\pndm\pipeline_pndm.py","4595","2026/8/12 下午 05:44:55"
"C:\Users\TUF Gaming\Desktop\我的專案\財富密碼\LOCAL-AI-STUDIO\_trainlib\diffusers\pipelines\deprecated\pndm\__init__.py","412","2026/8/12 下午 05:44:55"
"C:\Users\TUF Gaming\Desktop\我的專案\財富密碼\LOCAL-AI-STUDIO\_trainlib\diffusers\pipelines\deprecated\pndm\__pycache__\pipeline_pndm.cpython-313.pyc","5017","2026/8/12 下午 05:44:57"
"C:\Users\TUF Gaming\Desktop\我的專案\財富密碼\LOCAL-AI-STUDIO\_trainlib\diffusers\pipelines\deprecated\pndm\__pycache__\__init__.cpython-313.pyc","664","2026/8/12 下午 05:44:57"
"C:\Users\TUF Gaming\Desktop\我的專案\財富密碼\LOCAL-AI-STUDIO\_trainlib\diffusers\pipelines\deprecated\repaint\pipeline_repaint.py","10005","2026/8/12 下午 05:44:55"
"C:\Users\TUF Gaming\Desktop\我的專案\財富密碼\LOCAL-AI-STUDIO\_trainlib\diffusers\pipelines\deprecated\repaint\__init__.py","425","2026/8/12 下午 05:44:55"
"C:\Users\TUF Gaming\Desktop\我的專案\財富密碼\LOCAL-AI-STUDIO\_trainlib\diffusers\pipelines\deprecated\repaint\__pycache__\pipeline_repaint.cpython-313.pyc","12130","2026/8/12 下午 05:44:57"
"C:\Users\TUF Gaming\Desktop\我的專案\財富密碼\LOCAL-AI-STUDIO\_trainlib\diffusers\pipelines\deprecated\repaint\__pycache__\__init__.cpython-313.pyc","676","2026/8/12 下午 05:44:57"
"C:\Users\TUF Gaming\Desktop\我的專案\財富密碼\LOCAL-AI-STUDIO\_trainlib\diffusers\pipelines\deprecated\score_sde_ve\pipeline_score_sde_ve.py","4553","2026/8/12 下午 05:44:55"
"C:\Users\TUF Gaming\Desktop\我的專案\財富密碼\LOCAL-AI-STUDIO\_trainlib\diffusers\pipelines\deprecated\score_sde_ve\__init__.py","441","2026/8/12 下午 05:44:55"
"C:\Users\TUF Gaming\Desktop\我的專案\財富密碼\LOCAL-AI-STUDIO\_trainlib\diffusers\pipelines\deprecated\score_sde_ve\__pycache__\pipeline_score_sde_ve.cpython-313.pyc","5379","2026/8/12 下午 05:44:57"
"C:\Users\TUF Gaming\Desktop\我的專案\財富密碼\LOCAL-AI-STUDIO\_trainlib\diffusers\pipelines\deprecated\score_sde_ve\__pycache__\__init__.cpython-313.pyc","689","2026/8/12 下午 05:44:57"
"C:\Users\TUF Gaming\Desktop\我的專案\財富密碼\LOCAL-AI-STUDIO\_trainlib\diffusers\pipelines\deprecated\semantic_stable_diffusion\pipeline_output.py","773","2026/8/12 下午 05:44:55"
"C:\Users\TUF Gaming\Desktop\我的專案\財富密碼\LOCAL-AI-STUDIO\_trainlib\diffusers\pipelines\deprecated\semantic_stable_diffusion\pipeline_semantic_stable_diffusion.py","38774","2026/8/12 下午 05:44:55"
"C:\Users\TUF Gaming\Desktop\我的專案\財富密碼\LOCAL-AI-STUDIO\_trainlib\diffusers\pipelines\deprecated\semantic_stable_diffusion\__init__.py","1446","2026/8/12 下午 05:44:55"
"C:\Users\TUF Gaming\Desktop\我的專案\財富密碼\LOCAL-AI-STUDIO\_trainlib\diffusers\pipelines\deprecated\semantic_stable_diffusion\__pycache__\pipeline_output.cpython-313.pyc","1389","2026/8/12 下午 05:44:57"
"C:\Users\TUF Gaming\Desktop\我的專案\財富密碼\LOCAL-AI-STUDIO\_trainlib\diffusers\pipelines\deprecated\semantic_stable_diffusion\__pycache__\pipeline_semantic_stable_diffusion.cpython-313.pyc","32980","2026/8/12 下午 05:44:57"
"C:\Users\TUF Gaming\Desktop\我的專案\財富密碼\LOCAL-AI-STUDIO\_trainlib\diffusers\pipelines\deprecated\semantic_stable_diffusion\__pycache__\__init__.cpython-313.pyc","1703","2026/8/12 下午 05:44:57"
"C:\Users\TUF Gaming\Desktop\我的專案\財富密碼\LOCAL-AI-STUDIO\_trainlib\diffusers\pipelines\deprecated\spectrogram_diffusion\continuous_encoder.py","3100","2026/8/12 下午 05:44:55"
"C:\Users\TUF Gaming\Desktop\我的專案\財富密碼\LOCAL-AI-STUDIO\_trainlib\diffusers\pipelines\deprecated\spectrogram_diffusion\midi_utils.py","25046","2026/8/12 下午 05:44:55"
"C:\Users\TUF Gaming\Desktop\我的專案\財富密碼\LOCAL-AI-STUDIO\_trainlib\diffusers\pipelines\deprecated\spectrogram_diffusion\notes_encoder.py","2923","2026/8/12 下午 05:44:55"
"C:\Users\TUF Gaming\Desktop\我的專案\財富密碼\LOCAL-AI-STUDIO\_trainlib\diffusers\pipelines\deprecated\spectrogram_diffusion\pipeline_spectrogram_diffusion.py","11642","2026/8/12 下午 05:44:55"
"C:\Users\TUF Gaming\Desktop\我的專案\財富密碼\LOCAL-AI-STUDIO\_trainlib\diffusers\pipelines\deprecated\spectrogram_diffusion\__init__.py","2588","2026/8/12 下午 05:44:55"
"C:\Users\TUF Gaming\Desktop\我的專案\財富密碼\LOCAL-AI-STUDIO\_trainlib\diffusers\pipelines\deprecated\spectrogram_diffusion\__pycache__\continuous_encoder.cpython-313.pyc","3691","2026/8/12 下午 05:44:57"
"C:\Users\TUF Gaming\Desktop\我的專案\財富密碼\LOCAL-AI-STUDIO\_trainlib\diffusers\pipelines\deprecated\spectrogram_diffusion\__pycache__\midi_utils.cpython-313.pyc","31243","2026/8/12 下午 05:44:57"
"C:\Users\TUF Gaming\Desktop\我的專案\財富密碼\LOCAL-AI-STUDIO\_trainlib\diffusers\pipelines\deprecated\spectrogram_diffusion\__pycache__\notes_encoder.cpython-313.pyc","3402","2026/8/12 下午 05:44:57"
"C:\Users\TUF Gaming\Desktop\我的專案\財富密碼\LOCAL-AI-STUDIO\_trainlib\diffusers\pipelines\deprecated\spectrogram_diffusion\__pycache__\pipeline_spectrogram_diffusion.cpython-313.pyc","11788","2026/8/12 下午 05:44:57"
"C:\Users\TUF Gaming\Desktop\我的專案\財富密碼\LOCAL-AI-STUDIO\_trainlib\diffusers\pipelines\deprecated\spectrogram_diffusion\__pycache__\__init__.cpython-313.pyc","2585","2026/8/12 下午 05:44:57"
"C:\Users\TUF Gaming\Desktop\我的專案\財富密碼\LOCAL-AI-STUDIO\_trainlib\diffusers\pipelines\deprecated\stable_diffusion_attend_and_excite\pipeline_stable_diffusion_attend_and_excite.py","51470","2026/8/12 下午 05:44:55"
"C:\Users\TUF Gaming\Desktop\我的專案\財富密碼\LOCAL-AI-STUDIO\_trainlib\diffusers\pipelines\deprecated\stable_diffusion_attend_and_excite\__init__.py","1393","2026/8/12 下午 05:44:55"
"C:\Users\TUF Gaming\Desktop\我的專案\財富密碼\LOCAL-AI-STUDIO\_trainlib\diffusers\pipelines\deprecated\stable_diffusion_attend_and_excite\__pycache__\pipeline_stable_diffusion_attend_and_excite.cpython-313.pyc","50897","2026/8/12 下午 05:44:57"
"C:\Users\TUF Gaming\Desktop\我的專案\財富密碼\LOCAL-AI-STUDIO\_trainlib\diffusers\pipelines\deprecated\stable_diffusion_attend_and_excite\__pycache__\__init__.cpython-313.pyc","1644","2026/8/12 下午 05:44:57"
"C:\Users\TUF Gaming\Desktop\我的專案\財富密碼\LOCAL-AI-STUDIO\_trainlib\diffusers\pipelines\deprecated\stable_diffusion_diffedit\pipeline_stable_diffusion_diffedit.py","78289","2026/8/12 下午 05:44:55"
"C:\Users\TUF Gaming\Desktop\我的專案\財富密碼\LOCAL-AI-STUDIO\_trainlib\diffusers\pipelines\deprecated\stable_diffusion_diffedit\__init__.py","1361","2026/8/12 下午 05:44:55"
"C:\Users\TUF Gaming\Desktop\我的專案\財富密碼\LOCAL-AI-STUDIO\_trainlib\diffusers\pipelines\deprecated\stable_diffusion_diffedit\__pycache__\pipeline_stable_diffusion_diffedit.cpython-313.pyc","72560","2026/8/12 下午 05:44:57"
"C:\Users\TUF Gaming\Desktop\我的專案\財富密碼\LOCAL-AI-STUDIO\_trainlib\diffusers\pipelines\deprecated\stable_diffusion_diffedit\__pycache__\__init__.cpython-313.pyc","1619","2026/8/12 下午 05:44:57"
"C:\Users\TUF Gaming\Desktop\我的專案\財富密碼\LOCAL-AI-STUDIO\_trainlib\diffusers\pipelines\deprecated\stable_diffusion_gligen\pipeline_stable_diffusion_gligen.py","43079","2026/8/12 下午 05:44:55"
"C:\Users\TUF Gaming\Desktop\我的專案\財富密碼\LOCAL-AI-STUDIO\_trainlib\diffusers\pipelines\deprecated\stable_diffusion_gligen\pipeline_stable_diffusion_gligen_text_image.py","51997","2026/8/12 下午 05:44:55"
"C:\Users\TUF Gaming\Desktop\我的專案\財富密碼\LOCAL-AI-STUDIO\_trainlib\diffusers\pipelines\deprecated\stable_diffusion_gligen\__init__.py","1571","2026/8/12 下午 05:44:55"
"C:\Users\TUF Gaming\Desktop\我的專案\財富密碼\LOCAL-AI-STUDIO\_trainlib\diffusers\pipelines\deprecated\stable_diffusion_gligen\__pycache__\pipeline_stable_diffusion_gligen.cpython-313.pyc","38790","2026/8/12 下午 05:44:57"
"C:\Users\TUF Gaming\Desktop\我的專案\財富密碼\LOCAL-AI-STUDIO\_trainlib\diffusers\pipelines\deprecated\stable_diffusion_gligen\__pycache__\pipeline_stable_diffusion_gligen_text_image.cpython-313.pyc","48260","2026/8/12 下午 05:44:57"
"C:\Users\TUF Gaming\Desktop\我的專案\財富密碼\LOCAL-AI-STUDIO\_trainlib\diffusers\pipelines\deprecated\stable_diffusion_gligen\__pycache__\__init__.cpython-313.pyc","1756","2026/8/12 下午 05:44:57"
"C:\Users\TUF Gaming\Desktop\我的專案\財富密碼\LOCAL-AI-STUDIO\_trainlib\diffusers\pipelines\deprecated\stable_diffusion_ldm3d\pipeline_stable_diffusion_ldm3d.py","52009","2026/8/12 下午 05:44:55"
"C:\Users\TUF Gaming\Desktop\我的專案\財富密碼\LOCAL-AI-STUDIO\_trainlib\diffusers\pipelines\deprecated\stable_diffusion_ldm3d\__init__.py","1349","2026/8/12 下午 05:44:55"
"C:\Users\TUF Gaming\Desktop\我的專案\財富密碼\LOCAL-AI-STUDIO\_trainlib\diffusers\pipelines\deprecated\stable_diffusion_ldm3d\__pycache__\pipeline_stable_diffusion_ldm3d.cpython-313.pyc","46084","2026/8/12 下午 05:44:57"
"C:\Users\TUF Gaming\Desktop\我的專案\財富密碼\LOCAL-AI-STUDIO\_trainlib\diffusers\pipelines\deprecated\stable_diffusion_ldm3d\__pycache__\__init__.cpython-313.pyc","1609","2026/8/12 下午 05:44:57"
"C:\Users\TUF Gaming\Desktop\我的專案\財富密碼\LOCAL-AI-STUDIO\_trainlib\diffusers\pipelines\deprecated\stable_diffusion_panorama\pipeline_stable_diffusion_panorama.py","60272","2026/8/12 下午 05:44:55"
"C:\Users\TUF Gaming\Desktop\我的專案\財富密碼\LOCAL-AI-STUDIO\_trainlib\diffusers\pipelines\deprecated\stable_diffusion_panorama\__init__.py","1361","2026/8/12 下午 05:44:55"
"C:\Users\TUF Gaming\Desktop\我的專案\財富密碼\LOCAL-AI-STUDIO\_trainlib\diffusers\pipelines\deprecated\stable_diffusion_panorama\__pycache__\pipeline_stable_diffusion_panorama.cpython-313.pyc","52335","2026/8/12 下午 05:44:57"
"C:\Users\TUF Gaming\Desktop\我的專案\財富密碼\LOCAL-AI-STUDIO\_trainlib\diffusers\pipelines\deprecated\stable_diffusion_panorama\__pycache__\__init__.cpython-313.pyc","1619","2026/8/12 下午 05:44:57"
"C:\Users\TUF Gaming\Desktop\我的專案\財富密碼\LOCAL-AI-STUDIO\_trainlib\diffusers\pipelines\deprecated\stable_diffusion_safe\pipeline_output.py","1398","2026/8/12 下午 05:44:55"
"C:\Users\TUF Gaming\Desktop\我的專案\財富密碼\LOCAL-AI-STUDIO\_trainlib\diffusers\pipelines\deprecated\stable_diffusion_safe\pipeline_stable_diffusion_safe.py","39401","2026/8/12 下午 05:44:55"
"C:\Users\TUF Gaming\Desktop\我的專案\財富密碼\LOCAL-AI-STUDIO\_trainlib\diffusers\pipelines\deprecated\stable_diffusion_safe\safety_checker.py","5040","2026/8/12 下午 05:44:55"
"C:\Users\TUF Gaming\Desktop\我的專案\財富密碼\LOCAL-AI-STUDIO\_trainlib\diffusers\pipelines\deprecated\stable_diffusion_safe\__init__.py","2731","2026/8/12 下午 05:44:55"
"C:\Users\TUF Gaming\Desktop\我的專案\財富密碼\LOCAL-AI-STUDIO\_trainlib\diffusers\pipelines\deprecated\stable_diffusion_safe\__pycache__\pipeline_output.cpython-313.pyc","2074","2026/8/12 下午 05:44:57"
"C:\Users\TUF Gaming\Desktop\我的專案\財富密碼\LOCAL-AI-STUDIO\_trainlib\diffusers\pipelines\deprecated\stable_diffusion_safe\__pycache__\pipeline_stable_diffusion_safe.cpython-313.pyc","33873","2026/8/12 下午 05:44:57"
"C:\Users\TUF Gaming\Desktop\我的專案\財富密碼\LOCAL-AI-STUDIO\_trainlib\diffusers\pipelines\deprecated\stable_diffusion_safe\__pycache__\safety_checker.cpython-313.pyc","6000","2026/8/12 下午 05:44:57"
"C:\Users\TUF Gaming\Desktop\我的專案\財富密碼\LOCAL-AI-STUDIO\_trainlib\diffusers\pipelines\deprecated\stable_diffusion_safe\__pycache__\__init__.cpython-313.pyc","2909","2026/8/12 下午 05:44:57"
"C:\Users\TUF Gaming\Desktop\我的專案\財富密碼\LOCAL-AI-STUDIO\_trainlib\diffusers\pipelines\deprecated\stable_diffusion_sag\pipeline_stable_diffusion_sag.py","47829","2026/8/12 下午 05:44:55"
"C:\Users\TUF Gaming\Desktop\我的專案\財富密碼\LOCAL-AI-STUDIO\_trainlib\diffusers\pipelines\deprecated\stable_diffusion_sag\__init__.py","1341","2026/8/12 下午 05:44:55"
"C:\Users\TUF Gaming\Desktop\我的專案\財富密碼\LOCAL-AI-STUDIO\_trainlib\diffusers\pipelines\deprecated\stable_diffusion_sag\__pycache__\pipeline_stable_diffusion_sag.cpython-313.pyc","41427","2026/8/12 下午 05:44:57"
"C:\Users\TUF Gaming\Desktop\我的專案\財富密碼\LOCAL-AI-STUDIO\_trainlib\diffusers\pipelines\deprecated\stable_diffusion_sag\__pycache__\__init__.cpython-313.pyc","1603","2026/8/12 下午 05:44:57"
"C:\Users\TUF Gaming\Desktop\我的專案\財富密碼\LOCAL-AI-STUDIO\_trainlib\diffusers\pipelines\deprecated\stable_diffusion_variants\pipeline_cycle_diffusion.py","47882","2026/8/12 下午 05:44:55"
"C:\Users\TUF Gaming\Desktop\我的專案\財富密碼\LOCAL-AI-STUDIO\_trainlib\diffusers\pipelines\deprecated\stable_diffusion_variants\pipeline_onnx_stable_diffusion_inpaint_legacy.py","27761","2026/8/12 下午 05:44:55"
"C:\Users\TUF Gaming\Desktop\我的專案\財富密碼\LOCAL-AI-STUDIO\_trainlib\diffusers\pipelines\deprecated\stable_diffusion_variants\pipeline_stable_diffusion_inpaint_legacy.py","42488","2026/8/12 下午 05:44:55"
"C:\Users\TUF Gaming\Desktop\我的專案\財富密碼\LOCAL-AI-STUDIO\_trainlib\diffusers\pipelines\deprecated\stable_diffusion_variants\pipeline_stable_diffusion_model_editing.py","41439","2026/8/12 下午 05:44:55"
"C:\Users\TUF Gaming\Desktop\我的專案\財富密碼\LOCAL-AI-STUDIO\_trainlib\diffusers\pipelines\deprecated\stable_diffusion_variants\pipeline_stable_diffusion_paradigms.py","41184","2026/8/12 下午 05:44:55"
"C:\Users\TUF Gaming\Desktop\我的專案\財富密碼\LOCAL-AI-STUDIO\_trainlib\diffusers\pipelines\deprecated\stable_diffusion_variants\pipeline_stable_diffusion_pix2pix_zero.py","63741","2026/8/12 下午 05:44:55"
"C:\Users\TUF Gaming\Desktop\我的專案\財富密碼\LOCAL-AI-STUDIO\_trainlib\diffusers\pipelines\deprecated\stable_diffusion_variants\__init__.py","2111","2026/8/12 下午 05:44:55"
"C:\Users\TUF Gaming\Desktop\我的專案\財富密碼\LOCAL-AI-STUDIO\_trainlib\diffusers\pipelines\deprecated\stable_diffusion_variants\__pycache__\pipeline_cycle_diffusion.cpython-313.pyc","43038","2026/8/12 下午 05:44:57"
"C:\Users\TUF Gaming\Desktop\我的專案\財富密碼\LOCAL-AI-STUDIO\_trainlib\diffusers\pipelines\deprecated\stable_diffusion_variants\__pycache__\pipeline_onnx_stable_diffusion_inpaint_legacy.cpython-313.pyc","27662","2026/8/12 下午 05:44:57"
"C:\Users\TUF Gaming\Desktop\我的專案\財富密碼\LOCAL-AI-STUDIO\_trainlib\diffusers\pipelines\deprecated\stable_diffusion_variants\__pycache__\pipeline_stable_diffusion_inpaint_legacy.cpython-313.pyc","39629","2026/8/12 下午 05:44:57"
"C:\Users\TUF Gaming\Desktop\我的專案\財富密碼\LOCAL-AI-STUDIO\_trainlib\diffusers\pipelines\deprecated\stable_diffusion_variants\__pycache__\pipeline_stable_diffusion_model_editing.cpython-313.pyc","39606","2026/8/12 下午 05:44:57"
"C:\Users\TUF Gaming\Desktop\我的專案\財富密碼\LOCAL-AI-STUDIO\_trainlib\diffusers\pipelines\deprecated\stable_diffusion_variants\__pycache__\pipeline_stable_diffusion_paradigms.cpython-313.pyc","35384","2026/8/12 下午 05:44:57"
"C:\Users\TUF Gaming\Desktop\我的專案\財富密碼\LOCAL-AI-STUDIO\_trainlib\diffusers\pipelines\deprecated\stable_diffusion_variants\__pycache__\pipeline_stable_diffusion_pix2pix_zero.cpython-313.pyc","61383","2026/8/12 下午 05:44:57"
"C:\Users\TUF Gaming\Desktop\我的專案\財富密碼\LOCAL-AI-STUDIO\_trainlib\diffusers\pipelines\deprecated\stable_diffusion_variants\__pycache__\__init__.cpython-313.pyc","2141","2026/8/12 下午 05:44:57"
"C:\Users\TUF Gaming\Desktop\我的專案\財富密碼\LOCAL-AI-STUDIO\_trainlib\diffusers\pipelines\deprecated\stochastic_karras_ve\pipeline_stochastic_karras_ve.py","5210","2026/8/12 下午 05:44:55"
"C:\Users\TUF Gaming\Desktop\我的專案\財富密碼\LOCAL-AI-STUDIO\_trainlib\diffusers\pipelines\deprecated\stochastic_karras_ve\__init__.py","453","2026/8/12 下午 05:44:55"
"C:\Users\TUF Gaming\Desktop\我的專案\財富密碼\LOCAL-AI-STUDIO\_trainlib\diffusers\pipelines\deprecated\stochastic_karras_ve\__pycache__\pipeline_stochastic_karras_ve.cpython-313.pyc","5177","2026/8/12 下午 05:44:57"
"C:\Users\TUF Gaming\Desktop\我的專案\財富密碼\LOCAL-AI-STUDIO\_trainlib\diffusers\pipelines\deprecated\stochastic_karras_ve\__pycache__\__init__.cpython-313.pyc","703","2026/8/12 下午 05:44:57"
"C:\Users\TUF Gaming\Desktop\我的專案\財富密碼\LOCAL-AI-STUDIO\_trainlib\diffusers\pipelines\deprecated\text_to_video_synthesis\pipeline_output.py","700","2026/8/12 下午 05:44:55"
"C:\Users\TUF Gaming\Desktop\我的專案\財富密碼\LOCAL-AI-STUDIO\_trainlib\diffusers\pipelines\deprecated\text_to_video_synthesis\pipeline_text_to_video_synth.py","31546","2026/8/12 下午 05:44:55"
"C:\Users\TUF Gaming\Desktop\我的專案\財富密碼\LOCAL-AI-STUDIO\_trainlib\diffusers\pipelines\deprecated\text_to_video_synthesis\pipeline_text_to_video_synth_img2img.py","35355","2026/8/12 下午 05:44:55"
"C:\Users\TUF Gaming\Desktop\我的專案\財富密碼\LOCAL-AI-STUDIO\_trainlib\diffusers\pipelines\deprecated\text_to_video_synthesis\pipeline_text_to_video_zero.py","45644","2026/8/12 下午 05:44:55"
"C:\Users\TUF Gaming\Desktop\我的專案\財富密碼\LOCAL-AI-STUDIO\_trainlib\diffusers\pipelines\deprecated\text_to_video_synthesis\pipeline_text_to_video_zero_sdxl.py","64388","2026/8/12 下午 05:44:55"
"C:\Users\TUF Gaming\Desktop\我的專案\財富密碼\LOCAL-AI-STUDIO\_trainlib\diffusers\pipelines\deprecated\text_to_video_synthesis\__init__.py","1982","2026/8/12 下午 05:44:55"
"C:\Users\TUF Gaming\Desktop\我的專案\財富密碼\LOCAL-AI-STUDIO\_trainlib\diffusers\pipelines\deprecated\text_to_video_synthesis\__pycache__\pipeline_output.cpython-313.pyc","1331","2026/8/12 下午 05:44:57"
"C:\Users\TUF Gaming\Desktop\我的專案\財富密碼\LOCAL-AI-STUDIO\_trainlib\diffusers\pipelines\deprecated\text_to_video_synthesis\__pycache__\pipeline_text_to_video_synth.cpython-313.pyc","26712","2026/8/12 下午 05:44:57"
"C:\Users\TUF Gaming\Desktop\我的專案\財富密碼\LOCAL-AI-STUDIO\_trainlib\diffusers\pipelines\deprecated\text_to_video_synthesis\__pycache__\pipeline_text_to_video_synth_img2img.cpython-313.pyc","31029","2026/8/12 下午 05:44:57"
"C:\Users\TUF Gaming\Desktop\我的專案\財富密碼\LOCAL-AI-STUDIO\_trainlib\diffusers\pipelines\deprecated\text_to_video_synthesis\__pycache__\pipeline_text_to_video_zero.cpython-313.pyc","42662","2026/8/12 下午 05:44:57"
"C:\Users\TUF Gaming\Desktop\我的專案\財富密碼\LOCAL-AI-STUDIO\_trainlib\diffusers\pipelines\deprecated\text_to_video_synthesis\__pycache__\pipeline_text_to_video_zero_sdxl.cpython-313.pyc","56521","2026/8/12 下午 05:44:57"
"C:\Users\TUF Gaming\Desktop\我的專案\財富密碼\LOCAL-AI-STUDIO\_trainlib\diffusers\pipelines\deprecated\text_to_video_synthesis\__pycache__\__init__.cpython-313.pyc","2064","2026/8/12 下午 05:44:57"
"C:\Users\TUF Gaming\Desktop\我的專案\財富密碼\LOCAL-AI-STUDIO\_trainlib\diffusers\pipelines\deprecated\unclip\pipeline_unclip.py","22348","2026/8/12 下午 05:44:55"
"C:\Users\TUF Gaming\Desktop\我的專案\財富密碼\LOCAL-AI-STUDIO\_trainlib\diffusers\pipelines\deprecated\unclip\pipeline_unclip_image_variation.py","19296","2026/8/12 下午 05:44:55"
"C:\Users\TUF Gaming\Desktop\我的專案\財富密碼\LOCAL-AI-STUDIO\_trainlib\diffusers\pipelines\deprecated\unclip\text_proj.py","4288","2026/8/12 下午 05:44:55"
"C:\Users\TUF Gaming\Desktop\我的專案\財富密碼\LOCAL-AI-STUDIO\_trainlib\diffusers\pipelines\deprecated\unclip\__init__.py","1755","2026/8/12 下午 05:44:55"
"C:\Users\TUF Gaming\Desktop\我的專案\財富密碼\LOCAL-AI-STUDIO\_trainlib\diffusers\pipelines\deprecated\unclip\__pycache__\pipeline_unclip.cpython-313.pyc","20197","2026/8/12 下午 05:44:57"
"C:\Users\TUF Gaming\Desktop\我的專案\財富密碼\LOCAL-AI-STUDIO\_trainlib\diffusers\pipelines\deprecated\unclip\__pycache__\pipeline_unclip_image_variation.cpython-313.pyc","17826","2026/8/12 下午 05:44:57"
"C:\Users\TUF Gaming\Desktop\我的專案\財富密碼\LOCAL-AI-STUDIO\_trainlib\diffusers\pipelines\deprecated\unclip\__pycache__\text_proj.cpython-313.pyc","3622","2026/8/12 下午 05:44:57"
"C:\Users\TUF Gaming\Desktop\我的專案\財富密碼\LOCAL-AI-STUDIO\_trainlib\diffusers\pipelines\deprecated\unclip\__pycache__\__init__.cpython-313.pyc","1839","2026/8/12 下午 05:44:57"
"C:\Users\TUF Gaming\Desktop\我的專案\財富密碼\LOCAL-AI-STUDIO\_trainlib\diffusers\pipelines\deprecated\unidiffuser\modeling_text_decoder.py","14069","2026/8/12 下午 05:44:55"
"C:\Users\TUF Gaming\Desktop\我的專案\財富密碼\LOCAL-AI-STUDIO\_trainlib\diffusers\pipelines\deprecated\unidiffuser\modeling_uvit.py","54187","2026/8/12 下午 05:44:55"
"C:\Users\TUF Gaming\Desktop\我的專案\財富密碼\LOCAL-AI-STUDIO\_trainlib\diffusers\pipelines\deprecated\unidiffuser\pipeline_unidiffuser.py","69995","2026/8/12 下午 05:44:55"
"C:\Users\TUF Gaming\Desktop\我的專案\財富密碼\LOCAL-AI-STUDIO\_trainlib\diffusers\pipelines\deprecated\unidiffuser\__init__.py","1817","2026/8/12 下午 05:44:55"
"C:\Users\TUF Gaming\Desktop\我的專案\財富密碼\LOCAL-AI-STUDIO\_trainlib\diffusers\pipelines\deprecated\unidiffuser\__pycache__\modeling_text_decoder.cpython-313.pyc","15013","2026/8/12 下午 05:44:57"
"C:\Users\TUF Gaming\Desktop\我的專案\財富密碼\LOCAL-AI-STUDIO\_trainlib\diffusers\pipelines\deprecated\unidiffuser\__pycache__\modeling_uvit.cpython-313.pyc","44376","2026/8/12 下午 05:44:57"
"C:\Users\TUF Gaming\Desktop\我的專案\財富密碼\LOCAL-AI-STUDIO\_trainlib\diffusers\pipelines\deprecated\unidiffuser\__pycache__\pipeline_unidiffuser.cpython-313.pyc","59292","2026/8/12 下午 05:44:57"
"C:\Users\TUF Gaming\Desktop\我的專案\財富密碼\LOCAL-AI-STUDIO\_trainlib\diffusers\pipelines\deprecated\unidiffuser\__pycache__\__init__.cpython-313.pyc","1794","2026/8/12 下午 05:44:57"
"C:\Users\TUF Gaming\Desktop\我的專案\財富密碼\LOCAL-AI-STUDIO\_trainlib\diffusers\pipelines\deprecated\versatile_diffusion\modeling_text_unet.py","112669","2026/8/12 下午 05:44:55"
"C:\Users\TUF Gaming\Desktop\我的專案\財富密碼\LOCAL-AI-STUDIO\_trainlib\diffusers\pipelines\deprecated\versatile_diffusion\pipeline_versatile_diffusion.py","21779","2026/8/12 下午 05:44:55"
"C:\Users\TUF Gaming\Desktop\我的專案\財富密碼\LOCAL-AI-STUDIO\_trainlib\diffusers\pipelines\deprecated\versatile_diffusion\pipeline_versatile_diffusion_dual_guided.py","27279","2026/8/12 下午 05:44:55"
"C:\Users\TUF Gaming\Desktop\我的專案\財富密碼\LOCAL-AI-STUDIO\_trainlib\diffusers\pipelines\deprecated\versatile_diffusion\pipeline_versatile_diffusion_image_variation.py","19648","2026/8/12 下午 05:44:55"
"C:\Users\TUF Gaming\Desktop\我的專案\財富密碼\LOCAL-AI-STUDIO\_trainlib\diffusers\pipelines\deprecated\versatile_diffusion\pipeline_versatile_diffusion_text_to_image.py","22851","2026/8/12 下午 05:44:55"
"C:\Users\TUF Gaming\Desktop\我的專案\財富密碼\LOCAL-AI-STUDIO\_trainlib\diffusers\pipelines\deprecated\versatile_diffusion\__init__.py","2838","2026/8/12 下午 05:44:55"
"C:\Users\TUF Gaming\Desktop\我的專案\財富密碼\LOCAL-AI-STUDIO\_trainlib\diffusers\pipelines\deprecated\versatile_diffusion\__pycache__\modeling_text_unet.cpython-313.pyc","93232","2026/8/12 下午 05:44:57"
"C:\Users\TUF Gaming\Desktop\我的專案\財富密碼\LOCAL-AI-STUDIO\_trainlib\diffusers\pipelines\deprecated\versatile_diffusion\__pycache__\pipeline_versatile_diffusion.cpython-313.pyc","21111","2026/8/12 下午 05:44:57"
"C:\Users\TUF Gaming\Desktop\我的專案\財富密碼\LOCAL-AI-STUDIO\_trainlib\diffusers\pipelines\deprecated\versatile_diffusion\__pycache__\pipeline_versatile_diffusion_dual_guided.cpython-313.pyc","26579","2026/8/12 下午 05:44:57"
"C:\Users\TUF Gaming\Desktop\我的專案\財富密碼\LOCAL-AI-STUDIO\_trainlib\diffusers\pipelines\deprecated\versatile_diffusion\__pycache__\pipeline_versatile_diffusion_image_variation.cpython-313.pyc","18928","2026/8/12 下午 05:44:57"
"C:\Users\TUF Gaming\Desktop\我的專案\財富密碼\LOCAL-AI-STUDIO\_trainlib\diffusers\pipelines\deprecated\versatile_diffusion\__pycache__\pipeline_versatile_diffusion_text_to_image.cpython-313.pyc","22370","2026/8/12 下午 05:44:57"
"C:\Users\TUF Gaming\Desktop\我的專案\財富密碼\LOCAL-AI-STUDIO\_trainlib\diffusers\pipelines\deprecated\versatile_diffusion\__pycache__\__init__.cpython-313.pyc","2221","2026/8/12 下午 05:44:57"
"C:\Users\TUF Gaming\Desktop\我的專案\財富密碼\LOCAL-AI-STUDIO\_trainlib\diffusers\pipelines\deprecated\vq_diffusion\pipeline_vq_diffusion.py","15378","2026/8/12 下午 05:44:55"
"C:\Users\TUF Gaming\Desktop\我的專案\財富密碼\LOCAL-AI-STUDIO\_trainlib\diffusers\pipelines\deprecated\vq_diffusion\__init__.py","1650","2026/8/12 下午 05:44:55"
"C:\Users\TUF Gaming\Desktop\我的專案\財富密碼\LOCAL-AI-STUDIO\_trainlib\diffusers\pipelines\deprecated\vq_diffusion\__pycache__\pipeline_vq_diffusion.cpython-313.pyc","15383","2026/8/12 下午 05:44:57"
"C:\Users\TUF Gaming\Desktop\我的專案\財富密碼\LOCAL-AI-STUDIO\_trainlib\diffusers\pipelines\deprecated\vq_diffusion\__pycache__\__init__.cpython-313.pyc","1577","2026/8/12 下午 05:44:57"
"C:\Users\TUF Gaming\Desktop\我的專案\財富密碼\LOCAL-AI-STUDIO\_trainlib\diffusers\pipelines\deprecated\wuerstchen\modeling_paella_vq_model.py","6893","2026/8/12 下午 05:44:55"
"C:\Users\TUF Gaming\Desktop\我的專案\財富密碼\LOCAL-AI-STUDIO\_trainlib\diffusers\pipelines\deprecated\wuerstchen\modeling_wuerstchen_common.py","2714","2026/8/12 下午 05:44:55"
"C:\Users\TUF Gaming\Desktop\我的專案\財富密碼\LOCAL-AI-STUDIO\_trainlib\diffusers\pipelines\deprecated\wuerstchen\modeling_wuerstchen_diffnext.py","10425","2026/8/12 下午 05:44:55"
"C:\Users\TUF Gaming\Desktop\我的專案\財富密碼\LOCAL-AI-STUDIO\_trainlib\diffusers\pipelines\deprecated\wuerstchen\modeling_wuerstchen_prior.py","4586","2026/8/12 下午 05:44:55"
"C:\Users\TUF Gaming\Desktop\我的專案\財富密碼\LOCAL-AI-STUDIO\_trainlib\diffusers\pipelines\deprecated\wuerstchen\pipeline_wuerstchen.py","20771","2026/8/12 下午 05:44:55"
"C:\Users\TUF Gaming\Desktop\我的專案\財富密碼\LOCAL-AI-STUDIO\_trainlib\diffusers\pipelines\deprecated\wuerstchen\pipeline_wuerstchen_combined.py","16570","2026/8/12 下午 05:44:55"
"C:\Users\TUF Gaming\Desktop\我的專案\財富密碼\LOCAL-AI-STUDIO\_trainlib\diffusers\pipelines\deprecated\wuerstchen\pipeline_wuerstchen_prior.py","24051","2026/8/12 下午 05:44:55"
"C:\Users\TUF Gaming\Desktop\我的專案\財富密碼\LOCAL-AI-STUDIO\_trainlib\diffusers\pipelines\deprecated\wuerstchen\__init__.py","2103","2026/8/12 下午 05:44:55"
"C:\Users\TUF Gaming\Desktop\我的專案\財富密碼\LOCAL-AI-STUDIO\_trainlib\diffusers\pipelines\deprecated\wuerstchen\__pycache__\modeling_paella_vq_model.cpython-313.pyc","9030","2026/8/12 下午 05:44:57"
"C:\Users\TUF Gaming\Desktop\我的專案\財富密碼\LOCAL-AI-STUDIO\_trainlib\diffusers\pipelines\deprecated\wuerstchen\__pycache__\modeling_wuerstchen_common.cpython-313.pyc","6354","2026/8/12 下午 05:44:57"
"C:\Users\TUF Gaming\Desktop\我的專案\財富密碼\LOCAL-AI-STUDIO\_trainlib\diffusers\pipelines\deprecated\wuerstchen\__pycache__\modeling_wuerstchen_diffnext.cpython-313.pyc","13997","2026/8/12 下午 05:44:57"
"C:\Users\TUF Gaming\Desktop\我的專案\財富密碼\LOCAL-AI-STUDIO\_trainlib\diffusers\pipelines\deprecated\wuerstchen\__pycache__\modeling_wuerstchen_prior.cpython-313.pyc","6697","2026/8/12 下午 05:44:57"
"C:\Users\TUF Gaming\Desktop\我的專案\財富密碼\LOCAL-AI-STUDIO\_trainlib\diffusers\pipelines\deprecated\wuerstchen\__pycache__\pipeline_wuerstchen.cpython-313.pyc","20645","2026/8/12 下午 05:44:57"
"C:\Users\TUF Gaming\Desktop\我的專案\財富密碼\LOCAL-AI-STUDIO\_trainlib\diffusers\pipelines\deprecated\wuerstchen\__pycache__\pipeline_wuerstchen_combined.cpython-313.pyc","15856","2026/8/12 下午 05:44:57"
"C:\Users\TUF Gaming\Desktop\我的專案\財富密碼\LOCAL-AI-STUDIO\_trainlib\diffusers\pipelines\deprecated\wuerstchen\__pycache__\pipeline_wuerstchen_prior.cpython-313.pyc","23119","2026/8/12 下午 05:44:57"
"C:\Users\TUF Gaming\Desktop\我的專案\財富密碼\LOCAL-AI-STUDIO\_trainlib\diffusers\pipelines\deprecated\wuerstchen\__pycache__\__init__.cpython-313.pyc","2171","2026/8/12 下午 05:44:57"
"C:\Users\TUF Gaming\Desktop\我的專案\財富密碼\LOCAL-AI-STUDIO\_trainlib\diffusers\pipelines\deprecated\__pycache__\__init__.cpython-313.pyc","7358","2026/8/12 下午 05:44:57"
"C:\Users\TUF Gaming\Desktop\我的專案\財富密碼\LOCAL-AI-STUDIO\_trainlib\diffusers\pipelines\diffusion_gemma\pipeline_diffusion_gemma.py","24912","2026/8/12 下午 05:44:55"
"C:\Users\TUF Gaming\Desktop\我的專案\財富密碼\LOCAL-AI-STUDIO\_trainlib\diffusers\pipelines\diffusion_gemma\pipeline_output.py","1229","2026/8/12 下午 05:44:55"
"C:\Users\TUF Gaming\Desktop\我的專案\財富密碼\LOCAL-AI-STUDIO\_trainlib\diffusers\pipelines\diffusion_gemma\__init__.py","1474","2026/8/12 下午 05:44:55"
"C:\Users\TUF Gaming\Desktop\我的專案\財富密碼\LOCAL-AI-STUDIO\_trainlib\diffusers\pipelines\diffusion_gemma\__pycache__\pipeline_diffusion_gemma.cpython-313.pyc","21422","2026/8/12 下午 05:44:57"
"C:\Users\TUF Gaming\Desktop\我的專案\財富密碼\LOCAL-AI-STUDIO\_trainlib\diffusers\pipelines\diffusion_gemma\__pycache__\pipeline_output.cpython-313.pyc","1128","2026/8/12 下午 05:44:57"
"C:\Users\TUF Gaming\Desktop\我的專案\財富密碼\LOCAL-AI-STUDIO\_trainlib\diffusers\pipelines\diffusion_gemma\__pycache__\__init__.cpython-313.pyc","1682","2026/8/12 下午 05:44:57"
"C:\Users\TUF Gaming\Desktop\我的專案\財富密碼\LOCAL-AI-STUDIO\_trainlib\diffusers\pipelines\dit\pipeline_dit.py","10394","2026/8/12 下午 05:44:55"
"C:\Users\TUF Gaming\Desktop\我的專案\財富密碼\LOCAL-AI-STUDIO\_trainlib\diffusers\pipelines\dit\__init__.py","408","2026/8/12 下午 05:44:55"
"C:\Users\TUF Gaming\Desktop\我的專案\財富密碼\LOCAL-AI-STUDIO\_trainlib\diffusers\pipelines\dit\__pycache__\pipeline_dit.cpython-313.pyc","10970","2026/8/12 下午 05:44:57"
"C:\Users\TUF Gaming\Desktop\我的專案\財富密碼\LOCAL-AI-STUDIO\_trainlib\diffusers\pipelines\dit\__pycache__\__init__.cpython-313.pyc","651","2026/8/12 下午 05:44:57"
"C:\Users\TUF Gaming\Desktop\我的專案\財富密碼\LOCAL-AI-STUDIO\_trainlib\diffusers\pipelines\dreamlite\pipeline_dreamlite.py","26597","2026/8/12 下午 05:44:55"
"C:\Users\TUF Gaming\Desktop\我的專案\財富密碼\LOCAL-AI-STUDIO\_trainlib\diffusers\pipelines\dreamlite\pipeline_dreamlite_mobile.py","25312","2026/8/12 下午 05:44:55"
"C:\Users\TUF Gaming\Desktop\我的專案\財富密碼\LOCAL-AI-STUDIO\_trainlib\diffusers\pipelines\dreamlite\pipeline_output.py","1203","2026/8/12 下午 05:44:55"
"C:\Users\TUF Gaming\Desktop\我的專案\財富密碼\LOCAL-AI-STUDIO\_trainlib\diffusers\pipelines\dreamlite\__init__.py","1296","2026/8/12 下午 05:44:55"
"C:\Users\TUF Gaming\Desktop\我的專案\財富密碼\LOCAL-AI-STUDIO\_trainlib\diffusers\pipelines\dreamlite\__pycache__\pipeline_dreamlite.cpython-313.pyc","26714","2026/8/12 下午 05:44:57"
"C:\Users\TUF Gaming\Desktop\我的專案\財富密碼\LOCAL-AI-STUDIO\_trainlib\diffusers\pipelines\dreamlite\__pycache__\pipeline_dreamlite_mobile.cpython-313.pyc","25428","2026/8/12 下午 05:44:57"
"C:\Users\TUF Gaming\Desktop\我的專案\財富密碼\LOCAL-AI-STUDIO\_trainlib\diffusers\pipelines\dreamlite\__pycache__\pipeline_output.cpython-313.pyc","1208","2026/8/12 下午 05:44:57"
"C:\Users\TUF Gaming\Desktop\我的專案\財富密碼\LOCAL-AI-STUDIO\_trainlib\diffusers\pipelines\dreamlite\__pycache__\__init__.cpython-313.pyc","854","2026/8/12 下午 05:44:57"
"C:\Users\TUF Gaming\Desktop\我的專案\財富密碼\LOCAL-AI-STUDIO\_trainlib\diffusers\pipelines\easyanimate\pipeline_easyanimate.py","35709","2026/8/12 下午 05:44:55"
"C:\Users\TUF Gaming\Desktop\我的專案\財富密碼\LOCAL-AI-STUDIO\_trainlib\diffusers\pipelines\easyanimate\pipeline_easyanimate_control.py","46689","2026/8/12 下午 05:44:55"
"C:\Users\TUF Gaming\Desktop\我的專案\財富密碼\LOCAL-AI-STUDIO\_trainlib\diffusers\pipelines\easyanimate\pipeline_easyanimate_inpaint.py","58840","2026/8/12 下午 05:44:55"
"C:\Users\TUF Gaming\Desktop\我的專案\財富密碼\LOCAL-AI-STUDIO\_trainlib\diffusers\pipelines\easyanimate\pipeline_output.py","621","2026/8/12 下午 05:44:55"
"C:\Users\TUF Gaming\Desktop\我的專案\財富密碼\LOCAL-AI-STUDIO\_trainlib\diffusers\pipelines\easyanimate\__init__.py","1634","2026/8/12 下午 05:44:55"
"C:\Users\TUF Gaming\Desktop\我的專案\財富密碼\LOCAL-AI-STUDIO\_trainlib\diffusers\pipelines\easyanimate\__pycache__\pipeline_easyanimate.cpython-313.pyc","32387","2026/8/12 下午 05:44:57"
"C:\Users\TUF Gaming\Desktop\我的專案\財富密碼\LOCAL-AI-STUDIO\_trainlib\diffusers\pipelines\easyanimate\__pycache__\pipeline_easyanimate_control.cpython-313.pyc","42592","2026/8/12 下午 05:44:57"
"C:\Users\TUF Gaming\Desktop\我的專案\財富密碼\LOCAL-AI-STUDIO\_trainlib\diffusers\pipelines\easyanimate\__pycache__\pipeline_easyanimate_inpaint.cpython-313.pyc","53610","2026/8/12 下午 05:44:57"
"C:\Users\TUF Gaming\Desktop\我的專案\財富密碼\LOCAL-AI-STUDIO\_trainlib\diffusers\pipelines\easyanimate\__pycache__\pipeline_output.cpython-313.pyc","1122","2026/8/12 下午 05:44:57"
"C:\Users\TUF Gaming\Desktop\我的專案\財富密碼\LOCAL-AI-STUDIO\_trainlib\diffusers\pipelines\easyanimate\__pycache__\__init__.cpython-313.pyc","1800","2026/8/12 下午 05:44:57"
"C:\Users\TUF Gaming\Desktop\我的專案\財富密碼\LOCAL-AI-STUDIO\_trainlib\diffusers\pipelines\ernie_image\pipeline_ernie_image.py","16530","2026/8/12 下午 05:44:55"
"C:\Users\TUF Gaming\Desktop\我的專案\財富密碼\LOCAL-AI-STUDIO\_trainlib\diffusers\pipelines\ernie_image\pipeline_output.py","1171","2026/8/12 下午 05:44:55"
"C:\Users\TUF Gaming\Desktop\我的專案\財富密碼\LOCAL-AI-STUDIO\_trainlib\diffusers\pipelines\ernie_image\__init__.py","1304","2026/8/12 下午 05:44:55"
"C:\Users\TUF Gaming\Desktop\我的專案\財富密碼\LOCAL-AI-STUDIO\_trainlib\diffusers\pipelines\ernie_image\__pycache__\pipeline_ernie_image.cpython-313.pyc","18138","2026/8/12 下午 05:44:57"
"C:\Users\TUF Gaming\Desktop\我的專案\財富密碼\LOCAL-AI-STUDIO\_trainlib\diffusers\pipelines\ernie_image\__pycache__\pipeline_output.cpython-313.pyc","1119","2026/8/12 下午 05:44:57"
"C:\Users\TUF Gaming\Desktop\我的專案\財富密碼\LOCAL-AI-STUDIO\_trainlib\diffusers\pipelines\ernie_image\__pycache__\__init__.cpython-313.pyc","1564","2026/8/12 下午 05:44:57"
"C:\Users\TUF Gaming\Desktop\我的專案\財富密碼\LOCAL-AI-STUDIO\_trainlib\diffusers\pipelines\flux\modeling_flux.py","1518","2026/8/12 下午 05:44:55"
"C:\Users\TUF Gaming\Desktop\我的專案\財富密碼\LOCAL-AI-STUDIO\_trainlib\diffusers\pipelines\flux\pipeline_flux.py","49157","2026/8/12 下午 05:44:55"
"C:\Users\TUF Gaming\Desktop\我的專案\財富密碼\LOCAL-AI-STUDIO\_trainlib\diffusers\pipelines\flux\pipeline_flux_control.py","41823","2026/8/12 下午 05:44:55"
"C:\Users\TUF Gaming\Desktop\我的專案\財富密碼\LOCAL-AI-STUDIO\_trainlib\diffusers\pipelines\flux\pipeline_flux_controlnet.py","59456","2026/8/12 下午 05:44:55"
"C:\Users\TUF Gaming\Desktop\我的專案\財富密碼\LOCAL-AI-STUDIO\_trainlib\diffusers\pipelines\flux\pipeline_flux_controlnet_image_to_image.py","46801","2026/8/12 下午 05:44:55"
"C:\Users\TUF Gaming\Desktop\我的專案\財富密碼\LOCAL-AI-STUDIO\_trainlib\diffusers\pipelines\flux\pipeline_flux_controlnet_inpainting.py","55467","2026/8/12 下午 05:44:55"
"C:\Users\TUF Gaming\Desktop\我的專案\財富密碼\LOCAL-AI-STUDIO\_trainlib\diffusers\pipelines\flux\pipeline_flux_control_img2img.py","44542","2026/8/12 下午 05:44:55"
"C:\Users\TUF Gaming\Desktop\我的專案\財富密碼\LOCAL-AI-STUDIO\_trainlib\diffusers\pipelines\flux\pipeline_flux_control_inpaint.py","54886","2026/8/12 下午 05:44:55"
"C:\Users\TUF Gaming\Desktop\我的專案\財富密碼\LOCAL-AI-STUDIO\_trainlib\diffusers\pipelines\flux\pipeline_flux_fill.py","50619","2026/8/12 下午 05:44:55"
"C:\Users\TUF Gaming\Desktop\我的專案\財富密碼\LOCAL-AI-STUDIO\_trainlib\diffusers\pipelines\flux\pipeline_flux_img2img.py","55080","2026/8/12 下午 05:44:55"
"C:\Users\TUF Gaming\Desktop\我的專案\財富密碼\LOCAL-AI-STUDIO\_trainlib\diffusers\pipelines\flux\pipeline_flux_inpaint.py","60818","2026/8/12 下午 05:44:55"
"C:\Users\TUF Gaming\Desktop\我的專案\財富密碼\LOCAL-AI-STUDIO\_trainlib\diffusers\pipelines\flux\pipeline_flux_kontext.py","56764","2026/8/12 下午 05:44:55"
"C:\Users\TUF Gaming\Desktop\我的專案\財富密碼\LOCAL-AI-STUDIO\_trainlib\diffusers\pipelines\flux\pipeline_flux_kontext_inpaint.py","73021","2026/8/12 下午 05:44:55"
"C:\Users\TUF Gaming\Desktop\我的專案\財富密碼\LOCAL-AI-STUDIO\_trainlib\diffusers\pipelines\flux\pipeline_flux_prior_redux.py","22485","2026/8/12 下午 05:44:55"
"C:\Users\TUF Gaming\Desktop\我的專案\財富密碼\LOCAL-AI-STUDIO\_trainlib\diffusers\pipelines\flux\pipeline_output.py","1246","2026/8/12 下午 05:44:55"
"C:\Users\TUF Gaming\Desktop\我的專案\財富密碼\LOCAL-AI-STUDIO\_trainlib\diffusers\pipelines\flux\__init__.py","3445","2026/8/12 下午 05:44:55"
"C:\Users\TUF Gaming\Desktop\我的專案\財富密碼\LOCAL-AI-STUDIO\_trainlib\diffusers\pipelines\flux\__pycache__\modeling_flux.cpython-313.pyc","2118","2026/8/12 下午 05:44:57"
"C:\Users\TUF Gaming\Desktop\我的專案\財富密碼\LOCAL-AI-STUDIO\_trainlib\diffusers\pipelines\flux\__pycache__\pipeline_flux.cpython-313.pyc","46890","2026/8/12 下午 05:44:57"
"C:\Users\TUF Gaming\Desktop\我的專案\財富密碼\LOCAL-AI-STUDIO\_trainlib\diffusers\pipelines\flux\__pycache__\pipeline_flux_control.cpython-313.pyc","41069","2026/8/12 下午 05:44:57"
"C:\Users\TUF Gaming\Desktop\我的專案\財富密碼\LOCAL-AI-STUDIO\_trainlib\diffusers\pipelines\flux\__pycache__\pipeline_flux_controlnet.cpython-313.pyc","54084","2026/8/12 下午 05:44:57"
"C:\Users\TUF Gaming\Desktop\我的專案\財富密碼\LOCAL-AI-STUDIO\_trainlib\diffusers\pipelines\flux\__pycache__\pipeline_flux_controlnet_image_to_image.cpython-313.pyc","46489","2026/8/12 下午 05:44:57"
"C:\Users\TUF Gaming\Desktop\我的專案\財富密碼\LOCAL-AI-STUDIO\_trainlib\diffusers\pipelines\flux\__pycache__\pipeline_flux_controlnet_inpainting.cpython-313.pyc","52535","2026/8/12 下午 05:44:57"
"C:\Users\TUF Gaming\Desktop\我的專案\財富密碼\LOCAL-AI-STUDIO\_trainlib\diffusers\pipelines\flux\__pycache__\pipeline_flux_control_img2img.cpython-313.pyc","43834","2026/8/12 下午 05:44:57"
"C:\Users\TUF Gaming\Desktop\我的專案\財富密碼\LOCAL-AI-STUDIO\_trainlib\diffusers\pipelines\flux\__pycache__\pipeline_flux_control_inpaint.cpython-313.pyc","53044","2026/8/12 下午 05:44:57"
"C:\Users\TUF Gaming\Desktop\我的專案\財富密碼\LOCAL-AI-STUDIO\_trainlib\diffusers\pipelines\flux\__pycache__\pipeline_flux_fill.cpython-313.pyc","48787","2026/8/12 下午 05:44:57"
"C:\Users\TUF Gaming\Desktop\我的專案\財富密碼\LOCAL-AI-STUDIO\_trainlib\diffusers\pipelines\flux\__pycache__\pipeline_flux_img2img.cpython-313.pyc","52059","2026/8/12 下午 05:44:57"
"C:\Users\TUF Gaming\Desktop\我的專案\財富密碼\LOCAL-AI-STUDIO\_trainlib\diffusers\pipelines\flux\__pycache__\pipeline_flux_inpaint.cpython-313.pyc","56017","2026/8/12 下午 05:44:57"
"C:\Users\TUF Gaming\Desktop\我的專案\財富密碼\LOCAL-AI-STUDIO\_trainlib\diffusers\pipelines\flux\__pycache__\pipeline_flux_kontext.cpython-313.pyc","53617","2026/8/12 下午 05:44:57"
"C:\Users\TUF Gaming\Desktop\我的專案\財富密碼\LOCAL-AI-STUDIO\_trainlib\diffusers\pipelines\flux\__pycache__\pipeline_flux_kontext_inpaint.cpython-313.pyc","67545","2026/8/12 下午 05:44:57"
"C:\Users\TUF Gaming\Desktop\我的專案\財富密碼\LOCAL-AI-STUDIO\_trainlib\diffusers\pipelines\flux\__pycache__\pipeline_flux_prior_redux.cpython-313.pyc","21125","2026/8/12 下午 05:44:57"
"C:\Users\TUF Gaming\Desktop\我的專案\財富密碼\LOCAL-AI-STUDIO\_trainlib\diffusers\pipelines\flux\__pycache__\pipeline_output.cpython-313.pyc","2035","2026/8/12 下午 05:44:57"
"C:\Users\TUF Gaming\Desktop\我的專案\財富密碼\LOCAL-AI-STUDIO\_trainlib\diffusers\pipelines\flux\__pycache__\__init__.cpython-313.pyc","3236","2026/8/12 下午 05:44:57"
"C:\Users\TUF Gaming\Desktop\我的專案\財富密碼\LOCAL-AI-STUDIO\_trainlib\diffusers\pipelines\flux2\image_processor.py","6974","2026/8/12 下午 05:44:55"
"C:\Users\TUF Gaming\Desktop\我的專案\財富密碼\LOCAL-AI-STUDIO\_trainlib\diffusers\pipelines\flux2\pipeline_flux2.py","44172","2026/8/12 下午 05:44:55"
"C:\Users\TUF Gaming\Desktop\我的專案\財富密碼\LOCAL-AI-STUDIO\_trainlib\diffusers\pipelines\flux2\pipeline_flux2_klein.py","41381","2026/8/12 下午 05:44:55"
"C:\Users\TUF Gaming\Desktop\我的專案\財富密碼\LOCAL-AI-STUDIO\_trainlib\diffusers\pipelines\flux2\pipeline_flux2_klein_inpaint.py","58560","2026/8/12 下午 05:44:55"
"C:\Users\TUF Gaming\Desktop\我的專案\財富密碼\LOCAL-AI-STUDIO\_trainlib\diffusers\pipelines\flux2\pipeline_flux2_klein_kv.py","36863","2026/8/12 下午 05:44:55"
"C:\Users\TUF Gaming\Desktop\我的專案\財富密碼\LOCAL-AI-STUDIO\_trainlib\diffusers\pipelines\flux2\pipeline_output.py","743","2026/8/12 下午 05:44:55"
"C:\Users\TUF Gaming\Desktop\我的專案\財富密碼\LOCAL-AI-STUDIO\_trainlib\diffusers\pipelines\flux2\system_messages.py","1904","2026/8/12 下午 05:44:55"
"C:\Users\TUF Gaming\Desktop\我的專案\財富密碼\LOCAL-AI-STUDIO\_trainlib\diffusers\pipelines\flux2\__init__.py","1898","2026/8/12 下午 05:44:55"
"C:\Users\TUF Gaming\Desktop\我的專案\財富密碼\LOCAL-AI-STUDIO\_trainlib\diffusers\pipelines\flux2\__pycache__\image_processor.cpython-313.pyc","7856","2026/8/12 下午 05:44:57"
"C:\Users\TUF Gaming\Desktop\我的專案\財富密碼\LOCAL-AI-STUDIO\_trainlib\diffusers\pipelines\flux2\__pycache__\pipeline_flux2.cpython-313.pyc","45554","2026/8/12 下午 05:44:57"
"C:\Users\TUF Gaming\Desktop\我的專案\財富密碼\LOCAL-AI-STUDIO\_trainlib\diffusers\pipelines\flux2\__pycache__\pipeline_flux2_klein.cpython-313.pyc","42642","2026/8/12 下午 05:44:57"
"C:\Users\TUF Gaming\Desktop\我的專案\財富密碼\LOCAL-AI-STUDIO\_trainlib\diffusers\pipelines\flux2\__pycache__\pipeline_flux2_klein_inpaint.cpython-313.pyc","60314","2026/8/12 下午 05:44:57"
"C:\Users\TUF Gaming\Desktop\我的專案\財富密碼\LOCAL-AI-STUDIO\_trainlib\diffusers\pipelines\flux2\__pycache__\pipeline_flux2_klein_kv.cpython-313.pyc","38357","2026/8/12 下午 05:44:57"
"C:\Users\TUF Gaming\Desktop\我的專案\財富密碼\LOCAL-AI-STUDIO\_trainlib\diffusers\pipelines\flux2\__pycache__\pipeline_output.cpython-313.pyc","1311","2026/8/12 下午 05:44:57"
"C:\Users\TUF Gaming\Desktop\我的專案\財富密碼\LOCAL-AI-STUDIO\_trainlib\diffusers\pipelines\flux2\__pycache__\system_messages.cpython-313.pyc","2074","2026/8/12 下午 05:44:57"
"C:\Users\TUF Gaming\Desktop\我的專案\財富密碼\LOCAL-AI-STUDIO\_trainlib\diffusers\pipelines\flux2\__pycache__\__init__.cpython-313.pyc","2095","2026/8/12 下午 05:44:57"
"C:\Users\TUF Gaming\Desktop\我的專案\財富密碼\LOCAL-AI-STUDIO\_trainlib\diffusers\pipelines\glm_image\pipeline_glm_image.py","50058","2026/8/12 下午 05:44:55"
"C:\Users\TUF Gaming\Desktop\我的專案\財富密碼\LOCAL-AI-STUDIO\_trainlib\diffusers\pipelines\glm_image\pipeline_output.py","557","2026/8/12 下午 05:44:55"
"C:\Users\TUF Gaming\Desktop\我的專案\財富密碼\LOCAL-AI-STUDIO\_trainlib\diffusers\pipelines\glm_image\__init__.py","1967","2026/8/12 下午 05:44:55"
"C:\Users\TUF Gaming\Desktop\我的專案\財富密碼\LOCAL-AI-STUDIO\_trainlib\diffusers\pipelines\glm_image\__pycache__\pipeline_glm_image.cpython-313.pyc","48819","2026/8/12 下午 05:44:57"
"C:\Users\TUF Gaming\Desktop\我的專案\財富密碼\LOCAL-AI-STUDIO\_trainlib\diffusers\pipelines\glm_image\__pycache__\pipeline_output.cpython-313.pyc","1138","2026/8/12 下午 05:44:57"
"C:\Users\TUF Gaming\Desktop\我的專案\財富密碼\LOCAL-AI-STUDIO\_trainlib\diffusers\pipelines\glm_image\__pycache__\__init__.cpython-313.pyc","2146","2026/8/12 下午 05:44:57"
"C:\Users\TUF Gaming\Desktop\我的專案\財富密碼\LOCAL-AI-STUDIO\_trainlib\diffusers\pipelines\helios\pipeline_helios.py","45369","2026/8/12 下午 05:44:55"
"C:\Users\TUF Gaming\Desktop\我的專案\財富密碼\LOCAL-AI-STUDIO\_trainlib\diffusers\pipelines\helios\pipeline_helios_pyramid.py","54439","2026/8/12 下午 05:44:55"
"C:\Users\TUF Gaming\Desktop\我的專案\財富密碼\LOCAL-AI-STUDIO\_trainlib\diffusers\pipelines\helios\pipeline_output.py","611","2026/8/12 下午 05:44:55"
"C:\Users\TUF Gaming\Desktop\我的專案\財富密碼\LOCAL-AI-STUDIO\_trainlib\diffusers\pipelines\helios\__init__.py","1428","2026/8/12 下午 05:44:55"
"C:\Users\TUF Gaming\Desktop\我的專案\財富密碼\LOCAL-AI-STUDIO\_trainlib\diffusers\pipelines\helios\__pycache__\pipeline_helios.cpython-313.pyc","43033","2026/8/12 下午 05:44:57"
"C:\Users\TUF Gaming\Desktop\我的專案\財富密碼\LOCAL-AI-STUDIO\_trainlib\diffusers\pipelines\helios\__pycache__\pipeline_helios_pyramid.cpython-313.pyc","49754","2026/8/12 下午 05:44:57"
"C:\Users\TUF Gaming\Desktop\我的專案\財富密碼\LOCAL-AI-STUDIO\_trainlib\diffusers\pipelines\helios\__pycache__\pipeline_output.cpython-313.pyc","1107","2026/8/12 下午 05:44:57"
"C:\Users\TUF Gaming\Desktop\我的專案\財富密碼\LOCAL-AI-STUDIO\_trainlib\diffusers\pipelines\helios\__pycache__\__init__.cpython-313.pyc","1655","2026/8/12 下午 05:44:57"
"C:\Users\TUF Gaming\Desktop\我的專案\財富密碼\LOCAL-AI-STUDIO\_trainlib\diffusers\pipelines\hidream_image\pipeline_hidream_image.py","52951","2026/8/12 下午 05:44:55"
"C:\Users\TUF Gaming\Desktop\我的專案\財富密碼\LOCAL-AI-STUDIO\_trainlib\diffusers\pipelines\hidream_image\pipeline_output.py","1192","2026/8/12 下午 05:44:55"
"C:\Users\TUF Gaming\Desktop\我的專案\財富密碼\LOCAL-AI-STUDIO\_trainlib\diffusers\pipelines\hidream_image\__init__.py","1499","2026/8/12 下午 05:44:55"
"C:\Users\TUF Gaming\Desktop\我的專案\財富密碼\LOCAL-AI-STUDIO\_trainlib\diffusers\pipelines\hidream_image\__pycache__\pipeline_hidream_image.cpython-313.pyc","47840","2026/8/12 下午 05:44:57"
"C:\Users\TUF Gaming\Desktop\我的專案\財富密碼\LOCAL-AI-STUDIO\_trainlib\diffusers\pipelines\hidream_image\__pycache__\pipeline_output.cpython-313.pyc","1152","2026/8/12 下午 05:44:57"
"C:\Users\TUF Gaming\Desktop\我的專案\財富密碼\LOCAL-AI-STUDIO\_trainlib\diffusers\pipelines\hidream_image\__pycache__\__init__.cpython-313.pyc","1803","2026/8/12 下午 05:44:57"
"C:\Users\TUF Gaming\Desktop\我的專案\財富密碼\LOCAL-AI-STUDIO\_trainlib\diffusers\pipelines\hunyuandit\pipeline_hunyuandit.py","43606","2026/8/12 下午 05:44:55"
"C:\Users\TUF Gaming\Desktop\我的專案\財富密碼\LOCAL-AI-STUDIO\_trainlib\diffusers\pipelines\hunyuandit\__init__.py","1302","2026/8/12 下午 05:44:55"
"C:\Users\TUF Gaming\Desktop\我的專案\財富密碼\LOCAL-AI-STUDIO\_trainlib\diffusers\pipelines\hunyuandit\__pycache__\pipeline_hunyuandit.cpython-313.pyc","39182","2026/8/12 下午 05:44:57"
"C:\Users\TUF Gaming\Desktop\我的專案\財富密碼\LOCAL-AI-STUDIO\_trainlib\diffusers\pipelines\hunyuandit\__pycache__\__init__.cpython-313.pyc","1562","2026/8/12 下午 05:44:57"
"C:\Users\TUF Gaming\Desktop\我的專案\財富密碼\LOCAL-AI-STUDIO\_trainlib\diffusers\pipelines\hunyuan_image\pipeline_hunyuanimage.py","42885","2026/8/12 下午 05:44:55"
"C:\Users\TUF Gaming\Desktop\我的專案\財富密碼\LOCAL-AI-STUDIO\_trainlib\diffusers\pipelines\hunyuan_image\pipeline_hunyuanimage_refiner.py","37502","2026/8/12 下午 05:44:55"
"C:\Users\TUF Gaming\Desktop\我的專案\財富密碼\LOCAL-AI-STUDIO\_trainlib\diffusers\pipelines\hunyuan_image\pipeline_output.py","564","2026/8/12 下午 05:44:55"
"C:\Users\TUF Gaming\Desktop\我的專案\財富密碼\LOCAL-AI-STUDIO\_trainlib\diffusers\pipelines\hunyuan_image\__init__.py","1478","2026/8/12 下午 05:44:55"
"C:\Users\TUF Gaming\Desktop\我的專案\財富密碼\LOCAL-AI-STUDIO\_trainlib\diffusers\pipelines\hunyuan_image\__pycache__\pipeline_hunyuanimage.cpython-313.pyc","37648","2026/8/12 下午 05:44:57"
"C:\Users\TUF Gaming\Desktop\我的專案\財富密碼\LOCAL-AI-STUDIO\_trainlib\diffusers\pipelines\hunyuan_image\__pycache__\pipeline_hunyuanimage_refiner.cpython-313.pyc","34505","2026/8/12 下午 05:44:57"
"C:\Users\TUF Gaming\Desktop\我的專案\財富密碼\LOCAL-AI-STUDIO\_trainlib\diffusers\pipelines\hunyuan_image\__pycache__\pipeline_output.cpython-313.pyc","1148","2026/8/12 下午 05:44:57"
"C:\Users\TUF Gaming\Desktop\我的專案\財富密碼\LOCAL-AI-STUDIO\_trainlib\diffusers\pipelines\hunyuan_image\__pycache__\__init__.cpython-313.pyc","1690","2026/8/12 下午 05:44:57"
"C:\Users\TUF Gaming\Desktop\我的專案\財富密碼\LOCAL-AI-STUDIO\_trainlib\diffusers\pipelines\hunyuan_video\pipeline_hunyuan_skyreels_image2video.py","40491","2026/8/12 下午 05:44:55"
"C:\Users\TUF Gaming\Desktop\我的專案\財富密碼\LOCAL-AI-STUDIO\_trainlib\diffusers\pipelines\hunyuan_video\pipeline_hunyuan_video.py","37145","2026/8/12 下午 05:44:55"
"C:\Users\TUF Gaming\Desktop\我的專案\財富密碼\LOCAL-AI-STUDIO\_trainlib\diffusers\pipelines\hunyuan_video\pipeline_hunyuan_video_framepack.py","55633","2026/8/12 下午 05:44:55"
"C:\Users\TUF Gaming\Desktop\我的專案\財富密碼\LOCAL-AI-STUDIO\_trainlib\diffusers\pipelines\hunyuan_video\pipeline_hunyuan_video_image2video.py","48455","2026/8/12 下午 05:44:55"
"C:\Users\TUF Gaming\Desktop\我的專案\財富密碼\LOCAL-AI-STUDIO\_trainlib\diffusers\pipelines\hunyuan_video\pipeline_output.py","1382","2026/8/12 下午 05:44:55"
"C:\Users\TUF Gaming\Desktop\我的專案\財富密碼\LOCAL-AI-STUDIO\_trainlib\diffusers\pipelines\hunyuan_video\__init__.py","1878","2026/8/12 下午 05:44:55"
"C:\Users\TUF Gaming\Desktop\我的專案\財富密碼\LOCAL-AI-STUDIO\_trainlib\diffusers\pipelines\hunyuan_video\__pycache__\pipeline_hunyuan_skyreels_image2video.cpython-313.pyc","39645","2026/8/12 下午 05:44:57"
"C:\Users\TUF Gaming\Desktop\我的專案\財富密碼\LOCAL-AI-STUDIO\_trainlib\diffusers\pipelines\hunyuan_video\__pycache__\pipeline_hunyuan_video.cpython-313.pyc","36093","2026/8/12 下午 05:44:57"
"C:\Users\TUF Gaming\Desktop\我的專案\財富密碼\LOCAL-AI-STUDIO\_trainlib\diffusers\pipelines\hunyuan_video\__pycache__\pipeline_hunyuan_video_framepack.cpython-313.pyc","52489","2026/8/12 下午 05:44:57"
"C:\Users\TUF Gaming\Desktop\我的專案\財富密碼\LOCAL-AI-STUDIO\_trainlib\diffusers\pipelines\hunyuan_video\__pycache__\pipeline_hunyuan_video_image2video.cpython-313.pyc","47256","2026/8/12 下午 05:44:57"
"C:\Users\TUF Gaming\Desktop\我的專案\財富密碼\LOCAL-AI-STUDIO\_trainlib\diffusers\pipelines\hunyuan_video\__pycache__\pipeline_output.cpython-313.pyc","2209","2026/8/12 下午 05:44:57"
"C:\Users\TUF Gaming\Desktop\我的專案\財富密碼\LOCAL-AI-STUDIO\_trainlib\diffusers\pipelines\hunyuan_video\__pycache__\__init__.cpython-313.pyc","1962","2026/8/12 下午 05:44:57"
"C:\Users\TUF Gaming\Desktop\我的專案\財富密碼\LOCAL-AI-STUDIO\_trainlib\diffusers\pipelines\hunyuan_video1_5\image_processor.py","4085","2026/8/12 下午 05:44:55"
"C:\Users\TUF Gaming\Desktop\我的專案\財富密碼\LOCAL-AI-STUDIO\_trainlib\diffusers\pipelines\hunyuan_video1_5\pipeline_hunyuan_video1_5.py","39205","2026/8/12 下午 05:44:55"
"C:\Users\TUF Gaming\Desktop\我的專案\財富密碼\LOCAL-AI-STUDIO\_trainlib\diffusers\pipelines\hunyuan_video1_5\pipeline_hunyuan_video1_5_image2video.py","44638","2026/8/12 下午 05:44:55"
"C:\Users\TUF Gaming\Desktop\我的專案\財富密碼\LOCAL-AI-STUDIO\_trainlib\diffusers\pipelines\hunyuan_video1_5\pipeline_output.py","628","2026/8/12 下午 05:44:55"
"C:\Users\TUF Gaming\Desktop\我的專案\財富密碼\LOCAL-AI-STUDIO\_trainlib\diffusers\pipelines\hunyuan_video1_5\__init__.py","1520","2026/8/12 下午 05:44:55"
"C:\Users\TUF Gaming\Desktop\我的專案\財富密碼\LOCAL-AI-STUDIO\_trainlib\diffusers\pipelines\hunyuan_video1_5\__pycache__\image_processor.cpython-313.pyc","4615","2026/8/12 下午 05:44:57"
"C:\Users\TUF Gaming\Desktop\我的專案\財富密碼\LOCAL-AI-STUDIO\_trainlib\diffusers\pipelines\hunyuan_video1_5\__pycache__\pipeline_hunyuan_video1_5.cpython-313.pyc","35033","2026/8/12 下午 05:44:57"
"C:\Users\TUF Gaming\Desktop\我的專案\財富密碼\LOCAL-AI-STUDIO\_trainlib\diffusers\pipelines\hunyuan_video1_5\__pycache__\pipeline_hunyuan_video1_5_image2video.cpython-313.pyc","40753","2026/8/12 下午 05:44:57"
"C:\Users\TUF Gaming\Desktop\我的專案\財富密碼\LOCAL-AI-STUDIO\_trainlib\diffusers\pipelines\hunyuan_video1_5\__pycache__\pipeline_output.cpython-313.pyc","1134","2026/8/12 下午 05:44:57"
"C:\Users\TUF Gaming\Desktop\我的專案\財富密碼\LOCAL-AI-STUDIO\_trainlib\diffusers\pipelines\hunyuan_video1_5\__pycache__\__init__.cpython-313.pyc","1714","2026/8/12 下午 05:44:57"
"C:\Users\TUF Gaming\Desktop\我的專案\財富密碼\LOCAL-AI-STUDIO\_trainlib\diffusers\pipelines\ideogram4\pipeline_ideogram4.py","35514","2026/8/12 下午 05:44:55"
"C:\Users\TUF Gaming\Desktop\我的專案\財富密碼\LOCAL-AI-STUDIO\_trainlib\diffusers\pipelines\ideogram4\pipeline_output.py","1107","2026/8/12 下午 05:44:55"
"C:\Users\TUF Gaming\Desktop\我的專案\財富密碼\LOCAL-AI-STUDIO\_trainlib\diffusers\pipelines\ideogram4\prompt_enhancer.py","15007","2026/8/12 下午 05:44:55"
"C:\Users\TUF Gaming\Desktop\我的專案\財富密碼\LOCAL-AI-STUDIO\_trainlib\diffusers\pipelines\ideogram4\__init__.py","1568","2026/8/12 下午 05:44:55"
"C:\Users\TUF Gaming\Desktop\我的專案\財富密碼\LOCAL-AI-STUDIO\_trainlib\diffusers\pipelines\ideogram4\__pycache__\pipeline_ideogram4.cpython-313.pyc","34055","2026/8/12 下午 05:44:57"
"C:\Users\TUF Gaming\Desktop\我的專案\財富密碼\LOCAL-AI-STUDIO\_trainlib\diffusers\pipelines\ideogram4\__pycache__\pipeline_output.cpython-313.pyc","1064","2026/8/12 下午 05:44:57"
"C:\Users\TUF Gaming\Desktop\我的專案\財富密碼\LOCAL-AI-STUDIO\_trainlib\diffusers\pipelines\ideogram4\__pycache__\prompt_enhancer.cpython-313.pyc","17046","2026/8/12 下午 05:44:57"
"C:\Users\TUF Gaming\Desktop\我的專案\財富密碼\LOCAL-AI-STUDIO\_trainlib\diffusers\pipelines\ideogram4\__pycache__\__init__.cpython-313.pyc","1764","2026/8/12 下午 05:44:57"
"C:\Users\TUF Gaming\Desktop\我的專案\財富密碼\LOCAL-AI-STUDIO\_trainlib\diffusers\pipelines\joyimage\image_processor.py","4950","2026/8/12 下午 05:44:55"
"C:\Users\TUF Gaming\Desktop\我的專案\財富密碼\LOCAL-AI-STUDIO\_trainlib\diffusers\pipelines\joyimage\pipeline_joyimage_edit.py","39028","2026/8/12 下午 05:44:55"
"C:\Users\TUF Gaming\Desktop\我的專案\財富密碼\LOCAL-AI-STUDIO\_trainlib\diffusers\pipelines\joyimage\pipeline_output.py","320","2026/8/12 下午 05:44:55"
"C:\Users\TUF Gaming\Desktop\我的專案\財富密碼\LOCAL-AI-STUDIO\_trainlib\diffusers\pipelines\joyimage\__init__.py","1450","2026/8/12 下午 05:44:55"
"C:\Users\TUF Gaming\Desktop\我的專案\財富密碼\LOCAL-AI-STUDIO\_trainlib\diffusers\pipelines\joyimage\__pycache__\image_processor.cpython-313.pyc","5588","2026/8/12 下午 05:44:57"
"C:\Users\TUF Gaming\Desktop\我的專案\財富密碼\LOCAL-AI-STUDIO\_trainlib\diffusers\pipelines\joyimage\__pycache__\pipeline_joyimage_edit.cpython-313.pyc","39369","2026/8/12 下午 05:44:57"
"C:\Users\TUF Gaming\Desktop\我的專案\財富密碼\LOCAL-AI-STUDIO\_trainlib\diffusers\pipelines\joyimage\__pycache__\pipeline_output.cpython-313.pyc","941","2026/8/12 下午 05:44:57"
"C:\Users\TUF Gaming\Desktop\我的專案\財富密碼\LOCAL-AI-STUDIO\_trainlib\diffusers\pipelines\joyimage\__pycache__\__init__.cpython-313.pyc","1669","2026/8/12 下午 05:44:57"
"C:\Users\TUF Gaming\Desktop\我的專案\財富密碼\LOCAL-AI-STUDIO\_trainlib\diffusers\pipelines\kandinsky\pipeline_kandinsky.py","17828","2026/8/12 下午 05:44:55"
"C:\Users\TUF Gaming\Desktop\我的專案\財富密碼\LOCAL-AI-STUDIO\_trainlib\diffusers\pipelines\kandinsky\pipeline_kandinsky_combined.py","39407","2026/8/12 下午 05:44:55"
"C:\Users\TUF Gaming\Desktop\我的專案\財富密碼\LOCAL-AI-STUDIO\_trainlib\diffusers\pipelines\kandinsky\pipeline_kandinsky_img2img.py","21846","2026/8/12 下午 05:44:55"
"C:\Users\TUF Gaming\Desktop\我的專案\財富密碼\LOCAL-AI-STUDIO\_trainlib\diffusers\pipelines\kandinsky\pipeline_kandinsky_inpaint.py","28662","2026/8/12 下午 05:44:55"
"C:\Users\TUF Gaming\Desktop\我的專案\財富密碼\LOCAL-AI-STUDIO\_trainlib\diffusers\pipelines\kandinsky\pipeline_kandinsky_prior.py","23947","2026/8/12 下午 05:44:55"
"C:\Users\TUF Gaming\Desktop\我的專案\財富密碼\LOCAL-AI-STUDIO\_trainlib\diffusers\pipelines\kandinsky\text_encoder.py","1090","2026/8/12 下午 05:44:55"
"C:\Users\TUF Gaming\Desktop\我的專案\財富密碼\LOCAL-AI-STUDIO\_trainlib\diffusers\pipelines\kandinsky\__init__.py","2312","2026/8/12 下午 05:44:55"
"C:\Users\TUF Gaming\Desktop\我的專案\財富密碼\LOCAL-AI-STUDIO\_trainlib\diffusers\pipelines\kandinsky\__pycache__\pipeline_kandinsky.cpython-313.pyc","17185","2026/8/12 下午 05:44:57"
"C:\Users\TUF Gaming\Desktop\我的專案\財富密碼\LOCAL-AI-STUDIO\_trainlib\diffusers\pipelines\kandinsky\__pycache__\pipeline_kandinsky_combined.cpython-313.pyc","36674","2026/8/12 下午 05:44:57"
"C:\Users\TUF Gaming\Desktop\我的專案\財富密碼\LOCAL-AI-STUDIO\_trainlib\diffusers\pipelines\kandinsky\__pycache__\pipeline_kandinsky_img2img.cpython-313.pyc","22023","2026/8/12 下午 05:44:57"
"C:\Users\TUF Gaming\Desktop\我的專案\財富密碼\LOCAL-AI-STUDIO\_trainlib\diffusers\pipelines\kandinsky\__pycache__\pipeline_kandinsky_inpaint.cpython-313.pyc","29961","2026/8/12 下午 05:44:57"
"C:\Users\TUF Gaming\Desktop\我的專案\財富密碼\LOCAL-AI-STUDIO\_trainlib\diffusers\pipelines\kandinsky\__pycache__\pipeline_kandinsky_prior.cpython-313.pyc","23015","2026/8/12 下午 05:44:57"
"C:\Users\TUF Gaming\Desktop\我的專案\財富密碼\LOCAL-AI-STUDIO\_trainlib\diffusers\pipelines\kandinsky\__pycache__\text_encoder.cpython-313.pyc","2379","2026/8/12 下午 05:44:57"
"C:\Users\TUF Gaming\Desktop\我的專案\財富密碼\LOCAL-AI-STUDIO\_trainlib\diffusers\pipelines\kandinsky\__pycache__\__init__.cpython-313.pyc","2245","2026/8/12 下午 05:44:57"
"C:\Users\TUF Gaming\Desktop\我的專案\財富密碼\LOCAL-AI-STUDIO\_trainlib\diffusers\pipelines\kandinsky2_2\pipeline_kandinsky2_2.py","14318","2026/8/12 下午 05:44:55"
"C:\Users\TUF Gaming\Desktop\我的專案\財富密碼\LOCAL-AI-STUDIO\_trainlib\diffusers\pipelines\kandinsky2_2\pipeline_kandinsky2_2_combined.py","46100","2026/8/12 下午 05:44:55"
"C:\Users\TUF Gaming\Desktop\我的專案\財富密碼\LOCAL-AI-STUDIO\_trainlib\diffusers\pipelines\kandinsky2_2\pipeline_kandinsky2_2_controlnet.py","13949","2026/8/12 下午 05:44:55"
"C:\Users\TUF Gaming\Desktop\我的專案\財富密碼\LOCAL-AI-STUDIO\_trainlib\diffusers\pipelines\kandinsky2_2\pipeline_kandinsky2_2_controlnet_img2img.py","16795","2026/8/12 下午 05:44:55"
"C:\Users\TUF Gaming\Desktop\我的專案\財富密碼\LOCAL-AI-STUDIO\_trainlib\diffusers\pipelines\kandinsky2_2\pipeline_kandinsky2_2_img2img.py","17101","2026/8/12 下午 05:44:55"
"C:\Users\TUF Gaming\Desktop\我的專案\財富密碼\LOCAL-AI-STUDIO\_trainlib\diffusers\pipelines\kandinsky2_2\pipeline_kandinsky2_2_inpainting.py","24949","2026/8/12 下午 05:44:55"
"C:\Users\TUF Gaming\Desktop\我的專案\財富密碼\LOCAL-AI-STUDIO\_trainlib\diffusers\pipelines\kandinsky2_2\pipeline_kandinsky2_2_prior.py","25549","2026/8/12 下午 05:44:55"
"C:\Users\TUF Gaming\Desktop\我的專案\財富密碼\LOCAL-AI-STUDIO\_trainlib\diffusers\pipelines\kandinsky2_2\pipeline_kandinsky2_2_prior_emb2emb.py","25376","2026/8/12 下午 05:44:55"
"C:\Users\TUF Gaming\Desktop\我的專案\財富密碼\LOCAL-AI-STUDIO\_trainlib\diffusers\pipelines\kandinsky2_2\__init__.py","2796","2026/8/12 下午 05:44:55"
"C:\Users\TUF Gaming\Desktop\我的專案\財富密碼\LOCAL-AI-STUDIO\_trainlib\diffusers\pipelines\kandinsky2_2\__pycache__\pipeline_kandinsky2_2.cpython-313.pyc","15109","2026/8/12 下午 05:44:57"
"C:\Users\TUF Gaming\Desktop\我的專案\財富密碼\LOCAL-AI-STUDIO\_trainlib\diffusers\pipelines\kandinsky2_2\__pycache__\pipeline_kandinsky2_2_combined.cpython-313.pyc","42239","2026/8/12 下午 05:44:57"
"C:\Users\TUF Gaming\Desktop\我的專案\財富密碼\LOCAL-AI-STUDIO\_trainlib\diffusers\pipelines\kandinsky2_2\__pycache__\pipeline_kandinsky2_2_controlnet.cpython-313.pyc","14423","2026/8/12 下午 05:44:57"
"C:\Users\TUF Gaming\Desktop\我的專案\財富密碼\LOCAL-AI-STUDIO\_trainlib\diffusers\pipelines\kandinsky2_2\__pycache__\pipeline_kandinsky2_2_controlnet_img2img.cpython-313.pyc","18163","2026/8/12 下午 05:44:57"
"C:\Users\TUF Gaming\Desktop\我的專案\財富密碼\LOCAL-AI-STUDIO\_trainlib\diffusers\pipelines\kandinsky2_2\__pycache__\pipeline_kandinsky2_2_img2img.cpython-313.pyc","18798","2026/8/12 下午 05:44:57"
"C:\Users\TUF Gaming\Desktop\我的專案\財富密碼\LOCAL-AI-STUDIO\_trainlib\diffusers\pipelines\kandinsky2_2\__pycache__\pipeline_kandinsky2_2_inpainting.cpython-313.pyc","27570","2026/8/12 下午 05:44:57"
"C:\Users\TUF Gaming\Desktop\我的專案\財富密碼\LOCAL-AI-STUDIO\_trainlib\diffusers\pipelines\kandinsky2_2\__pycache__\pipeline_kandinsky2_2_prior.cpython-313.pyc","25265","2026/8/12 下午 05:44:57"
"C:\Users\TUF Gaming\Desktop\我的專案\財富密碼\LOCAL-AI-STUDIO\_trainlib\diffusers\pipelines\kandinsky2_2\__pycache__\pipeline_kandinsky2_2_prior_emb2emb.cpython-313.pyc","25349","2026/8/12 下午 05:44:57"
"C:\Users\TUF Gaming\Desktop\我的專案\財富密碼\LOCAL-AI-STUDIO\_trainlib\diffusers\pipelines\kandinsky2_2\__pycache__\__init__.cpython-313.pyc","2546","2026/8/12 下午 05:44:57"
"C:\Users\TUF Gaming\Desktop\我的專案\財富密碼\LOCAL-AI-STUDIO\_trainlib\diffusers\pipelines\kandinsky3\convert_kandinsky3_unet.py","3273","2026/8/12 下午 05:44:55"
"C:\Users\TUF Gaming\Desktop\我的專案\財富密碼\LOCAL-AI-STUDIO\_trainlib\diffusers\pipelines\kandinsky3\pipeline_kandinsky3.py","27240","2026/8/12 下午 05:44:55"
"C:\Users\TUF Gaming\Desktop\我的專案\財富密碼\LOCAL-AI-STUDIO\_trainlib\diffusers\pipelines\kandinsky3\pipeline_kandinsky3_img2img.py","30409","2026/8/12 下午 05:44:55"
"C:\Users\TUF Gaming\Desktop\我的專案\財富密碼\LOCAL-AI-STUDIO\_trainlib\diffusers\pipelines\kandinsky3\__init__.py","1461","2026/8/12 下午 05:44:55"
"C:\Users\TUF Gaming\Desktop\我的專案\財富密碼\LOCAL-AI-STUDIO\_trainlib\diffusers\pipelines\kandinsky3\__pycache__\convert_kandinsky3_unet.cpython-313.pyc","3768","2026/8/12 下午 05:44:57"
"C:\Users\TUF Gaming\Desktop\我的專案\財富密碼\LOCAL-AI-STUDIO\_trainlib\diffusers\pipelines\kandinsky3\__pycache__\pipeline_kandinsky3.cpython-313.pyc","25211","2026/8/12 下午 05:44:57"
"C:\Users\TUF Gaming\Desktop\我的專案\財富密碼\LOCAL-AI-STUDIO\_trainlib\diffusers\pipelines\kandinsky3\__pycache__\pipeline_kandinsky3_img2img.cpython-313.pyc","29524","2026/8/12 下午 05:44:57"
"C:\Users\TUF Gaming\Desktop\我的專案\財富密碼\LOCAL-AI-STUDIO\_trainlib\diffusers\pipelines\kandinsky3\__pycache__\__init__.cpython-313.pyc","1678","2026/8/12 下午 05:44:57"
"C:\Users\TUF Gaming\Desktop\我的專案\財富密碼\LOCAL-AI-STUDIO\_trainlib\diffusers\pipelines\kandinsky5\pipeline_kandinsky.py","41521","2026/8/12 下午 05:44:55"
"C:\Users\TUF Gaming\Desktop\我的專案\財富密碼\LOCAL-AI-STUDIO\_trainlib\diffusers\pipelines\kandinsky5\pipeline_kandinsky_i2i.py","36665","2026/8/12 下午 05:44:55"
"C:\Users\TUF Gaming\Desktop\我的專案\財富密碼\LOCAL-AI-STUDIO\_trainlib\diffusers\pipelines\kandinsky5\pipeline_kandinsky_i2v.py","44453","2026/8/12 下午 05:44:55"
"C:\Users\TUF Gaming\Desktop\我的專案\財富密碼\LOCAL-AI-STUDIO\_trainlib\diffusers\pipelines\kandinsky5\pipeline_kandinsky_t2i.py","34063","2026/8/12 下午 05:44:55"
"C:\Users\TUF Gaming\Desktop\我的專案\財富密碼\LOCAL-AI-STUDIO\_trainlib\diffusers\pipelines\kandinsky5\pipeline_output.py","1110","2026/8/12 下午 05:44:55"
"C:\Users\TUF Gaming\Desktop\我的專案\財富密碼\LOCAL-AI-STUDIO\_trainlib\diffusers\pipelines\kandinsky5\__init__.py","1732","2026/8/12 下午 05:44:55"
"C:\Users\TUF Gaming\Desktop\我的專案\財富密碼\LOCAL-AI-STUDIO\_trainlib\diffusers\pipelines\kandinsky5\__pycache__\pipeline_kandinsky.cpython-313.pyc","39849","2026/8/12 下午 05:44:57"
"C:\Users\TUF Gaming\Desktop\我的專案\財富密碼\LOCAL-AI-STUDIO\_trainlib\diffusers\pipelines\kandinsky5\__pycache__\pipeline_kandinsky_i2i.cpython-313.pyc","34058","2026/8/12 下午 05:44:57"
"C:\Users\TUF Gaming\Desktop\我的專案\財富密碼\LOCAL-AI-STUDIO\_trainlib\diffusers\pipelines\kandinsky5\__pycache__\pipeline_kandinsky_i2v.cpython-313.pyc","42898","2026/8/12 下午 05:44:57"
"C:\Users\TUF Gaming\Desktop\我的專案\財富密碼\LOCAL-AI-STUDIO\_trainlib\diffusers\pipelines\kandinsky5\__pycache__\pipeline_kandinsky_t2i.cpython-313.pyc","31246","2026/8/12 下午 05:44:57"
"C:\Users\TUF Gaming\Desktop\我的專案\財富密碼\LOCAL-AI-STUDIO\_trainlib\diffusers\pipelines\kandinsky5\__pycache__\pipeline_output.cpython-313.pyc","1753","2026/8/12 下午 05:44:57"
"C:\Users\TUF Gaming\Desktop\我的專案\財富密碼\LOCAL-AI-STUDIO\_trainlib\diffusers\pipelines\kandinsky5\__pycache__\__init__.cpython-313.pyc","1884","2026/8/12 下午 05:44:57"
"C:\Users\TUF Gaming\Desktop\我的專案\財富密碼\LOCAL-AI-STUDIO\_trainlib\diffusers\pipelines\kolors\pipeline_kolors.py","55509","2026/8/12 下午 05:44:55"
"C:\Users\TUF Gaming\Desktop\我的專案\財富密碼\LOCAL-AI-STUDIO\_trainlib\diffusers\pipelines\kolors\pipeline_kolors_img2img.py","65381","2026/8/12 下午 05:44:55"
"C:\Users\TUF Gaming\Desktop\我的專案\財富密碼\LOCAL-AI-STUDIO\_trainlib\diffusers\pipelines\kolors\pipeline_output.py","553","2026/8/12 下午 05:44:55"
"C:\Users\TUF Gaming\Desktop\我的專案\財富密碼\LOCAL-AI-STUDIO\_trainlib\diffusers\pipelines\kolors\text_encoder.py","35075","2026/8/12 下午 05:44:55"
"C:\Users\TUF Gaming\Desktop\我的專案\財富密碼\LOCAL-AI-STUDIO\_trainlib\diffusers\pipelines\kolors\tokenizer.py","13360","2026/8/12 下午 05:44:55"
"C:\Users\TUF Gaming\Desktop\我的專案\財富密碼\LOCAL-AI-STUDIO\_trainlib\diffusers\pipelines\kolors\__init__.py","1791","2026/8/12 下午 05:44:55"
"C:\Users\TUF Gaming\Desktop\我的專案\財富密碼\LOCAL-AI-STUDIO\_trainlib\diffusers\pipelines\kolors\__pycache__\pipeline_kolors.cpython-313.pyc","50590","2026/8/12 下午 05:44:57"
"C:\Users\TUF Gaming\Desktop\我的專案\財富密碼\LOCAL-AI-STUDIO\_trainlib\diffusers\pipelines\kolors\__pycache__\pipeline_kolors_img2img.cpython-313.pyc","60739","2026/8/12 下午 05:44:57"
"C:\Users\TUF Gaming\Desktop\我的專案\財富密碼\LOCAL-AI-STUDIO\_trainlib\diffusers\pipelines\kolors\__pycache__\pipeline_output.cpython-313.pyc","1131","2026/8/12 下午 05:44:57"
"C:\Users\TUF Gaming\Desktop\我的專案\財富密碼\LOCAL-AI-STUDIO\_trainlib\diffusers\pipelines\kolors\__pycache__\text_encoder.cpython-313.pyc","39075","2026/8/12 下午 05:44:57"
"C:\Users\TUF Gaming\Desktop\我的專案\財富密碼\LOCAL-AI-STUDIO\_trainlib\diffusers\pipelines\kolors\__pycache__\tokenizer.cpython-313.pyc","17661","2026/8/12 下午 05:44:57"
"C:\Users\TUF Gaming\Desktop\我的專案\財富密碼\LOCAL-AI-STUDIO\_trainlib\diffusers\pipelines\kolors\__pycache__\__init__.cpython-313.pyc","1957","2026/8/12 下午 05:44:57"
"C:\Users\TUF Gaming\Desktop\我的專案\財富密碼\LOCAL-AI-STUDIO\_trainlib\diffusers\pipelines\krea2\pipeline_krea2.py","35340","2026/8/12 下午 05:44:55"
"C:\Users\TUF Gaming\Desktop\我的專案\財富密碼\LOCAL-AI-STUDIO\_trainlib\diffusers\pipelines\krea2\pipeline_output.py","1094","2026/8/12 下午 05:44:55"
"C:\Users\TUF Gaming\Desktop\我的專案\財富密碼\LOCAL-AI-STUDIO\_trainlib\diffusers\pipelines\krea2\__init__.py","1404","2026/8/12 下午 05:44:55"
"C:\Users\TUF Gaming\Desktop\我的專案\財富密碼\LOCAL-AI-STUDIO\_trainlib\diffusers\pipelines\krea2\__pycache__\pipeline_krea2.cpython-313.pyc","34116","2026/8/12 下午 05:44:57"
"C:\Users\TUF Gaming\Desktop\我的專案\財富密碼\LOCAL-AI-STUDIO\_trainlib\diffusers\pipelines\krea2\__pycache__\pipeline_output.cpython-313.pyc","1051","2026/8/12 下午 05:44:57"
"C:\Users\TUF Gaming\Desktop\我的專案\財富密碼\LOCAL-AI-STUDIO\_trainlib\diffusers\pipelines\krea2\__pycache__\__init__.cpython-313.pyc","1641","2026/8/12 下午 05:44:57"
"C:\Users\TUF Gaming\Desktop\我的專案\財富密碼\LOCAL-AI-STUDIO\_trainlib\diffusers\pipelines\latent_consistency_models\pipeline_latent_consistency_img2img.py","50147","2026/8/12 下午 05:44:55"
"C:\Users\TUF Gaming\Desktop\我的專案\財富密碼\LOCAL-AI-STUDIO\_trainlib\diffusers\pipelines\latent_consistency_models\pipeline_latent_consistency_text2img.py","46115","2026/8/12 下午 05:44:55"
"C:\Users\TUF Gaming\Desktop\我的專案\財富密碼\LOCAL-AI-STUDIO\_trainlib\diffusers\pipelines\latent_consistency_models\__init__.py","1560","2026/8/12 下午 05:44:55"
"C:\Users\TUF Gaming\Desktop\我的專案\財富密碼\LOCAL-AI-STUDIO\_trainlib\diffusers\pipelines\latent_consistency_models\__pycache__\pipeline_latent_consistency_img2img.cpython-313.pyc","46730","2026/8/12 下午 05:44:58"
"C:\Users\TUF Gaming\Desktop\我的專案\財富密碼\LOCAL-AI-STUDIO\_trainlib\diffusers\pipelines\latent_consistency_models\__pycache__\pipeline_latent_consistency_text2img.cpython-313.pyc","42399","2026/8/12 下午 05:44:58"
"C:\Users\TUF Gaming\Desktop\我的專案\財富密碼\LOCAL-AI-STUDIO\_trainlib\diffusers\pipelines\latent_consistency_models\__pycache__\__init__.cpython-313.pyc","1744","2026/8/12 下午 05:44:57"
"C:\Users\TUF Gaming\Desktop\我的專案\財富密碼\LOCAL-AI-STUDIO\_trainlib\diffusers\pipelines\latent_diffusion\pipeline_latent_diffusion.py","32715","2026/8/12 下午 05:44:55"
"C:\Users\TUF Gaming\Desktop\我的專案\財富密碼\LOCAL-AI-STUDIO\_trainlib\diffusers\pipelines\latent_diffusion\pipeline_latent_diffusion_superresolution.py","8138","2026/8/12 下午 05:44:55"
"C:\Users\TUF Gaming\Desktop\我的專案\財富密碼\LOCAL-AI-STUDIO\_trainlib\diffusers\pipelines\latent_diffusion\__init__.py","1542","2026/8/12 下午 05:44:55"
"C:\Users\TUF Gaming\Desktop\我的專案\財富密碼\LOCAL-AI-STUDIO\_trainlib\diffusers\pipelines\latent_diffusion\__pycache__\pipeline_latent_diffusion.cpython-313.pyc","35301","2026/8/12 下午 05:44:58"
"C:\Users\TUF Gaming\Desktop\我的專案\財富密碼\LOCAL-AI-STUDIO\_trainlib\diffusers\pipelines\latent_diffusion\__pycache__\pipeline_latent_diffusion_superresolution.cpython-313.pyc","9662","2026/8/12 下午 05:44:58"
"C:\Users\TUF Gaming\Desktop\我的專案\財富密碼\LOCAL-AI-STUDIO\_trainlib\diffusers\pipelines\latent_diffusion\__pycache__\__init__.cpython-313.pyc","1745","2026/8/12 下午 05:44:58"
"C:\Users\TUF Gaming\Desktop\我的專案\財富密碼\LOCAL-AI-STUDIO\_trainlib\diffusers\pipelines\latte\pipeline_latte.py","42698","2026/8/12 下午 05:44:55"
"C:\Users\TUF Gaming\Desktop\我的專案\財富密碼\LOCAL-AI-STUDIO\_trainlib\diffusers\pipelines\latte\__init__.py","1282","2026/8/12 下午 05:44:55"
"C:\Users\TUF Gaming\Desktop\我的專案\財富密碼\LOCAL-AI-STUDIO\_trainlib\diffusers\pipelines\latte\__pycache__\pipeline_latte.cpython-313.pyc","40433","2026/8/12 下午 05:44:58"
"C:\Users\TUF Gaming\Desktop\我的專案\財富密碼\LOCAL-AI-STUDIO\_trainlib\diffusers\pipelines\latte\__pycache__\__init__.cpython-313.pyc","1545","2026/8/12 下午 05:44:58"
"C:\Users\TUF Gaming\Desktop\我的專案\財富密碼\LOCAL-AI-STUDIO\_trainlib\diffusers\pipelines\ledits_pp\pipeline_leditspp_stable_diffusion.py","78547","2026/8/12 下午 05:44:55"
"C:\Users\TUF Gaming\Desktop\我的專案\財富密碼\LOCAL-AI-STUDIO\_trainlib\diffusers\pipelines\ledits_pp\pipeline_leditspp_stable_diffusion_xl.py","89640","2026/8/12 下午 05:44:55"
"C:\Users\TUF Gaming\Desktop\我的專案\財富密碼\LOCAL-AI-STUDIO\_trainlib\diffusers\pipelines\ledits_pp\pipeline_output.py","1517","2026/8/12 下午 05:44:55"
"C:\Users\TUF Gaming\Desktop\我的專案\財富密碼\LOCAL-AI-STUDIO\_trainlib\diffusers\pipelines\ledits_pp\__init__.py","1783","2026/8/12 下午 05:44:55"
"C:\Users\TUF Gaming\Desktop\我的專案\財富密碼\LOCAL-AI-STUDIO\_trainlib\diffusers\pipelines\ledits_pp\__pycache__\pipeline_leditspp_stable_diffusion.cpython-313.pyc","76295","2026/8/12 下午 05:44:58"
"C:\Users\TUF Gaming\Desktop\我的專案\財富密碼\LOCAL-AI-STUDIO\_trainlib\diffusers\pipelines\ledits_pp\__pycache__\pipeline_leditspp_stable_diffusion_xl.cpython-313.pyc","85717","2026/8/12 下午 05:44:58"
"C:\Users\TUF Gaming\Desktop\我的專案\財富密碼\LOCAL-AI-STUDIO\_trainlib\diffusers\pipelines\ledits_pp\__pycache__\pipeline_output.cpython-313.pyc","2419","2026/8/12 下午 05:44:58"
"C:\Users\TUF Gaming\Desktop\我的專案\財富密碼\LOCAL-AI-STUDIO\_trainlib\diffusers\pipelines\ledits_pp\__pycache__\__init__.cpython-313.pyc","1871","2026/8/12 下午 05:44:58"
"C:\Users\TUF Gaming\Desktop\我的專案\財富密碼\LOCAL-AI-STUDIO\_trainlib\diffusers\pipelines\llada2\pipeline_llada2.py","26069","2026/8/12 下午 05:44:55"
"C:\Users\TUF Gaming\Desktop\我的專案\財富密碼\LOCAL-AI-STUDIO\_trainlib\diffusers\pipelines\llada2\__init__.py","1344","2026/8/12 下午 05:44:55"
"C:\Users\TUF Gaming\Desktop\我的專案\財富密碼\LOCAL-AI-STUDIO\_trainlib\diffusers\pipelines\llada2\__pycache__\pipeline_llada2.cpython-313.pyc","23264","2026/8/12 下午 05:44:58"
"C:\Users\TUF Gaming\Desktop\我的專案\財富密碼\LOCAL-AI-STUDIO\_trainlib\diffusers\pipelines\llada2\__pycache__\__init__.cpython-313.pyc","1593","2026/8/12 下午 05:44:58"
"C:\Users\TUF Gaming\Desktop\我的專案\財富密碼\LOCAL-AI-STUDIO\_trainlib\diffusers\pipelines\longcat_audio_dit\pipeline_longcat_audio_dit.py","15474","2026/8/12 下午 05:44:55"
"C:\Users\TUF Gaming\Desktop\我的專案\財富密碼\LOCAL-AI-STUDIO\_trainlib\diffusers\pipelines\longcat_audio_dit\__init__.py","1285","2026/8/12 下午 05:44:55"
"C:\Users\TUF Gaming\Desktop\我的專案\財富密碼\LOCAL-AI-STUDIO\_trainlib\diffusers\pipelines\longcat_audio_dit\__pycache__\pipeline_longcat_audio_dit.cpython-313.pyc","17982","2026/8/12 下午 05:44:58"
"C:\Users\TUF Gaming\Desktop\我的專案\財富密碼\LOCAL-AI-STUDIO\_trainlib\diffusers\pipelines\longcat_audio_dit\__pycache__\__init__.cpython-313.pyc","1575","2026/8/12 下午 05:44:58"
"C:\Users\TUF Gaming\Desktop\我的專案\財富密碼\LOCAL-AI-STUDIO\_trainlib\diffusers\pipelines\longcat_image\pipeline_longcat_image.py","31158","2026/8/12 下午 05:44:55"
"C:\Users\TUF Gaming\Desktop\我的專案\財富密碼\LOCAL-AI-STUDIO\_trainlib\diffusers\pipelines\longcat_image\pipeline_longcat_image_edit.py","33104","2026/8/12 下午 05:44:55"
"C:\Users\TUF Gaming\Desktop\我的專案\財富密碼\LOCAL-AI-STUDIO\_trainlib\diffusers\pipelines\longcat_image\pipeline_output.py","575","2026/8/12 下午 05:44:55"
"C:\Users\TUF Gaming\Desktop\我的專案\財富密碼\LOCAL-AI-STUDIO\_trainlib\diffusers\pipelines\longcat_image\system_messages.py","19389","2026/8/12 下午 05:44:55"
"C:\Users\TUF Gaming\Desktop\我的專案\財富密碼\LOCAL-AI-STUDIO\_trainlib\diffusers\pipelines\longcat_image\__init__.py","1608","2026/8/12 下午 05:44:55"
"C:\Users\TUF Gaming\Desktop\我的專案\財富密碼\LOCAL-AI-STUDIO\_trainlib\diffusers\pipelines\longcat_image\__pycache__\pipeline_longcat_image.cpython-313.pyc","33571","2026/8/12 下午 05:44:58"
"C:\Users\TUF Gaming\Desktop\我的專案\財富密碼\LOCAL-AI-STUDIO\_trainlib\diffusers\pipelines\longcat_image\__pycache__\pipeline_longcat_image_edit.cpython-313.pyc","35199","2026/8/12 下午 05:44:58"
"C:\Users\TUF Gaming\Desktop\我的專案\財富密碼\LOCAL-AI-STUDIO\_trainlib\diffusers\pipelines\longcat_image\__pycache__\pipeline_output.cpython-313.pyc","1157","2026/8/12 下午 05:44:58"
"C:\Users\TUF Gaming\Desktop\我的專案\財富密碼\LOCAL-AI-STUDIO\_trainlib\diffusers\pipelines\longcat_image\__pycache__\system_messages.cpython-313.pyc","19624","2026/8/12 下午 05:44:58"
"C:\Users\TUF Gaming\Desktop\我的專案\財富密碼\LOCAL-AI-STUDIO\_trainlib\diffusers\pipelines\longcat_image\__pycache__\__init__.cpython-313.pyc","1790","2026/8/12 下午 05:44:58"
"C:\Users\TUF Gaming\Desktop\我的專案\財富密碼\LOCAL-AI-STUDIO\_trainlib\diffusers\pipelines\ltx\modeling_latent_upsampler.py","7450","2026/8/12 下午 05:44:55"
"C:\Users\TUF Gaming\Desktop\我的專案\財富密碼\LOCAL-AI-STUDIO\_trainlib\diffusers\pipelines\ltx\pipeline_ltx.py","41322","2026/8/12 下午 05:44:55"
"C:\Users\TUF Gaming\Desktop\我的專案\財富密碼\LOCAL-AI-STUDIO\_trainlib\diffusers\pipelines\ltx\pipeline_ltx_condition.py","62939","2026/8/12 下午 05:44:55"
"C:\Users\TUF Gaming\Desktop\我的專案\財富密碼\LOCAL-AI-STUDIO\_trainlib\diffusers\pipelines\ltx\pipeline_ltx_i2v_long_multi_prompt.py","67886","2026/8/12 下午 05:44:55"
"C:\Users\TUF Gaming\Desktop\我的專案\財富密碼\LOCAL-AI-STUDIO\_trainlib\diffusers\pipelines\ltx\pipeline_ltx_image2video.py","46158","2026/8/12 下午 05:44:55"
"C:\Users\TUF Gaming\Desktop\我的專案\財富密碼\LOCAL-AI-STUDIO\_trainlib\diffusers\pipelines\ltx\pipeline_ltx_latent_upsample.py","16712","2026/8/12 下午 05:44:55"
"C:\Users\TUF Gaming\Desktop\我的專案\財富密碼\LOCAL-AI-STUDIO\_trainlib\diffusers\pipelines\ltx\pipeline_output.py","605","2026/8/12 下午 05:44:55"
"C:\Users\TUF Gaming\Desktop\我的專案\財富密碼\LOCAL-AI-STUDIO\_trainlib\diffusers\pipelines\ltx\__init__.py","2060","2026/8/12 下午 05:44:55"
"C:\Users\TUF Gaming\Desktop\我的專案\財富密碼\LOCAL-AI-STUDIO\_trainlib\diffusers\pipelines\ltx\__pycache__\modeling_latent_upsampler.cpython-313.pyc","9523","2026/8/12 下午 05:44:58"
"C:\Users\TUF Gaming\Desktop\我的專案\財富密碼\LOCAL-AI-STUDIO\_trainlib\diffusers\pipelines\ltx\__pycache__\pipeline_ltx.cpython-313.pyc","39714","2026/8/12 下午 05:44:58"
"C:\Users\TUF Gaming\Desktop\我的專案\財富密碼\LOCAL-AI-STUDIO\_trainlib\diffusers\pipelines\ltx\__pycache__\pipeline_ltx_condition.cpython-313.pyc","59322","2026/8/12 下午 05:44:58"
"C:\Users\TUF Gaming\Desktop\我的專案\財富密碼\LOCAL-AI-STUDIO\_trainlib\diffusers\pipelines\ltx\__pycache__\pipeline_ltx_i2v_long_multi_prompt.cpython-313.pyc","60643","2026/8/12 下午 05:44:58"
"C:\Users\TUF Gaming\Desktop\我的專案\財富密碼\LOCAL-AI-STUDIO\_trainlib\diffusers\pipelines\ltx\__pycache__\pipeline_ltx_image2video.cpython-313.pyc","44507","2026/8/12 下午 05:44:58"
"C:\Users\TUF Gaming\Desktop\我的專案\財富密碼\LOCAL-AI-STUDIO\_trainlib\diffusers\pipelines\ltx\__pycache__\pipeline_ltx_latent_upsample.cpython-313.pyc","18419","2026/8/12 下午 05:44:58"
"C:\Users\TUF Gaming\Desktop\我的專案\財富密碼\LOCAL-AI-STUDIO\_trainlib\diffusers\pipelines\ltx\__pycache__\pipeline_output.cpython-313.pyc","1098","2026/8/12 下午 05:44:58"
"C:\Users\TUF Gaming\Desktop\我的專案\財富密碼\LOCAL-AI-STUDIO\_trainlib\diffusers\pipelines\ltx\__pycache__\__init__.cpython-313.pyc","2110","2026/8/12 下午 05:44:58"
"C:\Users\TUF Gaming\Desktop\我的專案\財富密碼\LOCAL-AI-STUDIO\_trainlib\diffusers\pipelines\ltx2\connectors.py","22295","2026/8/12 下午 05:44:55"
"C:\Users\TUF Gaming\Desktop\我的專案\財富密碼\LOCAL-AI-STUDIO\_trainlib\diffusers\pipelines\ltx2\export_utils.py","5497","2026/8/12 下午 05:44:55"
"C:\Users\TUF Gaming\Desktop\我的專案\財富密碼\LOCAL-AI-STUDIO\_trainlib\diffusers\pipelines\ltx2\image_processor.py","7709","2026/8/12 下午 05:44:55"
"C:\Users\TUF Gaming\Desktop\我的專案\財富密碼\LOCAL-AI-STUDIO\_trainlib\diffusers\pipelines\ltx2\latent_upsampler.py","11867","2026/8/12 下午 05:44:55"
"C:\Users\TUF Gaming\Desktop\我的專案\財富密碼\LOCAL-AI-STUDIO\_trainlib\diffusers\pipelines\ltx2\pipeline_ltx2.py","76622","2026/8/12 下午 05:44:55"
"C:\Users\TUF Gaming\Desktop\我的專案\財富密碼\LOCAL-AI-STUDIO\_trainlib\diffusers\pipelines\ltx2\pipeline_ltx2_condition.py","96393","2026/8/12 下午 05:44:55"
"C:\Users\TUF Gaming\Desktop\我的專案\財富密碼\LOCAL-AI-STUDIO\_trainlib\diffusers\pipelines\ltx2\pipeline_ltx2_hdr_lora.py","81299","2026/8/12 下午 05:44:55"
"C:\Users\TUF Gaming\Desktop\我的專案\財富密碼\LOCAL-AI-STUDIO\_trainlib\diffusers\pipelines\ltx2\pipeline_ltx2_ic_lora.py","117807","2026/8/12 下午 05:44:55"
"C:\Users\TUF Gaming\Desktop\我的專案\財富密碼\LOCAL-AI-STUDIO\_trainlib\diffusers\pipelines\ltx2\pipeline_ltx2_image2video.py","80944","2026/8/12 下午 05:44:55"
"C:\Users\TUF Gaming\Desktop\我的專案\財富密碼\LOCAL-AI-STUDIO\_trainlib\diffusers\pipelines\ltx2\pipeline_ltx2_latent_upsample.py","19990","2026/8/12 下午 05:44:55"
"C:\Users\TUF Gaming\Desktop\我的專案\財富密碼\LOCAL-AI-STUDIO\_trainlib\diffusers\pipelines\ltx2\pipeline_output.py","693","2026/8/12 下午 05:44:55"
"C:\Users\TUF Gaming\Desktop\我的專案\財富密碼\LOCAL-AI-STUDIO\_trainlib\diffusers\pipelines\ltx2\utils.py","10957","2026/8/12 下午 05:44:55"
"C:\Users\TUF Gaming\Desktop\我的專案\財富密碼\LOCAL-AI-STUDIO\_trainlib\diffusers\pipelines\ltx2\vocoder.py","23701","2026/8/12 下午 05:44:55"
"C:\Users\TUF Gaming\Desktop\我的專案\財富密碼\LOCAL-AI-STUDIO\_trainlib\diffusers\pipelines\ltx2\__init__.py","2670","2026/8/12 下午 05:44:55"
"C:\Users\TUF Gaming\Desktop\我的專案\財富密碼\LOCAL-AI-STUDIO\_trainlib\diffusers\pipelines\ltx2\__pycache__\connectors.cpython-313.pyc","22600","2026/8/12 下午 05:44:58"
"C:\Users\TUF Gaming\Desktop\我的專案\財富密碼\LOCAL-AI-STUDIO\_trainlib\diffusers\pipelines\ltx2\__pycache__\export_utils.cpython-313.pyc","5797","2026/8/12 下午 05:44:58"
"C:\Users\TUF Gaming\Desktop\我的專案\財富密碼\LOCAL-AI-STUDIO\_trainlib\diffusers\pipelines\ltx2\__pycache__\image_processor.cpython-313.pyc","8342","2026/8/12 下午 05:44:58"
"C:\Users\TUF Gaming\Desktop\我的專案\財富密碼\LOCAL-AI-STUDIO\_trainlib\diffusers\pipelines\ltx2\__pycache__\latent_upsampler.cpython-313.pyc","15131","2026/8/12 下午 05:44:58"
"C:\Users\TUF Gaming\Desktop\我的專案\財富密碼\LOCAL-AI-STUDIO\_trainlib\diffusers\pipelines\ltx2\__pycache__\pipeline_ltx2.cpython-313.pyc","69007","2026/8/12 下午 05:44:58"
"C:\Users\TUF Gaming\Desktop\我的專案\財富密碼\LOCAL-AI-STUDIO\_trainlib\diffusers\pipelines\ltx2\__pycache__\pipeline_ltx2_condition.cpython-313.pyc","85801","2026/8/12 下午 05:44:58"
"C:\Users\TUF Gaming\Desktop\我的專案\財富密碼\LOCAL-AI-STUDIO\_trainlib\diffusers\pipelines\ltx2\__pycache__\pipeline_ltx2_hdr_lora.cpython-313.pyc","71383","2026/8/12 下午 05:44:58"
"C:\Users\TUF Gaming\Desktop\我的專案\財富密碼\LOCAL-AI-STUDIO\_trainlib\diffusers\pipelines\ltx2\__pycache__\pipeline_ltx2_ic_lora.cpython-313.pyc","102732","2026/8/12 下午 05:44:58"
"C:\Users\TUF Gaming\Desktop\我的專案\財富密碼\LOCAL-AI-STUDIO\_trainlib\diffusers\pipelines\ltx2\__pycache__\pipeline_ltx2_image2video.cpython-313.pyc","72577","2026/8/12 下午 05:44:58"
"C:\Users\TUF Gaming\Desktop\我的專案\財富密碼\LOCAL-AI-STUDIO\_trainlib\diffusers\pipelines\ltx2\__pycache__\pipeline_ltx2_latent_upsample.cpython-313.pyc","20222","2026/8/12 下午 05:44:58"
"C:\Users\TUF Gaming\Desktop\我的專案\財富密碼\LOCAL-AI-STUDIO\_trainlib\diffusers\pipelines\ltx2\__pycache__\pipeline_output.cpython-313.pyc","1202","2026/8/12 下午 05:44:58"
"C:\Users\TUF Gaming\Desktop\我的專案\財富密碼\LOCAL-AI-STUDIO\_trainlib\diffusers\pipelines\ltx2\__pycache__\utils.cpython-313.pyc","9640","2026/8/12 下午 05:44:58"
"C:\Users\TUF Gaming\Desktop\我的專案\財富密碼\LOCAL-AI-STUDIO\_trainlib\diffusers\pipelines\ltx2\__pycache__\vocoder.cpython-313.pyc","29911","2026/8/12 下午 05:44:58"
"C:\Users\TUF Gaming\Desktop\我的專案\財富密碼\LOCAL-AI-STUDIO\_trainlib\diffusers\pipelines\ltx2\__pycache__\__init__.cpython-313.pyc","2627","2026/8/12 下午 05:44:58"
"C:\Users\TUF Gaming\Desktop\我的專案\財富密碼\LOCAL-AI-STUDIO\_trainlib\diffusers\pipelines\lucy\pipeline_lucy_edit.py","33731","2026/8/12 下午 05:44:55"
"C:\Users\TUF Gaming\Desktop\我的專案\財富密碼\LOCAL-AI-STUDIO\_trainlib\diffusers\pipelines\lucy\pipeline_output.py","607","2026/8/12 下午 05:44:55"
"C:\Users\TUF Gaming\Desktop\我的專案\財富密碼\LOCAL-AI-STUDIO\_trainlib\diffusers\pipelines\lucy\__init__.py","1295","2026/8/12 下午 05:44:55"
"C:\Users\TUF Gaming\Desktop\我的專案\財富密碼\LOCAL-AI-STUDIO\_trainlib\diffusers\pipelines\lucy\__pycache__\pipeline_lucy_edit.cpython-313.pyc","34522","2026/8/12 下午 05:44:58"
"C:\Users\TUF Gaming\Desktop\我的專案\財富密碼\LOCAL-AI-STUDIO\_trainlib\diffusers\pipelines\lucy\__pycache__\pipeline_output.cpython-313.pyc","1101","2026/8/12 下午 05:44:58"
"C:\Users\TUF Gaming\Desktop\我的專案\財富密碼\LOCAL-AI-STUDIO\_trainlib\diffusers\pipelines\lucy\__pycache__\__init__.cpython-313.pyc","1553","2026/8/12 下午 05:44:58"
"C:\Users\TUF Gaming\Desktop\我的專案\財富密碼\LOCAL-AI-STUDIO\_trainlib\diffusers\pipelines\lumina\pipeline_lumina.py","44996","2026/8/12 下午 05:44:55"
"C:\Users\TUF Gaming\Desktop\我的專案\財富密碼\LOCAL-AI-STUDIO\_trainlib\diffusers\pipelines\lumina\__init__.py","1336","2026/8/12 下午 05:44:55"
"C:\Users\TUF Gaming\Desktop\我的專案\財富密碼\LOCAL-AI-STUDIO\_trainlib\diffusers\pipelines\lumina\__pycache__\pipeline_lumina.cpython-313.pyc","40913","2026/8/12 下午 05:44:58"
"C:\Users\TUF Gaming\Desktop\我的專案\財富密碼\LOCAL-AI-STUDIO\_trainlib\diffusers\pipelines\lumina\__pycache__\__init__.cpython-313.pyc","1597","2026/8/12 下午 05:44:58"
"C:\Users\TUF Gaming\Desktop\我的專案\財富密碼\LOCAL-AI-STUDIO\_trainlib\diffusers\pipelines\lumina2\pipeline_lumina2.py","39444","2026/8/12 下午 05:44:55"
"C:\Users\TUF Gaming\Desktop\我的專案\財富密碼\LOCAL-AI-STUDIO\_trainlib\diffusers\pipelines\lumina2\__init__.py","1342","2026/8/12 下午 05:44:55"
"C:\Users\TUF Gaming\Desktop\我的專案\財富密碼\LOCAL-AI-STUDIO\_trainlib\diffusers\pipelines\lumina2\__pycache__\pipeline_lumina2.cpython-313.pyc","36777","2026/8/12 下午 05:44:58"
"C:\Users\TUF Gaming\Desktop\我的專案\財富密碼\LOCAL-AI-STUDIO\_trainlib\diffusers\pipelines\lumina2\__pycache__\__init__.cpython-313.pyc","1601","2026/8/12 下午 05:44:58"
"C:\Users\TUF Gaming\Desktop\我的專案\財富密碼\LOCAL-AI-STUDIO\_trainlib\diffusers\pipelines\marigold\marigold_image_processing.py","31060","2026/8/12 下午 05:44:55"
"C:\Users\TUF Gaming\Desktop\我的專案\財富密碼\LOCAL-AI-STUDIO\_trainlib\diffusers\pipelines\marigold\pipeline_marigold_depth.py","41001","2026/8/12 下午 05:44:55"
"C:\Users\TUF Gaming\Desktop\我的專案\財富密碼\LOCAL-AI-STUDIO\_trainlib\diffusers\pipelines\marigold\pipeline_marigold_intrinsics.py","35679","2026/8/12 下午 05:44:55"
"C:\Users\TUF Gaming\Desktop\我的專案\財富密碼\LOCAL-AI-STUDIO\_trainlib\diffusers\pipelines\marigold\pipeline_marigold_normals.py","34597","2026/8/12 下午 05:44:55"
"C:\Users\TUF Gaming\Desktop\我的專案\財富密碼\LOCAL-AI-STUDIO\_trainlib\diffusers\pipelines\marigold\__init__.py","1926","2026/8/12 下午 05:44:55"
"C:\Users\TUF Gaming\Desktop\我的專案\財富密碼\LOCAL-AI-STUDIO\_trainlib\diffusers\pipelines\marigold\__pycache__\marigold_image_processing.cpython-313.pyc","41791","2026/8/12 下午 05:44:58"
"C:\Users\TUF Gaming\Desktop\我的專案\財富密碼\LOCAL-AI-STUDIO\_trainlib\diffusers\pipelines\marigold\__pycache__\pipeline_marigold_depth.cpython-313.pyc","38818","2026/8/12 下午 05:44:58"
"C:\Users\TUF Gaming\Desktop\我的專案\財富密碼\LOCAL-AI-STUDIO\_trainlib\diffusers\pipelines\marigold\__pycache__\pipeline_marigold_intrinsics.cpython-313.pyc","32018","2026/8/12 下午 05:44:58"
"C:\Users\TUF Gaming\Desktop\我的專案\財富密碼\LOCAL-AI-STUDIO\_trainlib\diffusers\pipelines\marigold\__pycache__\pipeline_marigold_normals.cpython-313.pyc","30898","2026/8/12 下午 05:44:58"
"C:\Users\TUF Gaming\Desktop\我的專案\財富密碼\LOCAL-AI-STUDIO\_trainlib\diffusers\pipelines\marigold\__pycache__\__init__.cpython-313.pyc","2038","2026/8/12 下午 05:44:58"
"C:\Users\TUF Gaming\Desktop\我的專案\財富密碼\LOCAL-AI-STUDIO\_trainlib\diffusers\pipelines\mochi\pipeline_mochi.py","37159","2026/8/12 下午 05:44:55"
"C:\Users\TUF Gaming\Desktop\我的專案\財富密碼\LOCAL-AI-STUDIO\_trainlib\diffusers\pipelines\mochi\pipeline_output.py","609","2026/8/12 下午 05:44:55"
"C:\Users\TUF Gaming\Desktop\我的專案\財富密碼\LOCAL-AI-STUDIO\_trainlib\diffusers\pipelines\mochi\__init__.py","1282","2026/8/12 下午 05:44:55"
"C:\Users\TUF Gaming\Desktop\我的專案\財富密碼\LOCAL-AI-STUDIO\_trainlib\diffusers\pipelines\mochi\__pycache__\pipeline_mochi.cpython-313.pyc","36003","2026/8/12 下午 05:44:58"
"C:\Users\TUF Gaming\Desktop\我的專案\財富密碼\LOCAL-AI-STUDIO\_trainlib\diffusers\pipelines\mochi\__pycache__\pipeline_output.cpython-313.pyc","1104","2026/8/12 下午 05:44:58"
"C:\Users\TUF Gaming\Desktop\我的專案\財富密碼\LOCAL-AI-STUDIO\_trainlib\diffusers\pipelines\mochi\__pycache__\__init__.cpython-313.pyc","1545","2026/8/12 下午 05:44:58"
"C:\Users\TUF Gaming\Desktop\我的專案\財富密碼\LOCAL-AI-STUDIO\_trainlib\diffusers\pipelines\motif_video\pipeline_motif_video.py","36117","2026/8/12 下午 05:44:55"
"C:\Users\TUF Gaming\Desktop\我的專案\財富密碼\LOCAL-AI-STUDIO\_trainlib\diffusers\pipelines\motif_video\pipeline_motif_video_image2video.py","40584","2026/8/12 下午 05:44:55"
"C:\Users\TUF Gaming\Desktop\我的專案\財富密碼\LOCAL-AI-STUDIO\_trainlib\diffusers\pipelines\motif_video\pipeline_output.py","620","2026/8/12 下午 05:44:55"
"C:\Users\TUF Gaming\Desktop\我的專案\財富密碼\LOCAL-AI-STUDIO\_trainlib\diffusers\pipelines\motif_video\__init__.py","1614","2026/8/12 下午 05:44:55"
"C:\Users\TUF Gaming\Desktop\我的專案\財富密碼\LOCAL-AI-STUDIO\_trainlib\diffusers\pipelines\motif_video\__pycache__\pipeline_motif_video.cpython-313.pyc","35036","2026/8/12 下午 05:44:58"
"C:\Users\TUF Gaming\Desktop\我的專案\財富密碼\LOCAL-AI-STUDIO\_trainlib\diffusers\pipelines\motif_video\__pycache__\pipeline_motif_video_image2video.cpython-313.pyc","39605","2026/8/12 下午 05:44:58"
"C:\Users\TUF Gaming\Desktop\我的專案\財富密碼\LOCAL-AI-STUDIO\_trainlib\diffusers\pipelines\motif_video\__pycache__\pipeline_output.cpython-313.pyc","1121","2026/8/12 下午 05:44:58"
"C:\Users\TUF Gaming\Desktop\我的專案\財富密碼\LOCAL-AI-STUDIO\_trainlib\diffusers\pipelines\motif_video\__pycache__\__init__.cpython-313.pyc","1788","2026/8/12 下午 05:44:58"
"C:\Users\TUF Gaming\Desktop\我的專案\財富密碼\LOCAL-AI-STUDIO\_trainlib\diffusers\pipelines\nucleusmoe_image\pipeline_nucleusmoe_image.py","28134","2026/8/12 下午 05:44:55"
"C:\Users\TUF Gaming\Desktop\我的專案\財富密碼\LOCAL-AI-STUDIO\_trainlib\diffusers\pipelines\nucleusmoe_image\pipeline_output.py","572","2026/8/12 下午 05:44:55"
"C:\Users\TUF Gaming\Desktop\我的專案\財富密碼\LOCAL-AI-STUDIO\_trainlib\diffusers\pipelines\nucleusmoe_image\__init__.py","1515","2026/8/12 下午 05:44:55"
"C:\Users\TUF Gaming\Desktop\我的專案\財富密碼\LOCAL-AI-STUDIO\_trainlib\diffusers\pipelines\nucleusmoe_image\__pycache__\pipeline_nucleusmoe_image.cpython-313.pyc","28662","2026/8/12 下午 05:44:58"
"C:\Users\TUF Gaming\Desktop\我的專案\財富密碼\LOCAL-AI-STUDIO\_trainlib\diffusers\pipelines\nucleusmoe_image\__pycache__\pipeline_output.cpython-313.pyc","1160","2026/8/12 下午 05:44:58"
"C:\Users\TUF Gaming\Desktop\我的專案\財富密碼\LOCAL-AI-STUDIO\_trainlib\diffusers\pipelines\nucleusmoe_image\__pycache__\__init__.cpython-313.pyc","1815","2026/8/12 下午 05:44:58"
"C:\Users\TUF Gaming\Desktop\我的專案\財富密碼\LOCAL-AI-STUDIO\_trainlib\diffusers\pipelines\omnigen\pipeline_omnigen.py","25019","2026/8/12 下午 05:44:55"
"C:\Users\TUF Gaming\Desktop\我的專案\財富密碼\LOCAL-AI-STUDIO\_trainlib\diffusers\pipelines\omnigen\processor_omnigen.py","14161","2026/8/12 下午 05:44:55"
"C:\Users\TUF Gaming\Desktop\我的專案\財富密碼\LOCAL-AI-STUDIO\_trainlib\diffusers\pipelines\omnigen\__init__.py","1292","2026/8/12 下午 05:44:55"
"C:\Users\TUF Gaming\Desktop\我的專案\財富密碼\LOCAL-AI-STUDIO\_trainlib\diffusers\pipelines\omnigen\__pycache__\pipeline_omnigen.cpython-313.pyc","25572","2026/8/12 下午 05:44:58"
"C:\Users\TUF Gaming\Desktop\我的專案\財富密碼\LOCAL-AI-STUDIO\_trainlib\diffusers\pipelines\omnigen\__pycache__\processor_omnigen.cpython-313.pyc","17301","2026/8/12 下午 05:44:58"
"C:\Users\TUF Gaming\Desktop\我的專案\財富密碼\LOCAL-AI-STUDIO\_trainlib\diffusers\pipelines\omnigen\__pycache__\__init__.cpython-313.pyc","1554","2026/8/12 下午 05:44:58"
"C:\Users\TUF Gaming\Desktop\我的專案\財富密碼\LOCAL-AI-STUDIO\_trainlib\diffusers\pipelines\ovis_image\pipeline_output.py","1201","2026/8/12 下午 05:44:55"
"C:\Users\TUF Gaming\Desktop\我的專案\財富密碼\LOCAL-AI-STUDIO\_trainlib\diffusers\pipelines\ovis_image\pipeline_ovis_image.py","33127","2026/8/12 下午 05:44:55"
"C:\Users\TUF Gaming\Desktop\我的專案\財富密碼\LOCAL-AI-STUDIO\_trainlib\diffusers\pipelines\ovis_image\__init__.py","1433","2026/8/12 下午 05:44:55"
"C:\Users\TUF Gaming\Desktop\我的專案\財富密碼\LOCAL-AI-STUDIO\_trainlib\diffusers\pipelines\ovis_image\__pycache__\pipeline_output.cpython-313.pyc","1147","2026/8/12 下午 05:44:58"
"C:\Users\TUF Gaming\Desktop\我的專案\財富密碼\LOCAL-AI-STUDIO\_trainlib\diffusers\pipelines\ovis_image\__pycache__\pipeline_ovis_image.cpython-313.pyc","32859","2026/8/12 下午 05:44:58"
"C:\Users\TUF Gaming\Desktop\我的專案\財富密碼\LOCAL-AI-STUDIO\_trainlib\diffusers\pipelines\ovis_image\__pycache__\__init__.cpython-313.pyc","1664","2026/8/12 下午 05:44:58"
"C:\Users\TUF Gaming\Desktop\我的專案\財富密碼\LOCAL-AI-STUDIO\_trainlib\diffusers\pipelines\pag\pag_utils.py","10165","2026/8/12 下午 05:44:55"
"C:\Users\TUF Gaming\Desktop\我的專案\財富密碼\LOCAL-AI-STUDIO\_trainlib\diffusers\pipelines\pag\pipeline_pag_controlnet_sd.py","68347","2026/8/12 下午 05:44:55"
"C:\Users\TUF Gaming\Desktop\我的專案\財富密碼\LOCAL-AI-STUDIO\_trainlib\diffusers\pipelines\pag\pipeline_pag_controlnet_sd_inpaint.py","78997","2026/8/12 下午 05:44:55"
"C:\Users\TUF Gaming\Desktop\我的專案\財富密碼\LOCAL-AI-STUDIO\_trainlib\diffusers\pipelines\pag\pipeline_pag_controlnet_sd_xl.py","83131","2026/8/12 下午 05:44:55"
"C:\Users\TUF Gaming\Desktop\我的專案\財富密碼\LOCAL-AI-STUDIO\_trainlib\diffusers\pipelines\pag\pipeline_pag_controlnet_sd_xl_img2img.py","87868","2026/8/12 下午 05:44:55"
"C:\Users\TUF Gaming\Desktop\我的專案\財富密碼\LOCAL-AI-STUDIO\_trainlib\diffusers\pipelines\pag\pipeline_pag_hunyuandit.py","46782","2026/8/12 下午 05:44:55"
"C:\Users\TUF Gaming\Desktop\我的專案\財富密碼\LOCAL-AI-STUDIO\_trainlib\diffusers\pipelines\pag\pipeline_pag_kolors.py","59196","2026/8/12 下午 05:44:55"
"C:\Users\TUF Gaming\Desktop\我的專案\財富密碼\LOCAL-AI-STUDIO\_trainlib\diffusers\pipelines\pag\pipeline_pag_pixart_sigma.py","42099","2026/8/12 下午 05:44:55"
"C:\Users\TUF Gaming\Desktop\我的專案\財富密碼\LOCAL-AI-STUDIO\_trainlib\diffusers\pipelines\pag\pipeline_pag_sana.py","46956","2026/8/12 下午 05:44:55"
"C:\Users\TUF Gaming\Desktop\我的專案\財富密碼\LOCAL-AI-STUDIO\_trainlib\diffusers\pipelines\pag\pipeline_pag_sd.py","55599","2026/8/12 下午 05:44:55"
"C:\Users\TUF Gaming\Desktop\我的專案\財富密碼\LOCAL-AI-STUDIO\_trainlib\diffusers\pipelines\pag\pipeline_pag_sd_3.py","49629","2026/8/12 下午 05:44:55"
"C:\Users\TUF Gaming\Desktop\我的專案\財富密碼\LOCAL-AI-STUDIO\_trainlib\diffusers\pipelines\pag\pipeline_pag_sd_3_img2img.py","54533","2026/8/12 下午 05:44:55"
"C:\Users\TUF Gaming\Desktop\我的專案\財富密碼\LOCAL-AI-STUDIO\_trainlib\diffusers\pipelines\pag\pipeline_pag_sd_animatediff.py","43746","2026/8/12 下午 05:44:55"
"C:\Users\TUF Gaming\Desktop\我的專案\財富密碼\LOCAL-AI-STUDIO\_trainlib\diffusers\pipelines\pag\pipeline_pag_sd_img2img.py","57907","2026/8/12 下午 05:44:55"
"C:\Users\TUF Gaming\Desktop\我的專案\財富密碼\LOCAL-AI-STUDIO\_trainlib\diffusers\pipelines\pag\pipeline_pag_sd_inpaint.py","72621","2026/8/12 下午 05:44:55"
"C:\Users\TUF Gaming\Desktop\我的專案\財富密碼\LOCAL-AI-STUDIO\_trainlib\diffusers\pipelines\pag\pipeline_pag_sd_xl.py","70271","2026/8/12 下午 05:44:55"
"C:\Users\TUF Gaming\Desktop\我的專案\財富密碼\LOCAL-AI-STUDIO\_trainlib\diffusers\pipelines\pag\pipeline_pag_sd_xl_img2img.py","81489","2026/8/12 下午 05:44:55"
"C:\Users\TUF Gaming\Desktop\我的專案\財富密碼\LOCAL-AI-STUDIO\_trainlib\diffusers\pipelines\pag\pipeline_pag_sd_xl_inpaint.py","93614","2026/8/12 下午 05:44:55"
"C:\Users\TUF Gaming\Desktop\我的專案\財富密碼\LOCAL-AI-STUDIO\_trainlib\diffusers\pipelines\pag\__init__.py","3986","2026/8/12 下午 05:44:55"
"C:\Users\TUF Gaming\Desktop\我的專案\財富密碼\LOCAL-AI-STUDIO\_trainlib\diffusers\pipelines\pag\__pycache__\pag_utils.cpython-313.pyc","10438","2026/8/12 下午 05:44:58"
"C:\Users\TUF Gaming\Desktop\我的專案\財富密碼\LOCAL-AI-STUDIO\_trainlib\diffusers\pipelines\pag\__pycache__\pipeline_pag_controlnet_sd.cpython-313.pyc","63452","2026/8/12 下午 05:44:58"
"C:\Users\TUF Gaming\Desktop\我的專案\財富密碼\LOCAL-AI-STUDIO\_trainlib\diffusers\pipelines\pag\__pycache__\pipeline_pag_controlnet_sd_inpaint.cpython-313.pyc","71549","2026/8/12 下午 05:44:58"
"C:\Users\TUF Gaming\Desktop\我的專案\財富密碼\LOCAL-AI-STUDIO\_trainlib\diffusers\pipelines\pag\__pycache__\pipeline_pag_controlnet_sd_xl.cpython-313.pyc","76049","2026/8/12 下午 05:44:58"
"C:\Users\TUF Gaming\Desktop\我的專案\財富密碼\LOCAL-AI-STUDIO\_trainlib\diffusers\pipelines\pag\__pycache__\pipeline_pag_controlnet_sd_xl_img2img.cpython-313.pyc","79698","2026/8/12 下午 05:44:58"
"C:\Users\TUF Gaming\Desktop\我的專案\財富密碼\LOCAL-AI-STUDIO\_trainlib\diffusers\pipelines\pag\__pycache__\pipeline_pag_hunyuandit.cpython-313.pyc","41608","2026/8/12 下午 05:44:58"
"C:\Users\TUF Gaming\Desktop\我的專案\財富密碼\LOCAL-AI-STUDIO\_trainlib\diffusers\pipelines\pag\__pycache__\pipeline_pag_kolors.cpython-313.pyc","53685","2026/8/12 下午 05:44:58"
"C:\Users\TUF Gaming\Desktop\我的專案\財富密碼\LOCAL-AI-STUDIO\_trainlib\diffusers\pipelines\pag\__pycache__\pipeline_pag_pixart_sigma.cpython-313.pyc","38431","2026/8/12 下午 05:44:58"
"C:\Users\TUF Gaming\Desktop\我的專案\財富密碼\LOCAL-AI-STUDIO\_trainlib\diffusers\pipelines\pag\__pycache__\pipeline_pag_sana.cpython-313.pyc","44952","2026/8/12 下午 05:44:58"
"C:\Users\TUF Gaming\Desktop\我的專案\財富密碼\LOCAL-AI-STUDIO\_trainlib\diffusers\pipelines\pag\__pycache__\pipeline_pag_sd.cpython-313.pyc","50961","2026/8/12 下午 05:44:58"
"C:\Users\TUF Gaming\Desktop\我的專案\財富密碼\LOCAL-AI-STUDIO\_trainlib\diffusers\pipelines\pag\__pycache__\pipeline_pag_sd_3.cpython-313.pyc","44938","2026/8/12 下午 05:44:58"
"C:\Users\TUF Gaming\Desktop\我的專案\財富密碼\LOCAL-AI-STUDIO\_trainlib\diffusers\pipelines\pag\__pycache__\pipeline_pag_sd_3_img2img.cpython-313.pyc","50382","2026/8/12 下午 05:44:58"
"C:\Users\TUF Gaming\Desktop\我的專案\財富密碼\LOCAL-AI-STUDIO\_trainlib\diffusers\pipelines\pag\__pycache__\pipeline_pag_sd_animatediff.cpython-313.pyc","38914","2026/8/12 下午 05:44:58"
"C:\Users\TUF Gaming\Desktop\我的專案\財富密碼\LOCAL-AI-STUDIO\_trainlib\diffusers\pipelines\pag\__pycache__\pipeline_pag_sd_img2img.cpython-313.pyc","53971","2026/8/12 下午 05:44:58"
"C:\Users\TUF Gaming\Desktop\我的專案\財富密碼\LOCAL-AI-STUDIO\_trainlib\diffusers\pipelines\pag\__pycache__\pipeline_pag_sd_inpaint.cpython-313.pyc","65998","2026/8/12 下午 05:44:58"
"C:\Users\TUF Gaming\Desktop\我的專案\財富密碼\LOCAL-AI-STUDIO\_trainlib\diffusers\pipelines\pag\__pycache__\pipeline_pag_sd_xl.cpython-313.pyc","63823","2026/8/12 下午 05:44:58"
"C:\Users\TUF Gaming\Desktop\我的專案\財富密碼\LOCAL-AI-STUDIO\_trainlib\diffusers\pipelines\pag\__pycache__\pipeline_pag_sd_xl_img2img.cpython-313.pyc","74671","2026/8/12 下午 05:44:58"
"C:\Users\TUF Gaming\Desktop\我的專案\財富密碼\LOCAL-AI-STUDIO\_trainlib\diffusers\pipelines\pag\__pycache__\pipeline_pag_sd_xl_inpaint.cpython-313.pyc","83824","2026/8/12 下午 05:44:58"
"C:\Users\TUF Gaming\Desktop\我的專案\財富密碼\LOCAL-AI-STUDIO\_trainlib\diffusers\pipelines\pag\__pycache__\__init__.cpython-313.pyc","3484","2026/8/12 下午 05:44:58"
"C:\Users\TUF Gaming\Desktop\我的專案\財富密碼\LOCAL-AI-STUDIO\_trainlib\diffusers\pipelines\pixart_alpha\pipeline_pixart_alpha.py","45307","2026/8/12 下午 05:44:55"
"C:\Users\TUF Gaming\Desktop\我的專案\財富密碼\LOCAL-AI-STUDIO\_trainlib\diffusers\pipelines\pixart_alpha\pipeline_pixart_sigma.py","42612","2026/8/12 下午 05:44:55"
"C:\Users\TUF Gaming\Desktop\我的專案\財富密碼\LOCAL-AI-STUDIO\_trainlib\diffusers\pipelines\pixart_alpha\__init__.py","1595","2026/8/12 下午 05:44:55"
"C:\Users\TUF Gaming\Desktop\我的專案\財富密碼\LOCAL-AI-STUDIO\_trainlib\diffusers\pipelines\pixart_alpha\__pycache__\pipeline_pixart_alpha.cpython-313.pyc","42156","2026/8/12 下午 05:44:58"
"C:\Users\TUF Gaming\Desktop\我的專案\財富密碼\LOCAL-AI-STUDIO\_trainlib\diffusers\pipelines\pixart_alpha\__pycache__\pipeline_pixart_sigma.cpython-313.pyc","39544","2026/8/12 下午 05:44:58"
"C:\Users\TUF Gaming\Desktop\我的專案\財富密碼\LOCAL-AI-STUDIO\_trainlib\diffusers\pipelines\pixart_alpha\__pycache__\__init__.cpython-313.pyc","1809","2026/8/12 下午 05:44:58"
"C:\Users\TUF Gaming\Desktop\我的專案\財富密碼\LOCAL-AI-STUDIO\_trainlib\diffusers\pipelines\prx\pipeline_output.py","1173","2026/8/12 下午 05:44:55"
"C:\Users\TUF Gaming\Desktop\我的專案\財富密碼\LOCAL-AI-STUDIO\_trainlib\diffusers\pipelines\prx\pipeline_prx.py","35693","2026/8/12 下午 05:44:55"
"C:\Users\TUF Gaming\Desktop\我的專案\財富密碼\LOCAL-AI-STUDIO\_trainlib\diffusers\pipelines\prx\pipeline_prx_pixel.py","30800","2026/8/12 下午 05:44:55"
"C:\Users\TUF Gaming\Desktop\我的專案\財富密碼\LOCAL-AI-STUDIO\_trainlib\diffusers\pipelines\prx\__init__.py","2775","2026/8/12 下午 05:44:55"
"C:\Users\TUF Gaming\Desktop\我的專案\財富密碼\LOCAL-AI-STUDIO\_trainlib\diffusers\pipelines\prx\__pycache__\pipeline_output.cpython-313.pyc","1124","2026/8/12 下午 05:44:58"
"C:\Users\TUF Gaming\Desktop\我的專案\財富密碼\LOCAL-AI-STUDIO\_trainlib\diffusers\pipelines\prx\__pycache__\pipeline_prx.cpython-313.pyc","34783","2026/8/12 下午 05:44:58"
"C:\Users\TUF Gaming\Desktop\我的專案\財富密碼\LOCAL-AI-STUDIO\_trainlib\diffusers\pipelines\prx\__pycache__\pipeline_prx_pixel.cpython-313.pyc","28071","2026/8/12 下午 05:44:58"
"C:\Users\TUF Gaming\Desktop\我的專案\財富密碼\LOCAL-AI-STUDIO\_trainlib\diffusers\pipelines\prx\__pycache__\__init__.cpython-313.pyc","3091","2026/8/12 下午 05:44:58"
"C:\Users\TUF Gaming\Desktop\我的專案\財富密碼\LOCAL-AI-STUDIO\_trainlib\diffusers\pipelines\qwenimage\pipeline_output.py","566","2026/8/12 下午 05:44:55"
"C:\Users\TUF Gaming\Desktop\我的專案\財富密碼\LOCAL-AI-STUDIO\_trainlib\diffusers\pipelines\qwenimage\pipeline_qwenimage.py","37501","2026/8/12 下午 05:44:55"
"C:\Users\TUF Gaming\Desktop\我的專案\財富密碼\LOCAL-AI-STUDIO\_trainlib\diffusers\pipelines\qwenimage\pipeline_qwenimage_controlnet.py","49654","2026/8/12 下午 05:44:55"
"C:\Users\TUF Gaming\Desktop\我的專案\財富密碼\LOCAL-AI-STUDIO\_trainlib\diffusers\pipelines\qwenimage\pipeline_qwenimage_controlnet_inpaint.py","45166","2026/8/12 下午 05:44:55"
"C:\Users\TUF Gaming\Desktop\我的專案\財富密碼\LOCAL-AI-STUDIO\_trainlib\diffusers\pipelines\qwenimage\pipeline_qwenimage_edit.py","44144","2026/8/12 下午 05:44:55"
"C:\Users\TUF Gaming\Desktop\我的專案\財富密碼\LOCAL-AI-STUDIO\_trainlib\diffusers\pipelines\qwenimage\pipeline_qwenimage_edit_inpaint.py","55763","2026/8/12 下午 05:44:55"
"C:\Users\TUF Gaming\Desktop\我的專案\財富密碼\LOCAL-AI-STUDIO\_trainlib\diffusers\pipelines\qwenimage\pipeline_qwenimage_edit_plus.py","43960","2026/8/12 下午 05:44:55"
"C:\Users\TUF Gaming\Desktop\我的專案\財富密碼\LOCAL-AI-STUDIO\_trainlib\diffusers\pipelines\qwenimage\pipeline_qwenimage_img2img.py","43764","2026/8/12 下午 05:44:55"
"C:\Users\TUF Gaming\Desktop\我的專案\財富密碼\LOCAL-AI-STUDIO\_trainlib\diffusers\pipelines\qwenimage\pipeline_qwenimage_inpaint.py","52629","2026/8/12 下午 05:44:55"
"C:\Users\TUF Gaming\Desktop\我的專案\財富密碼\LOCAL-AI-STUDIO\_trainlib\diffusers\pipelines\qwenimage\pipeline_qwenimage_layered.py","45376","2026/8/12 下午 05:44:55"
"C:\Users\TUF Gaming\Desktop\我的專案\財富密碼\LOCAL-AI-STUDIO\_trainlib\diffusers\pipelines\qwenimage\__init__.py","2902","2026/8/12 下午 05:44:55"
"C:\Users\TUF Gaming\Desktop\我的專案\財富密碼\LOCAL-AI-STUDIO\_trainlib\diffusers\pipelines\qwenimage\__pycache__\pipeline_output.cpython-313.pyc","1147","2026/8/12 下午 05:44:58"
"C:\Users\TUF Gaming\Desktop\我的專案\財富密碼\LOCAL-AI-STUDIO\_trainlib\diffusers\pipelines\qwenimage\__pycache__\pipeline_qwenimage.cpython-313.pyc","38523","2026/8/12 下午 05:44:58"
"C:\Users\TUF Gaming\Desktop\我的專案\財富密碼\LOCAL-AI-STUDIO\_trainlib\diffusers\pipelines\qwenimage\__pycache__\pipeline_qwenimage_controlnet.cpython-313.pyc","49492","2026/8/12 下午 05:44:58"
"C:\Users\TUF Gaming\Desktop\我的專案\財富密碼\LOCAL-AI-STUDIO\_trainlib\diffusers\pipelines\qwenimage\__pycache__\pipeline_qwenimage_controlnet_inpaint.cpython-313.pyc","45500","2026/8/12 下午 05:44:58"
"C:\Users\TUF Gaming\Desktop\我的專案\財富密碼\LOCAL-AI-STUDIO\_trainlib\diffusers\pipelines\qwenimage\__pycache__\pipeline_qwenimage_edit.cpython-313.pyc","45444","2026/8/12 下午 05:44:58"
"C:\Users\TUF Gaming\Desktop\我的專案\財富密碼\LOCAL-AI-STUDIO\_trainlib\diffusers\pipelines\qwenimage\__pycache__\pipeline_qwenimage_edit_inpaint.cpython-313.pyc","54799","2026/8/12 下午 05:44:58"
"C:\Users\TUF Gaming\Desktop\我的專案\財富密碼\LOCAL-AI-STUDIO\_trainlib\diffusers\pipelines\qwenimage\__pycache__\pipeline_qwenimage_edit_plus.cpython-313.pyc","44347","2026/8/12 下午 05:44:58"
"C:\Users\TUF Gaming\Desktop\我的專案\財富密碼\LOCAL-AI-STUDIO\_trainlib\diffusers\pipelines\qwenimage\__pycache__\pipeline_qwenimage_img2img.cpython-313.pyc","45786","2026/8/12 下午 05:44:58"
"C:\Users\TUF Gaming\Desktop\我的專案\財富密碼\LOCAL-AI-STUDIO\_trainlib\diffusers\pipelines\qwenimage\__pycache__\pipeline_qwenimage_inpaint.cpython-313.pyc","52748","2026/8/12 下午 05:44:58"
"C:\Users\TUF Gaming\Desktop\我的專案\財富密碼\LOCAL-AI-STUDIO\_trainlib\diffusers\pipelines\qwenimage\__pycache__\pipeline_qwenimage_layered.cpython-313.pyc","46239","2026/8/12 下午 05:44:58"
"C:\Users\TUF Gaming\Desktop\我的專案\財富密碼\LOCAL-AI-STUDIO\_trainlib\diffusers\pipelines\qwenimage\__pycache__\__init__.cpython-313.pyc","2834","2026/8/12 下午 05:44:58"
"C:\Users\TUF Gaming\Desktop\我的專案\財富密碼\LOCAL-AI-STUDIO\_trainlib\diffusers\pipelines\sana\pipeline_output.py","549","2026/8/12 下午 05:44:55"
"C:\Users\TUF Gaming\Desktop\我的專案\財富密碼\LOCAL-AI-STUDIO\_trainlib\diffusers\pipelines\sana\pipeline_sana.py","48473","2026/8/12 下午 05:44:55"
"C:\Users\TUF Gaming\Desktop\我的專案\財富密碼\LOCAL-AI-STUDIO\_trainlib\diffusers\pipelines\sana\pipeline_sana_controlnet.py","52955","2026/8/12 下午 05:44:55"
"C:\Users\TUF Gaming\Desktop\我的專案\財富密碼\LOCAL-AI-STUDIO\_trainlib\diffusers\pipelines\sana\pipeline_sana_sprint.py","42502","2026/8/12 下午 05:44:55"
"C:\Users\TUF Gaming\Desktop\我的專案\財富密碼\LOCAL-AI-STUDIO\_trainlib\diffusers\pipelines\sana\pipeline_sana_sprint_img2img.py","47627","2026/8/12 下午 05:44:55"
"C:\Users\TUF Gaming\Desktop\我的專案\財富密碼\LOCAL-AI-STUDIO\_trainlib\diffusers\pipelines\sana\__init__.py","1719","2026/8/12 下午 05:44:55"
"C:\Users\TUF Gaming\Desktop\我的專案\財富密碼\LOCAL-AI-STUDIO\_trainlib\diffusers\pipelines\sana\__pycache__\pipeline_output.cpython-313.pyc","1125","2026/8/12 下午 05:44:58"
"C:\Users\TUF Gaming\Desktop\我的專案\財富密碼\LOCAL-AI-STUDIO\_trainlib\diffusers\pipelines\sana\__pycache__\pipeline_sana.cpython-313.pyc","46923","2026/8/12 下午 05:44:58"
"C:\Users\TUF Gaming\Desktop\我的專案\財富密碼\LOCAL-AI-STUDIO\_trainlib\diffusers\pipelines\sana\__pycache__\pipeline_sana_controlnet.cpython-313.pyc","50955","2026/8/12 下午 05:44:58"
"C:\Users\TUF Gaming\Desktop\我的專案\財富密碼\LOCAL-AI-STUDIO\_trainlib\diffusers\pipelines\sana\__pycache__\pipeline_sana_sprint.cpython-313.pyc","42334","2026/8/12 下午 05:44:58"
"C:\Users\TUF Gaming\Desktop\我的專案\財富密碼\LOCAL-AI-STUDIO\_trainlib\diffusers\pipelines\sana\__pycache__\pipeline_sana_sprint_img2img.cpython-313.pyc","47362","2026/8/12 下午 05:44:58"
"C:\Users\TUF Gaming\Desktop\我的專案\財富密碼\LOCAL-AI-STUDIO\_trainlib\diffusers\pipelines\sana\__pycache__\__init__.cpython-313.pyc","1868","2026/8/12 下午 05:44:58"
"C:\Users\TUF Gaming\Desktop\我的專案\財富密碼\LOCAL-AI-STUDIO\_trainlib\diffusers\pipelines\sana_video\pipeline_output.py","611","2026/8/12 下午 05:44:55"
"C:\Users\TUF Gaming\Desktop\我的專案\財富密碼\LOCAL-AI-STUDIO\_trainlib\diffusers\pipelines\sana_video\pipeline_sana_video.py","49593","2026/8/12 下午 05:44:55"
"C:\Users\TUF Gaming\Desktop\我的專案\財富密碼\LOCAL-AI-STUDIO\_trainlib\diffusers\pipelines\sana_video\pipeline_sana_video_i2v.py","53169","2026/8/12 下午 05:44:55"
"C:\Users\TUF Gaming\Desktop\我的專案\財富密碼\LOCAL-AI-STUDIO\_trainlib\diffusers\pipelines\sana_video\__init__.py","1449","2026/8/12 下午 05:44:55"
"C:\Users\TUF Gaming\Desktop\我的專案\財富密碼\LOCAL-AI-STUDIO\_trainlib\diffusers\pipelines\sana_video\__pycache__\pipeline_output.cpython-313.pyc","1113","2026/8/12 下午 05:44:58"
"C:\Users\TUF Gaming\Desktop\我的專案\財富密碼\LOCAL-AI-STUDIO\_trainlib\diffusers\pipelines\sana_video\__pycache__\pipeline_sana_video.cpython-313.pyc","47813","2026/8/12 下午 05:44:58"
"C:\Users\TUF Gaming\Desktop\我的專案\財富密碼\LOCAL-AI-STUDIO\_trainlib\diffusers\pipelines\sana_video\__pycache__\pipeline_sana_video_i2v.cpython-313.pyc","52602","2026/8/12 下午 05:44:58"
"C:\Users\TUF Gaming\Desktop\我的專案\財富密碼\LOCAL-AI-STUDIO\_trainlib\diffusers\pipelines\sana_video\__pycache__\__init__.cpython-313.pyc","1670","2026/8/12 下午 05:44:58"
"C:\Users\TUF Gaming\Desktop\我的專案\財富密碼\LOCAL-AI-STUDIO\_trainlib\diffusers\pipelines\shap_e\camera.py","4917","2026/8/12 下午 05:44:55"
"C:\Users\TUF Gaming\Desktop\我的專案\財富密碼\LOCAL-AI-STUDIO\_trainlib\diffusers\pipelines\shap_e\pipeline_shap_e.py","13347","2026/8/12 下午 05:44:55"
"C:\Users\TUF Gaming\Desktop\我的專案\財富密碼\LOCAL-AI-STUDIO\_trainlib\diffusers\pipelines\shap_e\pipeline_shap_e_img2img.py","13148","2026/8/12 下午 05:44:55"
"C:\Users\TUF Gaming\Desktop\我的專案\財富密碼\LOCAL-AI-STUDIO\_trainlib\diffusers\pipelines\shap_e\renderer.py","39109","2026/8/12 下午 05:44:55"
"C:\Users\TUF Gaming\Desktop\我的專案\財富密碼\LOCAL-AI-STUDIO\_trainlib\diffusers\pipelines\shap_e\__init__.py","2093","2026/8/12 下午 05:44:55"
"C:\Users\TUF Gaming\Desktop\我的專案\財富密碼\LOCAL-AI-STUDIO\_trainlib\diffusers\pipelines\shap_e\__pycache__\camera.cpython-313.pyc","8837","2026/8/12 下午 05:44:58"
"C:\Users\TUF Gaming\Desktop\我的專案\財富密碼\LOCAL-AI-STUDIO\_trainlib\diffusers\pipelines\shap_e\__pycache__\pipeline_shap_e.cpython-313.pyc","13419","2026/8/12 下午 05:44:58"
"C:\Users\TUF Gaming\Desktop\我的專案\財富密碼\LOCAL-AI-STUDIO\_trainlib\diffusers\pipelines\shap_e\__pycache__\pipeline_shap_e_img2img.cpython-313.pyc","13658","2026/8/12 下午 05:44:58"
"C:\Users\TUF Gaming\Desktop\我的專案\財富密碼\LOCAL-AI-STUDIO\_trainlib\diffusers\pipelines\shap_e\__pycache__\renderer.cpython-313.pyc","50011","2026/8/12 下午 05:44:58"
"C:\Users\TUF Gaming\Desktop\我的專案\財富密碼\LOCAL-AI-STUDIO\_trainlib\diffusers\pipelines\shap_e\__pycache__\__init__.cpython-313.pyc","2032","2026/8/12 下午 05:44:58"
"C:\Users\TUF Gaming\Desktop\我的專案\財富密碼\LOCAL-AI-STUDIO\_trainlib\diffusers\pipelines\skyreels_v2\pipeline_output.py","619","2026/8/12 下午 05:44:55"
"C:\Users\TUF Gaming\Desktop\我的專案\財富密碼\LOCAL-AI-STUDIO\_trainlib\diffusers\pipelines\skyreels_v2\pipeline_skyreels_v2.py","27734","2026/8/12 下午 05:44:55"
"C:\Users\TUF Gaming\Desktop\我的專案\財富密碼\LOCAL-AI-STUDIO\_trainlib\diffusers\pipelines\skyreels_v2\pipeline_skyreels_v2_diffusion_forcing.py","48231","2026/8/12 下午 05:44:55"
"C:\Users\TUF Gaming\Desktop\我的專案\財富密碼\LOCAL-AI-STUDIO\_trainlib\diffusers\pipelines\skyreels_v2\pipeline_skyreels_v2_diffusion_forcing_i2v.py","52542","2026/8/12 下午 05:44:55"
"C:\Users\TUF Gaming\Desktop\我的專案\財富密碼\LOCAL-AI-STUDIO\_trainlib\diffusers\pipelines\skyreels_v2\pipeline_skyreels_v2_diffusion_forcing_v2v.py","52000","2026/8/12 下午 05:44:55"
"C:\Users\TUF Gaming\Desktop\我的專案\財富密碼\LOCAL-AI-STUDIO\_trainlib\diffusers\pipelines\skyreels_v2\pipeline_skyreels_v2_i2v.py","34603","2026/8/12 下午 05:44:55"
"C:\Users\TUF Gaming\Desktop\我的專案\財富密碼\LOCAL-AI-STUDIO\_trainlib\diffusers\pipelines\skyreels_v2\__init__.py","2159","2026/8/12 下午 05:44:55"
"C:\Users\TUF Gaming\Desktop\我的專案\財富密碼\LOCAL-AI-STUDIO\_trainlib\diffusers\pipelines\skyreels_v2\__pycache__\pipeline_output.cpython-313.pyc","1120","2026/8/12 下午 05:44:58"
"C:\Users\TUF Gaming\Desktop\我的專案\財富密碼\LOCAL-AI-STUDIO\_trainlib\diffusers\pipelines\skyreels_v2\__pycache__\pipeline_skyreels_v2.cpython-313.pyc","28478","2026/8/12 下午 05:44:58"
"C:\Users\TUF Gaming\Desktop\我的專案\財富密碼\LOCAL-AI-STUDIO\_trainlib\diffusers\pipelines\skyreels_v2\__pycache__\pipeline_skyreels_v2_diffusion_forcing.cpython-313.pyc","43582","2026/8/12 下午 05:44:58"
"C:\Users\TUF Gaming\Desktop\我的專案\財富密碼\LOCAL-AI-STUDIO\_trainlib\diffusers\pipelines\skyreels_v2\__pycache__\pipeline_skyreels_v2_diffusion_forcing_i2v.cpython-313.pyc","48391","2026/8/12 下午 05:44:58"
"C:\Users\TUF Gaming\Desktop\我的專案\財富密碼\LOCAL-AI-STUDIO\_trainlib\diffusers\pipelines\skyreels_v2\__pycache__\pipeline_skyreels_v2_diffusion_forcing_v2v.cpython-313.pyc","48941","2026/8/12 下午 05:44:58"
"C:\Users\TUF Gaming\Desktop\我的專案\財富密碼\LOCAL-AI-STUDIO\_trainlib\diffusers\pipelines\skyreels_v2\__pycache__\pipeline_skyreels_v2_i2v.cpython-313.pyc","36163","2026/8/12 下午 05:44:58"
"C:\Users\TUF Gaming\Desktop\我的專案\財富密碼\LOCAL-AI-STUDIO\_trainlib\diffusers\pipelines\skyreels_v2\__pycache__\__init__.cpython-313.pyc","2131","2026/8/12 下午 05:44:58"
"C:\Users\TUF Gaming\Desktop\我的專案\財富密碼\LOCAL-AI-STUDIO\_trainlib\diffusers\pipelines\stable_audio\modeling_stable_audio.py","6048","2026/8/12 下午 05:44:55"
"C:\Users\TUF Gaming\Desktop\我的專案\財富密碼\LOCAL-AI-STUDIO\_trainlib\diffusers\pipelines\stable_audio\pipeline_stable_audio.py","36122","2026/8/12 下午 05:44:55"
"C:\Users\TUF Gaming\Desktop\我的專案\財富密碼\LOCAL-AI-STUDIO\_trainlib\diffusers\pipelines\stable_audio\__init__.py","1561","2026/8/12 下午 05:44:55"
"C:\Users\TUF Gaming\Desktop\我的專案\財富密碼\LOCAL-AI-STUDIO\_trainlib\diffusers\pipelines\stable_audio\__pycache__\modeling_stable_audio.cpython-313.pyc","7475","2026/8/12 下午 05:44:58"
"C:\Users\TUF Gaming\Desktop\我的專案\財富密碼\LOCAL-AI-STUDIO\_trainlib\diffusers\pipelines\stable_audio\__pycache__\pipeline_stable_audio.cpython-313.pyc","32228","2026/8/12 下午 05:44:58"
"C:\Users\TUF Gaming\Desktop\我的專案\財富密碼\LOCAL-AI-STUDIO\_trainlib\diffusers\pipelines\stable_audio\__pycache__\__init__.cpython-313.pyc","1819","2026/8/12 下午 05:44:58"
"C:\Users\TUF Gaming\Desktop\我的專案\財富密碼\LOCAL-AI-STUDIO\_trainlib\diffusers\pipelines\stable_cascade\pipeline_stable_cascade.py","26128","2026/8/12 下午 05:44:55"
"C:\Users\TUF Gaming\Desktop\我的專案\財富密碼\LOCAL-AI-STUDIO\_trainlib\diffusers\pipelines\stable_cascade\pipeline_stable_cascade_combined.py","18102","2026/8/12 下午 05:44:55"
"C:\Users\TUF Gaming\Desktop\我的專案\財富密碼\LOCAL-AI-STUDIO\_trainlib\diffusers\pipelines\stable_cascade\pipeline_stable_cascade_prior.py","32047","2026/8/12 下午 05:44:55"
"C:\Users\TUF Gaming\Desktop\我的專案\財富密碼\LOCAL-AI-STUDIO\_trainlib\diffusers\pipelines\stable_cascade\__init__.py","1672","2026/8/12 下午 05:44:55"
"C:\Users\TUF Gaming\Desktop\我的專案\財富密碼\LOCAL-AI-STUDIO\_trainlib\diffusers\pipelines\stable_cascade\__pycache__\pipeline_stable_cascade.cpython-313.pyc","25337","2026/8/12 下午 05:44:58"
"C:\Users\TUF Gaming\Desktop\我的專案\財富密碼\LOCAL-AI-STUDIO\_trainlib\diffusers\pipelines\stable_cascade\__pycache__\pipeline_stable_cascade_combined.cpython-313.pyc","17011","2026/8/12 下午 05:44:58"
"C:\Users\TUF Gaming\Desktop\我的專案\財富密碼\LOCAL-AI-STUDIO\_trainlib\diffusers\pipelines\stable_cascade\__pycache__\pipeline_stable_cascade_prior.cpython-313.pyc","30617","2026/8/12 下午 05:44:58"
"C:\Users\TUF Gaming\Desktop\我的專案\財富密碼\LOCAL-AI-STUDIO\_trainlib\diffusers\pipelines\stable_cascade\__pycache__\__init__.cpython-313.pyc","1824","2026/8/12 下午 05:44:58"
"C:\Users\TUF Gaming\Desktop\我的專案\財富密碼\LOCAL-AI-STUDIO\_trainlib\diffusers\pipelines\stable_diffusion\clip_image_project_model.py","1094","2026/8/12 下午 05:44:55"
"C:\Users\TUF Gaming\Desktop\我的專案\財富密碼\LOCAL-AI-STUDIO\_trainlib\diffusers\pipelines\stable_diffusion\convert_from_ckpt.py","81645","2026/8/12 下午 05:44:55"
"C:\Users\TUF Gaming\Desktop\我的專案\財富密碼\LOCAL-AI-STUDIO\_trainlib\diffusers\pipelines\stable_diffusion\pipeline_flax_stable_diffusion.py","20594","2026/8/12 下午 05:44:55"
"C:\Users\TUF Gaming\Desktop\我的專案\財富密碼\LOCAL-AI-STUDIO\_trainlib\diffusers\pipelines\stable_diffusion\pipeline_flax_stable_diffusion_img2img.py","22386","2026/8/12 下午 05:44:55"
"C:\Users\TUF Gaming\Desktop\我的專案\財富密碼\LOCAL-AI-STUDIO\_trainlib\diffusers\pipelines\stable_diffusion\pipeline_flax_stable_diffusion_inpaint.py","25933","2026/8/12 下午 05:44:55"
"C:\Users\TUF Gaming\Desktop\我的專案\財富密碼\LOCAL-AI-STUDIO\_trainlib\diffusers\pipelines\stable_diffusion\pipeline_onnx_stable_diffusion.py","24348","2026/8/12 下午 05:44:55"
"C:\Users\TUF Gaming\Desktop\我的專案\財富密碼\LOCAL-AI-STUDIO\_trainlib\diffusers\pipelines\stable_diffusion\pipeline_onnx_stable_diffusion_img2img.py","28432","2026/8/12 下午 05:44:55"
"C:\Users\TUF Gaming\Desktop\我的專案\財富密碼\LOCAL-AI-STUDIO\_trainlib\diffusers\pipelines\stable_diffusion\pipeline_onnx_stable_diffusion_inpaint.py","29044","2026/8/12 下午 05:44:55"
"C:\Users\TUF Gaming\Desktop\我的專案\財富密碼\LOCAL-AI-STUDIO\_trainlib\diffusers\pipelines\stable_diffusion\pipeline_onnx_stable_diffusion_upscale.py","27835","2026/8/12 下午 05:44:55"
"C:\Users\TUF Gaming\Desktop\我的專案\財富密碼\LOCAL-AI-STUDIO\_trainlib\diffusers\pipelines\stable_diffusion\pipeline_output.py","1446","2026/8/12 下午 05:44:55"
"C:\Users\TUF Gaming\Desktop\我的專案\財富密碼\LOCAL-AI-STUDIO\_trainlib\diffusers\pipelines\stable_diffusion\pipeline_stable_diffusion.py","55717","2026/8/12 下午 05:44:55"
"C:\Users\TUF Gaming\Desktop\我的專案\財富密碼\LOCAL-AI-STUDIO\_trainlib\diffusers\pipelines\stable_diffusion\pipeline_stable_diffusion_depth2img.py","44393","2026/8/12 下午 05:44:55"
"C:\Users\TUF Gaming\Desktop\我的專案\財富密碼\LOCAL-AI-STUDIO\_trainlib\diffusers\pipelines\stable_diffusion\pipeline_stable_diffusion_image_variation.py","22665","2026/8/12 下午 05:44:55"
"C:\Users\TUF Gaming\Desktop\我的專案\財富密碼\LOCAL-AI-STUDIO\_trainlib\diffusers\pipelines\stable_diffusion\pipeline_stable_diffusion_img2img.py","59474","2026/8/12 下午 05:44:55"
"C:\Users\TUF Gaming\Desktop\我的專案\財富密碼\LOCAL-AI-STUDIO\_trainlib\diffusers\pipelines\stable_diffusion\pipeline_stable_diffusion_inpaint.py","70246","2026/8/12 下午 05:44:55"
"C:\Users\TUF Gaming\Desktop\我的專案\財富密碼\LOCAL-AI-STUDIO\_trainlib\diffusers\pipelines\stable_diffusion\pipeline_stable_diffusion_instruct_pix2pix.py","46206","2026/8/12 下午 05:44:55"
"C:\Users\TUF Gaming\Desktop\我的專案\財富密碼\LOCAL-AI-STUDIO\_trainlib\diffusers\pipelines\stable_diffusion\pipeline_stable_diffusion_latent_upscale.py","31785","2026/8/12 下午 05:44:55"
"C:\Users\TUF Gaming\Desktop\我的專案\財富密碼\LOCAL-AI-STUDIO\_trainlib\diffusers\pipelines\stable_diffusion\pipeline_stable_diffusion_upscale.py","39636","2026/8/12 下午 05:44:55"
"C:\Users\TUF Gaming\Desktop\我的專案\財富密碼\LOCAL-AI-STUDIO\_trainlib\diffusers\pipelines\stable_diffusion\pipeline_stable_unclip.py","45437","2026/8/12 下午 05:44:55"
"C:\Users\TUF Gaming\Desktop\我的專案\財富密碼\LOCAL-AI-STUDIO\_trainlib\diffusers\pipelines\stable_diffusion\pipeline_stable_unclip_img2img.py","40197","2026/8/12 下午 05:44:55"
"C:\Users\TUF Gaming\Desktop\我的專案\財富密碼\LOCAL-AI-STUDIO\_trainlib\diffusers\pipelines\stable_diffusion\safety_checker.py","5926","2026/8/12 下午 05:44:55"
"C:\Users\TUF Gaming\Desktop\我的專案\財富密碼\LOCAL-AI-STUDIO\_trainlib\diffusers\pipelines\stable_diffusion\safety_checker_flax.py","4437","2026/8/12 下午 05:44:55"
"C:\Users\TUF Gaming\Desktop\我的專案\財富密碼\LOCAL-AI-STUDIO\_trainlib\diffusers\pipelines\stable_diffusion\stable_unclip_image_normalizer.py","1842","2026/8/12 下午 05:44:55"
"C:\Users\TUF Gaming\Desktop\我的專案\財富密碼\LOCAL-AI-STUDIO\_trainlib\diffusers\pipelines\stable_diffusion\__init__.py","8455","2026/8/12 下午 05:44:55"
"C:\Users\TUF Gaming\Desktop\我的專案\財富密碼\LOCAL-AI-STUDIO\_trainlib\diffusers\pipelines\stable_diffusion\__pycache__\clip_image_project_model.cpython-313.pyc","1337","2026/8/12 下午 05:44:58"
"C:\Users\TUF Gaming\Desktop\我的專案\財富密碼\LOCAL-AI-STUDIO\_trainlib\diffusers\pipelines\stable_diffusion\__pycache__\convert_from_ckpt.cpython-313.pyc","71944","2026/8/12 下午 05:44:58"
"C:\Users\TUF Gaming\Desktop\我的專案\財富密碼\LOCAL-AI-STUDIO\_trainlib\diffusers\pipelines\stable_diffusion\__pycache__\pipeline_flax_stable_diffusion.cpython-313.pyc","20997","2026/8/12 下午 05:44:58"
"C:\Users\TUF Gaming\Desktop\我的專案\財富密碼\LOCAL-AI-STUDIO\_trainlib\diffusers\pipelines\stable_diffusion\__pycache__\pipeline_flax_stable_diffusion_img2img.cpython-313.pyc","23480","2026/8/12 下午 05:44:58"
"C:\Users\TUF Gaming\Desktop\我的專案\財富密碼\LOCAL-AI-STUDIO\_trainlib\diffusers\pipelines\stable_diffusion\__pycache__\pipeline_flax_stable_diffusion_inpaint.cpython-313.pyc","27784","2026/8/12 下午 05:44:58"
"C:\Users\TUF Gaming\Desktop\我的專案\財富密碼\LOCAL-AI-STUDIO\_trainlib\diffusers\pipelines\stable_diffusion\__pycache__\pipeline_onnx_stable_diffusion.cpython-313.pyc","22575","2026/8/12 下午 05:44:58"
"C:\Users\TUF Gaming\Desktop\我的專案\財富密碼\LOCAL-AI-STUDIO\_trainlib\diffusers\pipelines\stable_diffusion\__pycache__\pipeline_onnx_stable_diffusion_img2img.cpython-313.pyc","27607","2026/8/12 下午 05:44:58"
"C:\Users\TUF Gaming\Desktop\我的專案\財富密碼\LOCAL-AI-STUDIO\_trainlib\diffusers\pipelines\stable_diffusion\__pycache__\pipeline_onnx_stable_diffusion_inpaint.cpython-313.pyc","27285","2026/8/12 下午 05:44:58"
"C:\Users\TUF Gaming\Desktop\我的專案\財富密碼\LOCAL-AI-STUDIO\_trainlib\diffusers\pipelines\stable_diffusion\__pycache__\pipeline_onnx_stable_diffusion_upscale.cpython-313.pyc","27467","2026/8/12 下午 05:44:58"
"C:\Users\TUF Gaming\Desktop\我的專案\財富密碼\LOCAL-AI-STUDIO\_trainlib\diffusers\pipelines\stable_diffusion\__pycache__\pipeline_output.cpython-313.pyc","2246","2026/8/12 下午 05:44:58"
"C:\Users\TUF Gaming\Desktop\我的專案\財富密碼\LOCAL-AI-STUDIO\_trainlib\diffusers\pipelines\stable_diffusion\__pycache__\pipeline_stable_diffusion.cpython-313.pyc","52147","2026/8/12 下午 05:44:58"
"C:\Users\TUF Gaming\Desktop\我的專案\財富密碼\LOCAL-AI-STUDIO\_trainlib\diffusers\pipelines\stable_diffusion\__pycache__\pipeline_stable_diffusion_depth2img.cpython-313.pyc","42445","2026/8/12 下午 05:44:58"
"C:\Users\TUF Gaming\Desktop\我的專案\財富密碼\LOCAL-AI-STUDIO\_trainlib\diffusers\pipelines\stable_diffusion\__pycache__\pipeline_stable_diffusion_image_variation.cpython-313.pyc","22285","2026/8/12 下午 05:44:58"
"C:\Users\TUF Gaming\Desktop\我的專案\財富密碼\LOCAL-AI-STUDIO\_trainlib\diffusers\pipelines\stable_diffusion\__pycache__\pipeline_stable_diffusion_img2img.cpython-313.pyc","56536","2026/8/12 下午 05:44:58"
"C:\Users\TUF Gaming\Desktop\我的專案\財富密碼\LOCAL-AI-STUDIO\_trainlib\diffusers\pipelines\stable_diffusion\__pycache__\pipeline_stable_diffusion_inpaint.cpython-313.pyc","63582","2026/8/12 下午 05:44:58"
"C:\Users\TUF Gaming\Desktop\我的專案\財富密碼\LOCAL-AI-STUDIO\_trainlib\diffusers\pipelines\stable_diffusion\__pycache__\pipeline_stable_diffusion_instruct_pix2pix.cpython-313.pyc","42986","2026/8/12 下午 05:44:58"
"C:\Users\TUF Gaming\Desktop\我的專案\財富密碼\LOCAL-AI-STUDIO\_trainlib\diffusers\pipelines\stable_diffusion\__pycache__\pipeline_stable_diffusion_latent_upscale.cpython-313.pyc","29884","2026/8/12 下午 05:44:58"
"C:\Users\TUF Gaming\Desktop\我的專案\財富密碼\LOCAL-AI-STUDIO\_trainlib\diffusers\pipelines\stable_diffusion\__pycache__\pipeline_stable_diffusion_upscale.cpython-313.pyc","36338","2026/8/12 下午 05:44:58"
"C:\Users\TUF Gaming\Desktop\我的專案\財富密碼\LOCAL-AI-STUDIO\_trainlib\diffusers\pipelines\stable_diffusion\__pycache__\pipeline_stable_unclip.cpython-313.pyc","37385","2026/8/12 下午 05:44:58"
"C:\Users\TUF Gaming\Desktop\我的專案\財富密碼\LOCAL-AI-STUDIO\_trainlib\diffusers\pipelines\stable_diffusion\__pycache__\pipeline_stable_unclip_img2img.cpython-313.pyc","34004","2026/8/12 下午 05:44:58"
"C:\Users\TUF Gaming\Desktop\我的專案\財富密碼\LOCAL-AI-STUDIO\_trainlib\diffusers\pipelines\stable_diffusion\__pycache__\safety_checker.cpython-313.pyc","6959","2026/8/12 下午 05:44:58"
"C:\Users\TUF Gaming\Desktop\我的專案\財富密碼\LOCAL-AI-STUDIO\_trainlib\diffusers\pipelines\stable_diffusion\__pycache__\safety_checker_flax.cpython-313.pyc","6559","2026/8/12 下午 05:44:58"
"C:\Users\TUF Gaming\Desktop\我的專案\財富密碼\LOCAL-AI-STUDIO\_trainlib\diffusers\pipelines\stable_diffusion\__pycache__\stable_unclip_image_normalizer.cpython-313.pyc","2727","2026/8/12 下午 05:44:58"
"C:\Users\TUF Gaming\Desktop\我的專案\財富密碼\LOCAL-AI-STUDIO\_trainlib\diffusers\pipelines\stable_diffusion\__pycache__\__init__.cpython-313.pyc","6729","2026/8/12 下午 05:44:58"
"C:\Users\TUF Gaming\Desktop\我的專案\財富密碼\LOCAL-AI-STUDIO\_trainlib\diffusers\pipelines\stable_diffusion_3\pipeline_output.py","573","2026/8/12 下午 05:44:55"
"C:\Users\TUF Gaming\Desktop\我的專案\財富密碼\LOCAL-AI-STUDIO\_trainlib\diffusers\pipelines\stable_diffusion_3\pipeline_stable_diffusion_3.py","56978","2026/8/12 下午 05:44:55"
"C:\Users\TUF Gaming\Desktop\我的專案\財富密碼\LOCAL-AI-STUDIO\_trainlib\diffusers\pipelines\stable_diffusion_3\pipeline_stable_diffusion_3_img2img.py","59148","2026/8/12 下午 05:44:55"
"C:\Users\TUF Gaming\Desktop\我的專案\財富密碼\LOCAL-AI-STUDIO\_trainlib\diffusers\pipelines\stable_diffusion_3\pipeline_stable_diffusion_3_inpaint.py","69919","2026/8/12 下午 05:44:55"
"C:\Users\TUF Gaming\Desktop\我的專案\財富密碼\LOCAL-AI-STUDIO\_trainlib\diffusers\pipelines\stable_diffusion_3\__init__.py","1922","2026/8/12 下午 05:44:55"
"C:\Users\TUF Gaming\Desktop\我的專案\財富密碼\LOCAL-AI-STUDIO\_trainlib\diffusers\pipelines\stable_diffusion_3\__pycache__\pipeline_output.cpython-313.pyc","1163","2026/8/12 下午 05:44:58"
"C:\Users\TUF Gaming\Desktop\我的專案\財富密碼\LOCAL-AI-STUDIO\_trainlib\diffusers\pipelines\stable_diffusion_3\__pycache__\pipeline_stable_diffusion_3.cpython-313.pyc","52120","2026/8/12 下午 05:44:58"
"C:\Users\TUF Gaming\Desktop\我的專案\財富密碼\LOCAL-AI-STUDIO\_trainlib\diffusers\pipelines\stable_diffusion_3\__pycache__\pipeline_stable_diffusion_3_img2img.cpython-313.pyc","55188","2026/8/12 下午 05:44:58"
"C:\Users\TUF Gaming\Desktop\我的專案\財富密碼\LOCAL-AI-STUDIO\_trainlib\diffusers\pipelines\stable_diffusion_3\__pycache__\pipeline_stable_diffusion_3_inpaint.cpython-313.pyc","63511","2026/8/12 下午 05:44:58"
"C:\Users\TUF Gaming\Desktop\我的專案\財富密碼\LOCAL-AI-STUDIO\_trainlib\diffusers\pipelines\stable_diffusion_3\__pycache__\__init__.cpython-313.pyc","2115","2026/8/12 下午 05:44:58"
"C:\Users\TUF Gaming\Desktop\我的專案\財富密碼\LOCAL-AI-STUDIO\_trainlib\diffusers\pipelines\stable_diffusion_xl\pipeline_flax_stable_diffusion_xl.py","11207","2026/8/12 下午 05:44:55"
"C:\Users\TUF Gaming\Desktop\我的專案\財富密碼\LOCAL-AI-STUDIO\_trainlib\diffusers\pipelines\stable_diffusion_xl\pipeline_output.py","1000","2026/8/12 下午 05:44:55"
"C:\Users\TUF Gaming\Desktop\我的專案\財富密碼\LOCAL-AI-STUDIO\_trainlib\diffusers\pipelines\stable_diffusion_xl\pipeline_stable_diffusion_xl.py","68003","2026/8/12 下午 05:44:55"
"C:\Users\TUF Gaming\Desktop\我的專案\財富密碼\LOCAL-AI-STUDIO\_trainlib\diffusers\pipelines\stable_diffusion_xl\pipeline_stable_diffusion_xl_img2img.py","78363","2026/8/12 下午 05:44:55"
"C:\Users\TUF Gaming\Desktop\我的專案\財富密碼\LOCAL-AI-STUDIO\_trainlib\diffusers\pipelines\stable_diffusion_xl\pipeline_stable_diffusion_xl_inpaint.py","90459","2026/8/12 下午 05:44:55"
"C:\Users\TUF Gaming\Desktop\我的專案\財富密碼\LOCAL-AI-STUDIO\_trainlib\diffusers\pipelines\stable_diffusion_xl\pipeline_stable_diffusion_xl_instruct_pix2pix.py","51542","2026/8/12 下午 05:44:55"
"C:\Users\TUF Gaming\Desktop\我的專案\財富密碼\LOCAL-AI-STUDIO\_trainlib\diffusers\pipelines\stable_diffusion_xl\watermark.py","1458","2026/8/12 下午 05:44:55"
"C:\Users\TUF Gaming\Desktop\我的專案\財富密碼\LOCAL-AI-STUDIO\_trainlib\diffusers\pipelines\stable_diffusion_xl\__init__.py","2980","2026/8/12 下午 05:44:55"
"C:\Users\TUF Gaming\Desktop\我的專案\財富密碼\LOCAL-AI-STUDIO\_trainlib\diffusers\pipelines\stable_diffusion_xl\__pycache__\pipeline_flax_stable_diffusion_xl.cpython-313.pyc","11373","2026/8/12 下午 05:44:58"
"C:\Users\TUF Gaming\Desktop\我的專案\財富密碼\LOCAL-AI-STUDIO\_trainlib\diffusers\pipelines\stable_diffusion_xl\__pycache__\pipeline_output.cpython-313.pyc","1816","2026/8/12 下午 05:44:58"
"C:\Users\TUF Gaming\Desktop\我的專案\財富密碼\LOCAL-AI-STUDIO\_trainlib\diffusers\pipelines\stable_diffusion_xl\__pycache__\pipeline_stable_diffusion_xl.cpython-313.pyc","62570","2026/8/12 下午 05:44:58"
"C:\Users\TUF Gaming\Desktop\我的專案\財富密碼\LOCAL-AI-STUDIO\_trainlib\diffusers\pipelines\stable_diffusion_xl\__pycache__\pipeline_stable_diffusion_xl_img2img.cpython-313.pyc","72651","2026/8/12 下午 05:44:58"
"C:\Users\TUF Gaming\Desktop\我的專案\財富密碼\LOCAL-AI-STUDIO\_trainlib\diffusers\pipelines\stable_diffusion_xl\__pycache__\pipeline_stable_diffusion_xl_inpaint.cpython-313.pyc","82691","2026/8/12 下午 05:44:58"
"C:\Users\TUF Gaming\Desktop\我的專案\財富密碼\LOCAL-AI-STUDIO\_trainlib\diffusers\pipelines\stable_diffusion_xl\__pycache__\pipeline_stable_diffusion_xl_instruct_pix2pix.cpython-313.pyc","47597","2026/8/12 下午 05:44:58"
"C:\Users\TUF Gaming\Desktop\我的專案\財富密碼\LOCAL-AI-STUDIO\_trainlib\diffusers\pipelines\stable_diffusion_xl\__pycache__\watermark.cpython-313.pyc","2411","2026/8/12 下午 05:44:58"
"C:\Users\TUF Gaming\Desktop\我的專案\財富密碼\LOCAL-AI-STUDIO\_trainlib\diffusers\pipelines\stable_diffusion_xl\__pycache__\__init__.cpython-313.pyc","2936","2026/8/12 下午 05:44:58"
"C:\Users\TUF Gaming\Desktop\我的專案\財富密碼\LOCAL-AI-STUDIO\_trainlib\diffusers\pipelines\stable_video_diffusion\pipeline_stable_video_diffusion.py","32658","2026/8/12 下午 05:44:55"
"C:\Users\TUF Gaming\Desktop\我的專案\財富密碼\LOCAL-AI-STUDIO\_trainlib\diffusers\pipelines\stable_video_diffusion\__init__.py","1551","2026/8/12 下午 05:44:55"
"C:\Users\TUF Gaming\Desktop\我的專案\財富密碼\LOCAL-AI-STUDIO\_trainlib\diffusers\pipelines\stable_video_diffusion\__pycache__\pipeline_stable_video_diffusion.cpython-313.pyc","33960","2026/8/12 下午 05:44:58"
"C:\Users\TUF Gaming\Desktop\我的專案\財富密碼\LOCAL-AI-STUDIO\_trainlib\diffusers\pipelines\stable_video_diffusion\__pycache__\__init__.cpython-313.pyc","1726","2026/8/12 下午 05:44:58"
"C:\Users\TUF Gaming\Desktop\我的專案\財富密碼\LOCAL-AI-STUDIO\_trainlib\diffusers\pipelines\t2i_adapter\pipeline_stable_diffusion_adapter.py","47739","2026/8/12 下午 05:44:55"
"C:\Users\TUF Gaming\Desktop\我的專案\財富密碼\LOCAL-AI-STUDIO\_trainlib\diffusers\pipelines\t2i_adapter\pipeline_stable_diffusion_xl_adapter.py","68956","2026/8/12 下午 05:44:55"
"C:\Users\TUF Gaming\Desktop\我的專案\財富密碼\LOCAL-AI-STUDIO\_trainlib\diffusers\pipelines\t2i_adapter\__init__.py","1556","2026/8/12 下午 05:44:55"
"C:\Users\TUF Gaming\Desktop\我的專案\財富密碼\LOCAL-AI-STUDIO\_trainlib\diffusers\pipelines\t2i_adapter\__pycache__\pipeline_stable_diffusion_adapter.cpython-313.pyc","45628","2026/8/12 下午 05:44:58"
"C:\Users\TUF Gaming\Desktop\我的專案\財富密碼\LOCAL-AI-STUDIO\_trainlib\diffusers\pipelines\t2i_adapter\__pycache__\pipeline_stable_diffusion_xl_adapter.cpython-313.pyc","63222","2026/8/12 下午 05:44:58"
"C:\Users\TUF Gaming\Desktop\我的專案\財富密碼\LOCAL-AI-STUDIO\_trainlib\diffusers\pipelines\t2i_adapter\__pycache__\__init__.cpython-313.pyc","1722","2026/8/12 下午 05:44:58"
"C:\Users\TUF Gaming\Desktop\我的專案\財富密碼\LOCAL-AI-STUDIO\_trainlib\diffusers\pipelines\visualcloze\pipeline_visualcloze_combined.py","23893","2026/8/12 下午 05:44:55"
"C:\Users\TUF Gaming\Desktop\我的專案\財富密碼\LOCAL-AI-STUDIO\_trainlib\diffusers\pipelines\visualcloze\pipeline_visualcloze_generation.py","46442","2026/8/12 下午 05:44:55"
"C:\Users\TUF Gaming\Desktop\我的專案\財富密碼\LOCAL-AI-STUDIO\_trainlib\diffusers\pipelines\visualcloze\visualcloze_utils.py","10787","2026/8/12 下午 05:44:55"
"C:\Users\TUF Gaming\Desktop\我的專案\財富密碼\LOCAL-AI-STUDIO\_trainlib\diffusers\pipelines\visualcloze\__init__.py","1502","2026/8/12 下午 05:44:55"
"C:\Users\TUF Gaming\Desktop\我的專案\財富密碼\LOCAL-AI-STUDIO\_trainlib\diffusers\pipelines\visualcloze\__pycache__\pipeline_visualcloze_combined.cpython-313.pyc","22218","2026/8/12 下午 05:44:58"
"C:\Users\TUF Gaming\Desktop\我的專案\財富密碼\LOCAL-AI-STUDIO\_trainlib\diffusers\pipelines\visualcloze\__pycache__\pipeline_visualcloze_generation.cpython-313.pyc","47110","2026/8/12 下午 05:44:58"
"C:\Users\TUF Gaming\Desktop\我的專案\財富密碼\LOCAL-AI-STUDIO\_trainlib\diffusers\pipelines\visualcloze\__pycache__\visualcloze_utils.cpython-313.pyc","11770","2026/8/12 下午 05:44:58"
"C:\Users\TUF Gaming\Desktop\我的專案\財富密碼\LOCAL-AI-STUDIO\_trainlib\diffusers\pipelines\visualcloze\__pycache__\__init__.cpython-313.pyc","1701","2026/8/12 下午 05:44:58"
"C:\Users\TUF Gaming\Desktop\我的專案\財富密碼\LOCAL-AI-STUDIO\_trainlib\diffusers\pipelines\wan\image_processor.py","8334","2026/8/12 下午 05:44:55"
"C:\Users\TUF Gaming\Desktop\我的專案\財富密碼\LOCAL-AI-STUDIO\_trainlib\diffusers\pipelines\wan\pipeline_output.py","605","2026/8/12 下午 05:44:55"
"C:\Users\TUF Gaming\Desktop\我的專案\財富密碼\LOCAL-AI-STUDIO\_trainlib\diffusers\pipelines\wan\pipeline_wan.py","32040","2026/8/12 下午 05:44:55"
"C:\Users\TUF Gaming\Desktop\我的專案\財富密碼\LOCAL-AI-STUDIO\_trainlib\diffusers\pipelines\wan\pipeline_wan_animate.py","58872","2026/8/12 下午 05:44:55"
"C:\Users\TUF Gaming\Desktop\我的專案\財富密碼\LOCAL-AI-STUDIO\_trainlib\diffusers\pipelines\wan\pipeline_wan_i2v.py","40456","2026/8/12 下午 05:44:55"
"C:\Users\TUF Gaming\Desktop\我的專案\財富密碼\LOCAL-AI-STUDIO\_trainlib\diffusers\pipelines\wan\pipeline_wan_vace.py","52381","2026/8/12 下午 05:44:55"
"C:\Users\TUF Gaming\Desktop\我的專案\財富密碼\LOCAL-AI-STUDIO\_trainlib\diffusers\pipelines\wan\pipeline_wan_video2video.py","34397","2026/8/12 下午 05:44:55"
"C:\Users\TUF Gaming\Desktop\我的專案\財富密碼\LOCAL-AI-STUDIO\_trainlib\diffusers\pipelines\wan\__init__.py","1808","2026/8/12 下午 05:44:55"
"C:\Users\TUF Gaming\Desktop\我的專案\財富密碼\LOCAL-AI-STUDIO\_trainlib\diffusers\pipelines\wan\__pycache__\image_processor.cpython-313.pyc","9079","2026/8/12 下午 05:44:58"
"C:\Users\TUF Gaming\Desktop\我的專案\財富密碼\LOCAL-AI-STUDIO\_trainlib\diffusers\pipelines\wan\__pycache__\pipeline_output.cpython-313.pyc","1098","2026/8/12 下午 05:44:58"
"C:\Users\TUF Gaming\Desktop\我的專案\財富密碼\LOCAL-AI-STUDIO\_trainlib\diffusers\pipelines\wan\__pycache__\pipeline_wan.cpython-313.pyc","32416","2026/8/12 下午 05:44:58"
"C:\Users\TUF Gaming\Desktop\我的專案\財富密碼\LOCAL-AI-STUDIO\_trainlib\diffusers\pipelines\wan\__pycache__\pipeline_wan_animate.cpython-313.pyc","56131","2026/8/12 下午 05:44:58"
"C:\Users\TUF Gaming\Desktop\我的專案\財富密碼\LOCAL-AI-STUDIO\_trainlib\diffusers\pipelines\wan\__pycache__\pipeline_wan_i2v.cpython-313.pyc","41212","2026/8/12 下午 05:44:58"
"C:\Users\TUF Gaming\Desktop\我的專案\財富密碼\LOCAL-AI-STUDIO\_trainlib\diffusers\pipelines\wan\__pycache__\pipeline_wan_vace.cpython-313.pyc","54060","2026/8/12 下午 05:44:58"
"C:\Users\TUF Gaming\Desktop\我的專案\財富密碼\LOCAL-AI-STUDIO\_trainlib\diffusers\pipelines\wan\__pycache__\pipeline_wan_video2video.cpython-313.pyc","35647","2026/8/12 下午 05:44:58"
"C:\Users\TUF Gaming\Desktop\我的專案\財富密碼\LOCAL-AI-STUDIO\_trainlib\diffusers\pipelines\wan\__pycache__\__init__.cpython-313.pyc","1946","2026/8/12 下午 05:44:58"
"C:\Users\TUF Gaming\Desktop\我的專案\財富密碼\LOCAL-AI-STUDIO\_trainlib\diffusers\pipelines\z_image\pipeline_output.py","1192","2026/8/12 下午 05:44:55"
"C:\Users\TUF Gaming\Desktop\我的專案\財富密碼\LOCAL-AI-STUDIO\_trainlib\diffusers\pipelines\z_image\pipeline_z_image.py","26720","2026/8/12 下午 05:44:55"
"C:\Users\TUF Gaming\Desktop\我的專案\財富密碼\LOCAL-AI-STUDIO\_trainlib\diffusers\pipelines\z_image\pipeline_z_image_controlnet.py","33091","2026/8/12 下午 05:44:55"
"C:\Users\TUF Gaming\Desktop\我的專案\財富密碼\LOCAL-AI-STUDIO\_trainlib\diffusers\pipelines\z_image\pipeline_z_image_controlnet_inpaint.py","35068","2026/8/12 下午 05:44:55"
"C:\Users\TUF Gaming\Desktop\我的專案\財富密碼\LOCAL-AI-STUDIO\_trainlib\diffusers\pipelines\z_image\pipeline_z_image_img2img.py","32725","2026/8/12 下午 05:44:55"
"C:\Users\TUF Gaming\Desktop\我的專案\財富密碼\LOCAL-AI-STUDIO\_trainlib\diffusers\pipelines\z_image\pipeline_z_image_inpaint.py","43123","2026/8/12 下午 05:44:55"
"C:\Users\TUF Gaming\Desktop\我的專案\財富密碼\LOCAL-AI-STUDIO\_trainlib\diffusers\pipelines\z_image\pipeline_z_image_omni.py","34111","2026/8/12 下午 05:44:55"
"C:\Users\TUF Gaming\Desktop\我的專案\財富密碼\LOCAL-AI-STUDIO\_trainlib\diffusers\pipelines\z_image\__init__.py","2186","2026/8/12 下午 05:44:55"
"C:\Users\TUF Gaming\Desktop\我的專案\財富密碼\LOCAL-AI-STUDIO\_trainlib\diffusers\pipelines\z_image\__pycache__\pipeline_output.cpython-313.pyc","1138","2026/8/12 下午 05:44:58"
"C:\Users\TUF Gaming\Desktop\我的專案\財富密碼\LOCAL-AI-STUDIO\_trainlib\diffusers\pipelines\z_image\__pycache__\pipeline_z_image.cpython-313.pyc","26588","2026/8/12 下午 05:44:58"
"C:\Users\TUF Gaming\Desktop\我的專案\財富密碼\LOCAL-AI-STUDIO\_trainlib\diffusers\pipelines\z_image\__pycache__\pipeline_z_image_controlnet.cpython-313.pyc","32510","2026/8/12 下午 05:44:58"
"C:\Users\TUF Gaming\Desktop\我的專案\財富密碼\LOCAL-AI-STUDIO\_trainlib\diffusers\pipelines\z_image\__pycache__\pipeline_z_image_controlnet_inpaint.cpython-313.pyc","34660","2026/8/12 下午 05:44:58"
"C:\Users\TUF Gaming\Desktop\我的專案\財富密碼\LOCAL-AI-STUDIO\_trainlib\diffusers\pipelines\z_image\__pycache__\pipeline_z_image_img2img.cpython-313.pyc","32102","2026/8/12 下午 05:44:58"
"C:\Users\TUF Gaming\Desktop\我的專案\財富密碼\LOCAL-AI-STUDIO\_trainlib\diffusers\pipelines\z_image\__pycache__\pipeline_z_image_inpaint.cpython-313.pyc","41150","2026/8/12 下午 05:44:58"
"C:\Users\TUF Gaming\Desktop\我的專案\財富密碼\LOCAL-AI-STUDIO\_trainlib\diffusers\pipelines\z_image\__pycache__\pipeline_z_image_omni.cpython-313.pyc","34074","2026/8/12 下午 05:44:58"
"C:\Users\TUF Gaming\Desktop\我的專案\財富密碼\LOCAL-AI-STUDIO\_trainlib\diffusers\pipelines\z_image\__pycache__\__init__.cpython-313.pyc","2212","2026/8/12 下午 05:44:58"
"C:\Users\TUF Gaming\Desktop\我的專案\財富密碼\LOCAL-AI-STUDIO\_trainlib\diffusers\pipelines\__pycache__\auto_pipeline.cpython-313.pyc","66090","2026/8/12 下午 05:44:56"
"C:\Users\TUF Gaming\Desktop\我的專案\財富密碼\LOCAL-AI-STUDIO\_trainlib\diffusers\pipelines\__pycache__\free_init_utils.cpython-313.pyc","8577","2026/8/12 下午 05:44:57"
"C:\Users\TUF Gaming\Desktop\我的專案\財富密碼\LOCAL-AI-STUDIO\_trainlib\diffusers\pipelines\__pycache__\free_noise_utils.cpython-313.pyc","30607","2026/8/12 下午 05:44:57"
"C:\Users\TUF Gaming\Desktop\我的專案\財富密碼\LOCAL-AI-STUDIO\_trainlib\diffusers\pipelines\__pycache__\onnx_utils.cpython-313.pyc","9312","2026/8/12 下午 05:44:58"
"C:\Users\TUF Gaming\Desktop\我的專案\財富密碼\LOCAL-AI-STUDIO\_trainlib\diffusers\pipelines\__pycache__\pipeline_flax_utils.cpython-313.pyc","25249","2026/8/12 下午 05:44:58"
"C:\Users\TUF Gaming\Desktop\我的專案\財富密碼\LOCAL-AI-STUDIO\_trainlib\diffusers\pipelines\__pycache__\pipeline_loading_utils.cpython-313.pyc","49475","2026/8/12 下午 05:44:58"
"C:\Users\TUF Gaming\Desktop\我的專案\財富密碼\LOCAL-AI-STUDIO\_trainlib\diffusers\pipelines\__pycache__\pipeline_utils.cpython-313.pyc","114551","2026/8/12 下午 05:44:58"
"C:\Users\TUF Gaming\Desktop\我的專案\財富密碼\LOCAL-AI-STUDIO\_trainlib\diffusers\pipelines\__pycache__\transformers_loading_utils.cpython-313.pyc","6355","2026/8/12 下午 05:44:58"
"C:\Users\TUF Gaming\Desktop\我的專案\財富密碼\LOCAL-AI-STUDIO\_trainlib\diffusers\pipelines\__pycache__\__init__.cpython-313.pyc","27232","2026/8/12 下午 05:44:56"
"C:\Users\TUF Gaming\Desktop\我的專案\財富密碼\LOCAL-AI-STUDIO\_trainlib\diffusers\quantizers\auto.py","6967","2026/8/12 下午 05:44:55"
"C:\Users\TUF Gaming\Desktop\我的專案\財富密碼\LOCAL-AI-STUDIO\_trainlib\diffusers\quantizers\base.py","10933","2026/8/12 下午 05:44:55"
"C:\Users\TUF Gaming\Desktop\我的專案\財富密碼\LOCAL-AI-STUDIO\_trainlib\diffusers\quantizers\pipe_quant_config.py","9423","2026/8/12 下午 05:44:55"
"C:\Users\TUF Gaming\Desktop\我的專案\財富密碼\LOCAL-AI-STUDIO\_trainlib\diffusers\quantizers\quantization_config.py","36270","2026/8/12 下午 05:44:55"
"C:\Users\TUF Gaming\Desktop\我的專案\財富密碼\LOCAL-AI-STUDIO\_trainlib\diffusers\quantizers\__init__.py","744","2026/8/12 下午 05:44:55"
"C:\Users\TUF Gaming\Desktop\我的專案\財富密碼\LOCAL-AI-STUDIO\_trainlib\diffusers\quantizers\autoround\autoround_quantizer.py","4926","2026/8/12 下午 05:44:55"
"C:\Users\TUF Gaming\Desktop\我的專案\財富密碼\LOCAL-AI-STUDIO\_trainlib\diffusers\quantizers\autoround\__init__.py","52","2026/8/12 下午 05:44:55"
"C:\Users\TUF Gaming\Desktop\我的專案\財富密碼\LOCAL-AI-STUDIO\_trainlib\diffusers\quantizers\autoround\__pycache__\autoround_quantizer.cpython-313.pyc","5294","2026/8/12 下午 05:44:58"
"C:\Users\TUF Gaming\Desktop\我的專案\財富密碼\LOCAL-AI-STUDIO\_trainlib\diffusers\quantizers\autoround\__pycache__\__init__.cpython-313.pyc","274","2026/8/12 下午 05:44:58"
"C:\Users\TUF Gaming\Desktop\我的專案\財富密碼\LOCAL-AI-STUDIO\_trainlib\diffusers\quantizers\bitsandbytes\bnb_quantizer.py","26401","2026/8/12 下午 05:44:55"
"C:\Users\TUF Gaming\Desktop\我的專案\財富密碼\LOCAL-AI-STUDIO\_trainlib\diffusers\quantizers\bitsandbytes\utils.py","13659","2026/8/12 下午 05:44:55"
"C:\Users\TUF Gaming\Desktop\我的專案\財富密碼\LOCAL-AI-STUDIO\_trainlib\diffusers\quantizers\bitsandbytes\__init__.py","170","2026/8/12 下午 05:44:55"
"C:\Users\TUF Gaming\Desktop\我的專案\財富密碼\LOCAL-AI-STUDIO\_trainlib\diffusers\quantizers\bitsandbytes\__pycache__\bnb_quantizer.cpython-313.pyc","25263","2026/8/12 下午 05:44:58"
"C:\Users\TUF Gaming\Desktop\我的專案\財富密碼\LOCAL-AI-STUDIO\_trainlib\diffusers\quantizers\bitsandbytes\__pycache__\utils.cpython-313.pyc","13994","2026/8/12 下午 05:44:58"
"C:\Users\TUF Gaming\Desktop\我的專案\財富密碼\LOCAL-AI-STUDIO\_trainlib\diffusers\quantizers\bitsandbytes\__pycache__\__init__.cpython-313.pyc","436","2026/8/12 下午 05:44:58"
"C:\Users\TUF Gaming\Desktop\我的專案\財富密碼\LOCAL-AI-STUDIO\_trainlib\diffusers\quantizers\gguf\gguf_quantizer.py","7184","2026/8/12 下午 05:44:55"
"C:\Users\TUF Gaming\Desktop\我的專案\財富密碼\LOCAL-AI-STUDIO\_trainlib\diffusers\quantizers\gguf\utils.py","22553","2026/8/12 下午 05:44:55"
"C:\Users\TUF Gaming\Desktop\我的專案\財富密碼\LOCAL-AI-STUDIO\_trainlib\diffusers\quantizers\gguf\__init__.py","42","2026/8/12 下午 05:44:55"
"C:\Users\TUF Gaming\Desktop\我的專案\財富密碼\LOCAL-AI-STUDIO\_trainlib\diffusers\quantizers\gguf\__pycache__\gguf_quantizer.cpython-313.pyc","9759","2026/8/12 下午 05:44:58"
"C:\Users\TUF Gaming\Desktop\我的專案\財富密碼\LOCAL-AI-STUDIO\_trainlib\diffusers\quantizers\gguf\__pycache__\utils.cpython-313.pyc","34505","2026/8/12 下午 05:44:58"
"C:\Users\TUF Gaming\Desktop\我的專案\財富密碼\LOCAL-AI-STUDIO\_trainlib\diffusers\quantizers\gguf\__pycache__\__init__.cpython-313.pyc","259","2026/8/12 下午 05:44:58"
"C:\Users\TUF Gaming\Desktop\我的專案\財富密碼\LOCAL-AI-STUDIO\_trainlib\diffusers\quantizers\modelopt\modelopt_quantizer.py","6750","2026/8/12 下午 05:44:55"
"C:\Users\TUF Gaming\Desktop\我的專案\財富密碼\LOCAL-AI-STUDIO\_trainlib\diffusers\quantizers\modelopt\__init__.py","56","2026/8/12 下午 05:44:55"
"C:\Users\TUF Gaming\Desktop\我的專案\財富密碼\LOCAL-AI-STUDIO\_trainlib\diffusers\quantizers\modelopt\__pycache__\modelopt_quantizer.cpython-313.pyc","9099","2026/8/12 下午 05:44:58"
"C:\Users\TUF Gaming\Desktop\我的專案\財富密碼\LOCAL-AI-STUDIO\_trainlib\diffusers\quantizers\modelopt\__pycache__\__init__.cpython-313.pyc","277","2026/8/12 下午 05:44:58"
"C:\Users\TUF Gaming\Desktop\我的專案\財富密碼\LOCAL-AI-STUDIO\_trainlib\diffusers\quantizers\quanto\quanto_quantizer.py","6493","2026/8/12 下午 05:44:55"
"C:\Users\TUF Gaming\Desktop\我的專案\財富密碼\LOCAL-AI-STUDIO\_trainlib\diffusers\quantizers\quanto\utils.py","2448","2026/8/12 下午 05:44:55"
"C:\Users\TUF Gaming\Desktop\我的專案\財富密碼\LOCAL-AI-STUDIO\_trainlib\diffusers\quantizers\quanto\__init__.py","46","2026/8/12 下午 05:44:55"
"C:\Users\TUF Gaming\Desktop\我的專案\財富密碼\LOCAL-AI-STUDIO\_trainlib\diffusers\quantizers\quanto\__pycache__\quanto_quantizer.cpython-313.pyc","8921","2026/8/12 下午 05:44:58"
"C:\Users\TUF Gaming\Desktop\我的專案\財富密碼\LOCAL-AI-STUDIO\_trainlib\diffusers\quantizers\quanto\__pycache__\utils.cpython-313.pyc","3365","2026/8/12 下午 05:44:58"
"C:\Users\TUF Gaming\Desktop\我的專案\財富密碼\LOCAL-AI-STUDIO\_trainlib\diffusers\quantizers\quanto\__pycache__\__init__.cpython-313.pyc","265","2026/8/12 下午 05:44:58"
"C:\Users\TUF Gaming\Desktop\我的專案\財富密碼\LOCAL-AI-STUDIO\_trainlib\diffusers\quantizers\torchao\torchao_quantizer.py","19417","2026/8/12 下午 05:44:55"
"C:\Users\TUF Gaming\Desktop\我的專案\財富密碼\LOCAL-AI-STUDIO\_trainlib\diffusers\quantizers\torchao\__init__.py","662","2026/8/12 下午 05:44:55"
"C:\Users\TUF Gaming\Desktop\我的專案\財富密碼\LOCAL-AI-STUDIO\_trainlib\diffusers\quantizers\torchao\__pycache__\torchao_quantizer.cpython-313.pyc","23096","2026/8/12 下午 05:44:58"
"C:\Users\TUF Gaming\Desktop\我的專案\財富密碼\LOCAL-AI-STUDIO\_trainlib\diffusers\quantizers\torchao\__pycache__\__init__.cpython-313.pyc","272","2026/8/12 下午 05:44:58"
"C:\Users\TUF Gaming\Desktop\我的專案\財富密碼\LOCAL-AI-STUDIO\_trainlib\diffusers\quantizers\__pycache__\auto.cpython-313.pyc","6105","2026/8/12 下午 05:44:58"
"C:\Users\TUF Gaming\Desktop\我的專案\財富密碼\LOCAL-AI-STUDIO\_trainlib\diffusers\quantizers\__pycache__\base.cpython-313.pyc","13083","2026/8/12 下午 05:44:58"
"C:\Users\TUF Gaming\Desktop\我的專案\財富密碼\LOCAL-AI-STUDIO\_trainlib\diffusers\quantizers\__pycache__\pipe_quant_config.cpython-313.pyc","9831","2026/8/12 下午 05:44:58"
"C:\Users\TUF Gaming\Desktop\我的專案\財富密碼\LOCAL-AI-STUDIO\_trainlib\diffusers\quantizers\__pycache__\quantization_config.cpython-313.pyc","39381","2026/8/12 下午 05:44:58"
"C:\Users\TUF Gaming\Desktop\我的專案\財富密碼\LOCAL-AI-STUDIO\_trainlib\diffusers\quantizers\__pycache__\__init__.cpython-313.pyc","372","2026/8/12 下午 05:44:58"
"C:\Users\TUF Gaming\Desktop\我的專案\財富密碼\LOCAL-AI-STUDIO\_trainlib\diffusers\schedulers\scheduling_amused.py","9712","2026/8/12 下午 05:44:55"
"C:\Users\TUF Gaming\Desktop\我的專案\財富密碼\LOCAL-AI-STUDIO\_trainlib\diffusers\schedulers\scheduling_block_refinement.py","23060","2026/8/12 下午 05:44:55"
"C:\Users\TUF Gaming\Desktop\我的專案\財富密碼\LOCAL-AI-STUDIO\_trainlib\diffusers\schedulers\scheduling_consistency_decoder.py","8233","2026/8/12 下午 05:44:55"
"C:\Users\TUF Gaming\Desktop\我的專案\財富密碼\LOCAL-AI-STUDIO\_trainlib\diffusers\schedulers\scheduling_consistency_models.py","21627","2026/8/12 下午 05:44:55"
"C:\Users\TUF Gaming\Desktop\我的專案\財富密碼\LOCAL-AI-STUDIO\_trainlib\diffusers\schedulers\scheduling_cosine_dpmsolver_multistep.py","31325","2026/8/12 下午 05:44:55"
"C:\Users\TUF Gaming\Desktop\我的專案\財富密碼\LOCAL-AI-STUDIO\_trainlib\diffusers\schedulers\scheduling_ddim.py","28089","2026/8/12 下午 05:44:55"
"C:\Users\TUF Gaming\Desktop\我的專案\財富密碼\LOCAL-AI-STUDIO\_trainlib\diffusers\schedulers\scheduling_ddim_cogvideox.py","23218","2026/8/12 下午 05:44:55"
"C:\Users\TUF Gaming\Desktop\我的專案\財富密碼\LOCAL-AI-STUDIO\_trainlib\diffusers\schedulers\scheduling_ddim_flax.py","13410","2026/8/12 下午 05:44:55"
"C:\Users\TUF Gaming\Desktop\我的專案\財富密碼\LOCAL-AI-STUDIO\_trainlib\diffusers\schedulers\scheduling_ddim_inverse.py","17656","2026/8/12 下午 05:44:55"
"C:\Users\TUF Gaming\Desktop\我的專案\財富密碼\LOCAL-AI-STUDIO\_trainlib\diffusers\schedulers\scheduling_ddim_parallel.py","33796","2026/8/12 下午 05:44:55"
"C:\Users\TUF Gaming\Desktop\我的專案\財富密碼\LOCAL-AI-STUDIO\_trainlib\diffusers\schedulers\scheduling_ddpm.py","29755","2026/8/12 下午 05:44:55"
"C:\Users\TUF Gaming\Desktop\我的專案\財富密碼\LOCAL-AI-STUDIO\_trainlib\diffusers\schedulers\scheduling_ddpm_flax.py","12849","2026/8/12 下午 05:44:55"
"C:\Users\TUF Gaming\Desktop\我的專案\財富密碼\LOCAL-AI-STUDIO\_trainlib\diffusers\schedulers\scheduling_ddpm_parallel.py","34965","2026/8/12 下午 05:44:55"
"C:\Users\TUF Gaming\Desktop\我的專案\財富密碼\LOCAL-AI-STUDIO\_trainlib\diffusers\schedulers\scheduling_ddpm_wuerstchen.py","8865","2026/8/12 下午 05:44:55"
"C:\Users\TUF Gaming\Desktop\我的專案\財富密碼\LOCAL-AI-STUDIO\_trainlib\diffusers\schedulers\scheduling_deis_multistep.py","45850","2026/8/12 下午 05:44:55"
"C:\Users\TUF Gaming\Desktop\我的專案\財富密碼\LOCAL-AI-STUDIO\_trainlib\diffusers\schedulers\scheduling_discrete_ddim.py","15244","2026/8/12 下午 05:44:55"
"C:\Users\TUF Gaming\Desktop\我的專案\財富密碼\LOCAL-AI-STUDIO\_trainlib\diffusers\schedulers\scheduling_dpmsolver_multistep.py","61762","2026/8/12 下午 05:44:55"
"C:\Users\TUF Gaming\Desktop\我的專案\財富密碼\LOCAL-AI-STUDIO\_trainlib\diffusers\schedulers\scheduling_dpmsolver_multistep_flax.py","29267","2026/8/12 下午 05:44:55"
"C:\Users\TUF Gaming\Desktop\我的專案\財富密碼\LOCAL-AI-STUDIO\_trainlib\diffusers\schedulers\scheduling_dpmsolver_multistep_inverse.py","53653","2026/8/12 下午 05:44:55"
"C:\Users\TUF Gaming\Desktop\我的專案\財富密碼\LOCAL-AI-STUDIO\_trainlib\diffusers\schedulers\scheduling_dpmsolver_sde.py","34850","2026/8/12 下午 05:44:55"
"C:\Users\TUF Gaming\Desktop\我的專案\財富密碼\LOCAL-AI-STUDIO\_trainlib\diffusers\schedulers\scheduling_dpmsolver_singlestep.py","60276","2026/8/12 下午 05:44:55"
"C:\Users\TUF Gaming\Desktop\我的專案\財富密碼\LOCAL-AI-STUDIO\_trainlib\diffusers\schedulers\scheduling_dpm_cogvideox.py","27481","2026/8/12 下午 05:44:55"
"C:\Users\TUF Gaming\Desktop\我的專案\財富密碼\LOCAL-AI-STUDIO\_trainlib\diffusers\schedulers\scheduling_edm_dpmsolver_multistep.py","37693","2026/8/12 下午 05:44:55"
"C:\Users\TUF Gaming\Desktop\我的專案\財富密碼\LOCAL-AI-STUDIO\_trainlib\diffusers\schedulers\scheduling_edm_euler.py","25445","2026/8/12 下午 05:44:55"
"C:\Users\TUF Gaming\Desktop\我的專案\財富密碼\LOCAL-AI-STUDIO\_trainlib\diffusers\schedulers\scheduling_entropy_bound.py","8597","2026/8/12 下午 05:44:55"
"C:\Users\TUF Gaming\Desktop\我的專案\財富密碼\LOCAL-AI-STUDIO\_trainlib\diffusers\schedulers\scheduling_euler_ancestral_discrete.py","23300","2026/8/12 下午 05:44:55"
"C:\Users\TUF Gaming\Desktop\我的專案\財富密碼\LOCAL-AI-STUDIO\_trainlib\diffusers\schedulers\scheduling_euler_discrete.py","41804","2026/8/12 下午 05:44:55"
"C:\Users\TUF Gaming\Desktop\我的專案\財富密碼\LOCAL-AI-STUDIO\_trainlib\diffusers\schedulers\scheduling_euler_discrete_flax.py","11216","2026/8/12 下午 05:44:55"
"C:\Users\TUF Gaming\Desktop\我的專案\財富密碼\LOCAL-AI-STUDIO\_trainlib\diffusers\schedulers\scheduling_flow_map_euler_discrete.py","16176","2026/8/12 下午 05:44:55"
"C:\Users\TUF Gaming\Desktop\我的專案\財富密碼\LOCAL-AI-STUDIO\_trainlib\diffusers\schedulers\scheduling_flow_match_euler_discrete.py","26979","2026/8/12 下午 05:44:55"
"C:\Users\TUF Gaming\Desktop\我的專案\財富密碼\LOCAL-AI-STUDIO\_trainlib\diffusers\schedulers\scheduling_flow_match_heun_discrete.py","13186","2026/8/12 下午 05:44:55"
"C:\Users\TUF Gaming\Desktop\我的專案\財富密碼\LOCAL-AI-STUDIO\_trainlib\diffusers\schedulers\scheduling_flow_match_lcm.py","26740","2026/8/12 下午 05:44:55"
"C:\Users\TUF Gaming\Desktop\我的專案\財富密碼\LOCAL-AI-STUDIO\_trainlib\diffusers\schedulers\scheduling_helios.py","32883","2026/8/12 下午 05:44:55"
"C:\Users\TUF Gaming\Desktop\我的專案\財富密碼\LOCAL-AI-STUDIO\_trainlib\diffusers\schedulers\scheduling_helios_dmd.py","13173","2026/8/12 下午 05:44:55"
"C:\Users\TUF Gaming\Desktop\我的專案\財富密碼\LOCAL-AI-STUDIO\_trainlib\diffusers\schedulers\scheduling_heun_discrete.py","31918","2026/8/12 下午 05:44:55"
"C:\Users\TUF Gaming\Desktop\我的專案\財富密碼\LOCAL-AI-STUDIO\_trainlib\diffusers\schedulers\scheduling_ipndm.py","10694","2026/8/12 下午 05:44:55"
"C:\Users\TUF Gaming\Desktop\我的專案\財富密碼\LOCAL-AI-STUDIO\_trainlib\diffusers\schedulers\scheduling_karras_ve_flax.py","9809","2026/8/12 下午 05:44:55"
"C:\Users\TUF Gaming\Desktop\我的專案\財富密碼\LOCAL-AI-STUDIO\_trainlib\diffusers\schedulers\scheduling_k_dpm_2_ancestral_discrete.py","31474","2026/8/12 下午 05:44:55"
"C:\Users\TUF Gaming\Desktop\我的專案\財富密碼\LOCAL-AI-STUDIO\_trainlib\diffusers\schedulers\scheduling_k_dpm_2_discrete.py","30010","2026/8/12 下午 05:44:55"
"C:\Users\TUF Gaming\Desktop\我的專案\財富密碼\LOCAL-AI-STUDIO\_trainlib\diffusers\schedulers\scheduling_lcm.py","34857","2026/8/12 下午 05:44:55"
"C:\Users\TUF Gaming\Desktop\我的專案\財富密碼\LOCAL-AI-STUDIO\_trainlib\diffusers\schedulers\scheduling_lms_discrete.py","29201","2026/8/12 下午 05:44:55"
"C:\Users\TUF Gaming\Desktop\我的專案\財富密碼\LOCAL-AI-STUDIO\_trainlib\diffusers\schedulers\scheduling_lms_discrete_flax.py","11461","2026/8/12 下午 05:44:55"
"C:\Users\TUF Gaming\Desktop\我的專案\財富密碼\LOCAL-AI-STUDIO\_trainlib\diffusers\schedulers\scheduling_ltx_euler_ancestral_rf.py","16454","2026/8/12 下午 05:44:55"
"C:\Users\TUF Gaming\Desktop\我的專案\財富密碼\LOCAL-AI-STUDIO\_trainlib\diffusers\schedulers\scheduling_pndm.py","22905","2026/8/12 下午 05:44:55"
"C:\Users\TUF Gaming\Desktop\我的專案\財富密碼\LOCAL-AI-STUDIO\_trainlib\diffusers\schedulers\scheduling_pndm_flax.py","21892","2026/8/12 下午 05:44:55"
"C:\Users\TUF Gaming\Desktop\我的專案\財富密碼\LOCAL-AI-STUDIO\_trainlib\diffusers\schedulers\scheduling_repaint.py","16078","2026/8/12 下午 05:44:55"
"C:\Users\TUF Gaming\Desktop\我的專案\財富密碼\LOCAL-AI-STUDIO\_trainlib\diffusers\schedulers\scheduling_sasolver.py","59184","2026/8/12 下午 05:44:55"
"C:\Users\TUF Gaming\Desktop\我的專案\財富密碼\LOCAL-AI-STUDIO\_trainlib\diffusers\schedulers\scheduling_scm.py","12284","2026/8/12 下午 05:44:55"
"C:\Users\TUF Gaming\Desktop\我的專案\財富密碼\LOCAL-AI-STUDIO\_trainlib\diffusers\schedulers\scheduling_sde_ve.py","13231","2026/8/12 下午 05:44:55"
"C:\Users\TUF Gaming\Desktop\我的專案\財富密碼\LOCAL-AI-STUDIO\_trainlib\diffusers\schedulers\scheduling_sde_ve_flax.py","12394","2026/8/12 下午 05:44:55"
"C:\Users\TUF Gaming\Desktop\我的專案\財富密碼\LOCAL-AI-STUDIO\_trainlib\diffusers\schedulers\scheduling_tcd.py","38372","2026/8/12 下午 05:44:55"
"C:\Users\TUF Gaming\Desktop\我的專案\財富密碼\LOCAL-AI-STUDIO\_trainlib\diffusers\schedulers\scheduling_unclip.py","15939","2026/8/12 下午 05:44:55"
"C:\Users\TUF Gaming\Desktop\我的專案\財富密碼\LOCAL-AI-STUDIO\_trainlib\diffusers\schedulers\scheduling_unipc_multistep.py","56242","2026/8/12 下午 05:44:55"
"C:\Users\TUF Gaming\Desktop\我的專案\財富密碼\LOCAL-AI-STUDIO\_trainlib\diffusers\schedulers\scheduling_utils.py","8627","2026/8/12 下午 05:44:55"
"C:\Users\TUF Gaming\Desktop\我的專案\財富密碼\LOCAL-AI-STUDIO\_trainlib\diffusers\schedulers\scheduling_utils_flax.py","12310","2026/8/12 下午 05:44:55"
"C:\Users\TUF Gaming\Desktop\我的專案\財富密碼\LOCAL-AI-STUDIO\_trainlib\diffusers\schedulers\scheduling_vq_diffusion.py","22894","2026/8/12 下午 05:44:55"
"C:\Users\TUF Gaming\Desktop\我的專案\財富密碼\LOCAL-AI-STUDIO\_trainlib\diffusers\schedulers\__init__.py","12432","2026/8/12 下午 05:44:55"
"C:\Users\TUF Gaming\Desktop\我的專案\財富密碼\LOCAL-AI-STUDIO\_trainlib\diffusers\schedulers\deprecated\scheduling_karras_ve.py","9640","2026/8/12 下午 05:44:55"
"C:\Users\TUF Gaming\Desktop\我的專案\財富密碼\LOCAL-AI-STUDIO\_trainlib\diffusers\schedulers\deprecated\scheduling_sde_vp.py","4263","2026/8/12 下午 05:44:55"
"C:\Users\TUF Gaming\Desktop\我的專案\財富密碼\LOCAL-AI-STUDIO\_trainlib\diffusers\schedulers\deprecated\__init__.py","1349","2026/8/12 下午 05:44:55"
"C:\Users\TUF Gaming\Desktop\我的專案\財富密碼\LOCAL-AI-STUDIO\_trainlib\diffusers\schedulers\deprecated\__pycache__\scheduling_karras_ve.cpython-313.pyc","10304","2026/8/12 下午 05:44:58"
"C:\Users\TUF Gaming\Desktop\我的專案\財富密碼\LOCAL-AI-STUDIO\_trainlib\diffusers\schedulers\deprecated\__pycache__\scheduling_sde_vp.cpython-313.pyc","5331","2026/8/12 下午 05:44:58"
"C:\Users\TUF Gaming\Desktop\我的專案\財富密碼\LOCAL-AI-STUDIO\_trainlib\diffusers\schedulers\deprecated\__pycache__\__init__.cpython-313.pyc","1586","2026/8/12 下午 05:44:58"
"C:\Users\TUF Gaming\Desktop\我的專案\財富密碼\LOCAL-AI-STUDIO\_trainlib\diffusers\schedulers\__pycache__\scheduling_amused.cpython-313.pyc","12500","2026/8/12 下午 05:44:58"
"C:\Users\TUF Gaming\Desktop\我的專案\財富密碼\LOCAL-AI-STUDIO\_trainlib\diffusers\schedulers\__pycache__\scheduling_block_refinement.cpython-313.pyc","23511","2026/8/12 下午 05:44:58"
"C:\Users\TUF Gaming\Desktop\我的專案\財富密碼\LOCAL-AI-STUDIO\_trainlib\diffusers\schedulers\__pycache__\scheduling_consistency_decoder.cpython-313.pyc","10988","2026/8/12 下午 05:44:58"
"C:\Users\TUF Gaming\Desktop\我的專案\財富密碼\LOCAL-AI-STUDIO\_trainlib\diffusers\schedulers\__pycache__\scheduling_consistency_models.cpython-313.pyc","23077","2026/8/12 下午 05:44:58"
"C:\Users\TUF Gaming\Desktop\我的專案\財富密碼\LOCAL-AI-STUDIO\_trainlib\diffusers\schedulers\__pycache__\scheduling_cosine_dpmsolver_multistep.cpython-313.pyc","34798","2026/8/12 下午 05:44:58"
"C:\Users\TUF Gaming\Desktop\我的專案\財富密碼\LOCAL-AI-STUDIO\_trainlib\diffusers\schedulers\__pycache__\scheduling_ddim.cpython-313.pyc","27634","2026/8/12 下午 05:44:58"
"C:\Users\TUF Gaming\Desktop\我的專案\財富密碼\LOCAL-AI-STUDIO\_trainlib\diffusers\schedulers\__pycache__\scheduling_ddim_cogvideox.cpython-313.pyc","23308","2026/8/12 下午 05:44:58"
"C:\Users\TUF Gaming\Desktop\我的專案\財富密碼\LOCAL-AI-STUDIO\_trainlib\diffusers\schedulers\__pycache__\scheduling_ddim_flax.cpython-313.pyc","13214","2026/8/12 下午 05:44:58"
"C:\Users\TUF Gaming\Desktop\我的專案\財富密碼\LOCAL-AI-STUDIO\_trainlib\diffusers\schedulers\__pycache__\scheduling_ddim_inverse.cpython-313.pyc","17437","2026/8/12 下午 05:44:58"
"C:\Users\TUF Gaming\Desktop\我的專案\財富密碼\LOCAL-AI-STUDIO\_trainlib\diffusers\schedulers\__pycache__\scheduling_ddim_parallel.cpython-313.pyc","32171","2026/8/12 下午 05:44:58"
"C:\Users\TUF Gaming\Desktop\我的專案\財富密碼\LOCAL-AI-STUDIO\_trainlib\diffusers\schedulers\__pycache__\scheduling_ddpm.cpython-313.pyc","29897","2026/8/12 下午 05:44:59"
"C:\Users\TUF Gaming\Desktop\我的專案\財富密碼\LOCAL-AI-STUDIO\_trainlib\diffusers\schedulers\__pycache__\scheduling_ddpm_flax.cpython-313.pyc","14482","2026/8/12 下午 05:44:59"
"C:\Users\TUF Gaming\Desktop\我的專案\財富密碼\LOCAL-AI-STUDIO\_trainlib\diffusers\schedulers\__pycache__\scheduling_ddpm_parallel.cpython-313.pyc","33880","2026/8/12 下午 05:44:59"
"C:\Users\TUF Gaming\Desktop\我的專案\財富密碼\LOCAL-AI-STUDIO\_trainlib\diffusers\schedulers\__pycache__\scheduling_ddpm_wuerstchen.cpython-313.pyc","11867","2026/8/12 下午 05:44:59"
"C:\Users\TUF Gaming\Desktop\我的專案\財富密碼\LOCAL-AI-STUDIO\_trainlib\diffusers\schedulers\__pycache__\scheduling_deis_multistep.cpython-313.pyc","48879","2026/8/12 下午 05:44:59"
"C:\Users\TUF Gaming\Desktop\我的專案\財富密碼\LOCAL-AI-STUDIO\_trainlib\diffusers\schedulers\__pycache__\scheduling_discrete_ddim.cpython-313.pyc","17129","2026/8/12 下午 05:44:59"
"C:\Users\TUF Gaming\Desktop\我的專案\財富密碼\LOCAL-AI-STUDIO\_trainlib\diffusers\schedulers\__pycache__\scheduling_dpmsolver_multistep.cpython-313.pyc","65621","2026/8/12 下午 05:44:59"
"C:\Users\TUF Gaming\Desktop\我的專案\財富密碼\LOCAL-AI-STUDIO\_trainlib\diffusers\schedulers\__pycache__\scheduling_dpmsolver_multistep_flax.cpython-313.pyc","32053","2026/8/12 下午 05:44:59"
"C:\Users\TUF Gaming\Desktop\我的專案\財富密碼\LOCAL-AI-STUDIO\_trainlib\diffusers\schedulers\__pycache__\scheduling_dpmsolver_multistep_inverse.cpython-313.pyc","57270","2026/8/12 下午 05:44:59"
"C:\Users\TUF Gaming\Desktop\我的專案\財富密碼\LOCAL-AI-STUDIO\_trainlib\diffusers\schedulers\__pycache__\scheduling_dpmsolver_sde.cpython-313.pyc","39972","2026/8/12 下午 05:44:59"
"C:\Users\TUF Gaming\Desktop\我的專案\財富密碼\LOCAL-AI-STUDIO\_trainlib\diffusers\schedulers\__pycache__\scheduling_dpmsolver_singlestep.cpython-313.pyc","63234","2026/8/12 下午 05:44:59"
"C:\Users\TUF Gaming\Desktop\我的專案\財富密碼\LOCAL-AI-STUDIO\_trainlib\diffusers\schedulers\__pycache__\scheduling_dpm_cogvideox.cpython-313.pyc","27545","2026/8/12 下午 05:44:59"
"C:\Users\TUF Gaming\Desktop\我的專案\財富密碼\LOCAL-AI-STUDIO\_trainlib\diffusers\schedulers\__pycache__\scheduling_edm_dpmsolver_multistep.cpython-313.pyc","41104","2026/8/12 下午 05:44:59"
"C:\Users\TUF Gaming\Desktop\我的專案\財富密碼\LOCAL-AI-STUDIO\_trainlib\diffusers\schedulers\__pycache__\scheduling_edm_euler.cpython-313.pyc","27145","2026/8/12 下午 05:44:59"
"C:\Users\TUF Gaming\Desktop\我的專案\財富密碼\LOCAL-AI-STUDIO\_trainlib\diffusers\schedulers\__pycache__\scheduling_entropy_bound.cpython-313.pyc","8943","2026/8/12 下午 05:44:59"
"C:\Users\TUF Gaming\Desktop\我的專案\財富密碼\LOCAL-AI-STUDIO\_trainlib\diffusers\schedulers\__pycache__\scheduling_euler_ancestral_discrete.cpython-313.pyc","25451","2026/8/12 下午 05:44:59"
"C:\Users\TUF Gaming\Desktop\我的專案\財富密碼\LOCAL-AI-STUDIO\_trainlib\diffusers\schedulers\__pycache__\scheduling_euler_discrete.cpython-313.pyc","45021","2026/8/12 下午 05:44:59"
"C:\Users\TUF Gaming\Desktop\我的專案\財富密碼\LOCAL-AI-STUDIO\_trainlib\diffusers\schedulers\__pycache__\scheduling_euler_discrete_flax.cpython-313.pyc","12968","2026/8/12 下午 05:44:59"
"C:\Users\TUF Gaming\Desktop\我的專案\財富密碼\LOCAL-AI-STUDIO\_trainlib\diffusers\schedulers\__pycache__\scheduling_flow_map_euler_discrete.cpython-313.pyc","17171","2026/8/12 下午 05:44:59"
"C:\Users\TUF Gaming\Desktop\我的專案\財富密碼\LOCAL-AI-STUDIO\_trainlib\diffusers\schedulers\__pycache__\scheduling_flow_match_euler_discrete.cpython-313.pyc","28218","2026/8/12 下午 05:44:59"
"C:\Users\TUF Gaming\Desktop\我的專案\財富密碼\LOCAL-AI-STUDIO\_trainlib\diffusers\schedulers\__pycache__\scheduling_flow_match_heun_discrete.cpython-313.pyc","14244","2026/8/12 下午 05:44:59"
"C:\Users\TUF Gaming\Desktop\我的專案\財富密碼\LOCAL-AI-STUDIO\_trainlib\diffusers\schedulers\__pycache__\scheduling_flow_match_lcm.cpython-313.pyc","28557","2026/8/12 下午 05:44:59"
"C:\Users\TUF Gaming\Desktop\我的專案\財富密碼\LOCAL-AI-STUDIO\_trainlib\diffusers\schedulers\__pycache__\scheduling_helios.cpython-313.pyc","35732","2026/8/12 下午 05:44:59"
"C:\Users\TUF Gaming\Desktop\我的專案\財富密碼\LOCAL-AI-STUDIO\_trainlib\diffusers\schedulers\__pycache__\scheduling_helios_dmd.cpython-313.pyc","16343","2026/8/12 下午 05:44:59"
"C:\Users\TUF Gaming\Desktop\我的專案\財富密碼\LOCAL-AI-STUDIO\_trainlib\diffusers\schedulers\__pycache__\scheduling_heun_discrete.cpython-313.pyc","33433","2026/8/12 下午 05:44:59"
"C:\Users\TUF Gaming\Desktop\我的專案\財富密碼\LOCAL-AI-STUDIO\_trainlib\diffusers\schedulers\__pycache__\scheduling_ipndm.cpython-313.pyc","11576","2026/8/12 下午 05:44:59"
"C:\Users\TUF Gaming\Desktop\我的專案\財富密碼\LOCAL-AI-STUDIO\_trainlib\diffusers\schedulers\__pycache__\scheduling_karras_ve_flax.cpython-313.pyc","11142","2026/8/12 下午 05:44:59"
"C:\Users\TUF Gaming\Desktop\我的專案\財富密碼\LOCAL-AI-STUDIO\_trainlib\diffusers\schedulers\__pycache__\scheduling_k_dpm_2_ancestral_discrete.cpython-313.pyc","34030","2026/8/12 下午 05:44:59"
"C:\Users\TUF Gaming\Desktop\我的專案\財富密碼\LOCAL-AI-STUDIO\_trainlib\diffusers\schedulers\__pycache__\scheduling_k_dpm_2_discrete.cpython-313.pyc","32216","2026/8/12 下午 05:44:59"
"C:\Users\TUF Gaming\Desktop\我的專案\財富密碼\LOCAL-AI-STUDIO\_trainlib\diffusers\schedulers\__pycache__\scheduling_lcm.cpython-313.pyc","34206","2026/8/12 下午 05:44:59"
"C:\Users\TUF Gaming\Desktop\我的專案\財富密碼\LOCAL-AI-STUDIO\_trainlib\diffusers\schedulers\__pycache__\scheduling_lms_discrete.cpython-313.pyc","32711","2026/8/12 下午 05:44:59"
"C:\Users\TUF Gaming\Desktop\我的專案\財富密碼\LOCAL-AI-STUDIO\_trainlib\diffusers\schedulers\__pycache__\scheduling_lms_discrete_flax.cpython-313.pyc","13881","2026/8/12 下午 05:44:59"
"C:\Users\TUF Gaming\Desktop\我的專案\財富密碼\LOCAL-AI-STUDIO\_trainlib\diffusers\schedulers\__pycache__\scheduling_ltx_euler_ancestral_rf.cpython-313.pyc","16208","2026/8/12 下午 05:44:59"
"C:\Users\TUF Gaming\Desktop\我的專案\財富密碼\LOCAL-AI-STUDIO\_trainlib\diffusers\schedulers\__pycache__\scheduling_pndm.cpython-313.pyc","24393","2026/8/12 下午 05:44:59"
"C:\Users\TUF Gaming\Desktop\我的專案\財富密碼\LOCAL-AI-STUDIO\_trainlib\diffusers\schedulers\__pycache__\scheduling_pndm_flax.cpython-313.pyc","21383","2026/8/12 下午 05:44:59"
"C:\Users\TUF Gaming\Desktop\我的專案\財富密碼\LOCAL-AI-STUDIO\_trainlib\diffusers\schedulers\__pycache__\scheduling_repaint.cpython-313.pyc","16134","2026/8/12 下午 05:44:59"
"C:\Users\TUF Gaming\Desktop\我的專案\財富密碼\LOCAL-AI-STUDIO\_trainlib\diffusers\schedulers\__pycache__\scheduling_sasolver.cpython-313.pyc","60433","2026/8/12 下午 05:44:59"
"C:\Users\TUF Gaming\Desktop\我的專案\財富密碼\LOCAL-AI-STUDIO\_trainlib\diffusers\schedulers\__pycache__\scheduling_scm.cpython-313.pyc","12382","2026/8/12 下午 05:44:59"
"C:\Users\TUF Gaming\Desktop\我的專案\財富密碼\LOCAL-AI-STUDIO\_trainlib\diffusers\schedulers\__pycache__\scheduling_sde_ve.cpython-313.pyc","14212","2026/8/12 下午 05:44:59"
"C:\Users\TUF Gaming\Desktop\我的專案\財富密碼\LOCAL-AI-STUDIO\_trainlib\diffusers\schedulers\__pycache__\scheduling_sde_ve_flax.cpython-313.pyc","13434","2026/8/12 下午 05:44:59"
"C:\Users\TUF Gaming\Desktop\我的專案\財富密碼\LOCAL-AI-STUDIO\_trainlib\diffusers\schedulers\__pycache__\scheduling_tcd.cpython-313.pyc","36661","2026/8/12 下午 05:44:59"
"C:\Users\TUF Gaming\Desktop\我的專案\財富密碼\LOCAL-AI-STUDIO\_trainlib\diffusers\schedulers\__pycache__\scheduling_unclip.cpython-313.pyc","16383","2026/8/12 下午 05:44:59"
"C:\Users\TUF Gaming\Desktop\我的專案\財富密碼\LOCAL-AI-STUDIO\_trainlib\diffusers\schedulers\__pycache__\scheduling_unipc_multistep.cpython-313.pyc","59980","2026/8/12 下午 05:44:59"
"C:\Users\TUF Gaming\Desktop\我的專案\財富密碼\LOCAL-AI-STUDIO\_trainlib\diffusers\schedulers\__pycache__\scheduling_utils.cpython-313.pyc","9023","2026/8/12 下午 05:44:59"
"C:\Users\TUF Gaming\Desktop\我的專案\財富密碼\LOCAL-AI-STUDIO\_trainlib\diffusers\schedulers\__pycache__\scheduling_utils_flax.cpython-313.pyc","14133","2026/8/12 下午 05:44:59"
"C:\Users\TUF Gaming\Desktop\我的專案\財富密碼\LOCAL-AI-STUDIO\_trainlib\diffusers\schedulers\__pycache__\scheduling_vq_diffusion.cpython-313.pyc","17170","2026/8/12 下午 05:44:59"
"C:\Users\TUF Gaming\Desktop\我的專案\財富密碼\LOCAL-AI-STUDIO\_trainlib\diffusers\schedulers\__pycache__\__init__.cpython-313.pyc","9454","2026/8/12 下午 05:44:58"
"C:\Users\TUF Gaming\Desktop\我的專案\財富密碼\LOCAL-AI-STUDIO\_trainlib\diffusers\utils\accelerate_utils.py","1839","2026/8/12 下午 05:44:55"
"C:\Users\TUF Gaming\Desktop\我的專案\財富密碼\LOCAL-AI-STUDIO\_trainlib\diffusers\utils\constants.py","3940","2026/8/12 下午 05:44:55"
"C:\Users\TUF Gaming\Desktop\我的專案\財富密碼\LOCAL-AI-STUDIO\_trainlib\diffusers\utils\deprecation_utils.py","3603","2026/8/12 下午 05:44:55"
"C:\Users\TUF Gaming\Desktop\我的專案\財富密碼\LOCAL-AI-STUDIO\_trainlib\diffusers\utils\distributed_utils.py","1045","2026/8/12 下午 05:44:55"
"C:\Users\TUF Gaming\Desktop\我的專案\財富密碼\LOCAL-AI-STUDIO\_trainlib\diffusers\utils\doc_utils.py","1348","2026/8/12 下午 05:44:55"
"C:\Users\TUF Gaming\Desktop\我的專案\財富密碼\LOCAL-AI-STUDIO\_trainlib\diffusers\utils\dummy_auto_round_objects.py","516","2026/8/12 下午 05:44:55"
"C:\Users\TUF Gaming\Desktop\我的專案\財富密碼\LOCAL-AI-STUDIO\_trainlib\diffusers\utils\dummy_bitsandbytes_objects.py","527","2026/8/12 下午 05:44:55"
"C:\Users\TUF Gaming\Desktop\我的專案\財富密碼\LOCAL-AI-STUDIO\_trainlib\diffusers\utils\dummy_flax_and_transformers_objects.py","2793","2026/8/12 下午 05:44:55"
"C:\Users\TUF Gaming\Desktop\我的專案\財富密碼\LOCAL-AI-STUDIO\_trainlib\diffusers\utils\dummy_flax_objects.py","4945","2026/8/12 下午 05:44:55"
"C:\Users\TUF Gaming\Desktop\我的專案\財富密碼\LOCAL-AI-STUDIO\_trainlib\diffusers\utils\dummy_gguf_objects.py","499","2026/8/12 下午 05:44:55"
"C:\Users\TUF Gaming\Desktop\我的專案\財富密碼\LOCAL-AI-STUDIO\_trainlib\diffusers\utils\dummy_note_seq_objects.py","506","2026/8/12 下午 05:44:55"
"C:\Users\TUF Gaming\Desktop\我的專案\財富密碼\LOCAL-AI-STUDIO\_trainlib\diffusers\utils\dummy_nvidia_modelopt_objects.py","541","2026/8/12 下午 05:44:55"
"C:\Users\TUF Gaming\Desktop\我的專案\財富密碼\LOCAL-AI-STUDIO\_trainlib\diffusers\utils\dummy_onnx_objects.py","493","2026/8/12 下午 05:44:55"
"C:\Users\TUF Gaming\Desktop\我的專案\財富密碼\LOCAL-AI-STUDIO\_trainlib\diffusers\utils\dummy_optimum_quanto_objects.py","529","2026/8/12 下午 05:44:55"
"C:\Users\TUF Gaming\Desktop\我的專案\財富密碼\LOCAL-AI-STUDIO\_trainlib\diffusers\utils\dummy_pt_objects.py","89972","2026/8/12 下午 05:44:55"
"C:\Users\TUF Gaming\Desktop\我的專案\財富密碼\LOCAL-AI-STUDIO\_trainlib\diffusers\utils\dummy_torchao_objects.py","502","2026/8/12 下午 05:44:55"
"C:\Users\TUF Gaming\Desktop\我的專案\財富密碼\LOCAL-AI-STUDIO\_trainlib\diffusers\utils\dummy_torch_and_librosa_objects.py","948","2026/8/12 下午 05:44:55"
"C:\Users\TUF Gaming\Desktop\我的專案\財富密碼\LOCAL-AI-STUDIO\_trainlib\diffusers\utils\dummy_torch_and_scipy_objects.py","537","2026/8/12 下午 05:44:55"
"C:\Users\TUF Gaming\Desktop\我的專案\財富密碼\LOCAL-AI-STUDIO\_trainlib\diffusers\utils\dummy_torch_and_torchsde_objects.py","985","2026/8/12 下午 05:44:55"
"C:\Users\TUF Gaming\Desktop\我的專案\財富密碼\LOCAL-AI-STUDIO\_trainlib\diffusers\utils\dummy_torch_and_transformers_and_onnx_objects.py","3023","2026/8/12 下午 05:44:55"
"C:\Users\TUF Gaming\Desktop\我的專案\財富密碼\LOCAL-AI-STUDIO\_trainlib\diffusers\utils\dummy_torch_and_transformers_and_opencv_objects.py","601","2026/8/12 下午 05:44:55"
"C:\Users\TUF Gaming\Desktop\我的專案\財富密碼\LOCAL-AI-STUDIO\_trainlib\diffusers\utils\dummy_torch_and_transformers_and_sentencepiece_objects.py","1637","2026/8/12 下午 05:44:55"
"C:\Users\TUF Gaming\Desktop\我的專案\財富密碼\LOCAL-AI-STUDIO\_trainlib\diffusers\utils\dummy_torch_and_transformers_objects.py","148839","2026/8/12 下午 05:44:55"
"C:\Users\TUF Gaming\Desktop\我的專案\財富密碼\LOCAL-AI-STUDIO\_trainlib\diffusers\utils\dummy_transformers_and_torch_and_note_seq_objects.py","621","2026/8/12 下午 05:44:55"
"C:\Users\TUF Gaming\Desktop\我的專案\財富密碼\LOCAL-AI-STUDIO\_trainlib\diffusers\utils\dummy_transformers_flax_objects.py","2721","2026/8/12 下午 05:44:55"
"C:\Users\TUF Gaming\Desktop\我的專案\財富密碼\LOCAL-AI-STUDIO\_trainlib\diffusers\utils\dynamic_modules_utils.py","24297","2026/8/12 下午 05:44:55"
"C:\Users\TUF Gaming\Desktop\我的專案\財富密碼\LOCAL-AI-STUDIO\_trainlib\diffusers\utils\export_utils.py","14115","2026/8/12 下午 05:44:55"
"C:\Users\TUF Gaming\Desktop\我的專案\財富密碼\LOCAL-AI-STUDIO\_trainlib\diffusers\utils\hub_utils.py","25616","2026/8/12 下午 05:44:55"
"C:\Users\TUF Gaming\Desktop\我的專案\財富密碼\LOCAL-AI-STUDIO\_trainlib\diffusers\utils\import_utils.py","36495","2026/8/12 下午 05:44:55"
"C:\Users\TUF Gaming\Desktop\我的專案\財富密碼\LOCAL-AI-STUDIO\_trainlib\diffusers\utils\loading_utils.py","5258","2026/8/12 下午 05:44:55"
"C:\Users\TUF Gaming\Desktop\我的專案\財富密碼\LOCAL-AI-STUDIO\_trainlib\diffusers\utils\logging.py","10165","2026/8/12 下午 05:44:55"
"C:\Users\TUF Gaming\Desktop\我的專案\財富密碼\LOCAL-AI-STUDIO\_trainlib\diffusers\utils\model_card_template.md","550","2026/8/12 下午 05:44:55"
"C:\Users\TUF Gaming\Desktop\我的專案\財富密碼\LOCAL-AI-STUDIO\_trainlib\diffusers\utils\outputs.py","5002","2026/8/12 下午 05:44:55"
"C:\Users\TUF Gaming\Desktop\我的專案\財富密碼\LOCAL-AI-STUDIO\_trainlib\diffusers\utils\peft_utils.py","16115","2026/8/12 下午 05:44:55"
"C:\Users\TUF Gaming\Desktop\我的專案\財富密碼\LOCAL-AI-STUDIO\_trainlib\diffusers\utils\pil_utils.py","1954","2026/8/12 下午 05:44:55"
"C:\Users\TUF Gaming\Desktop\我的專案\財富密碼\LOCAL-AI-STUDIO\_trainlib\diffusers\utils\remote_utils.py","16030","2026/8/12 下午 05:44:55"
"C:\Users\TUF Gaming\Desktop\我的專案\財富密碼\LOCAL-AI-STUDIO\_trainlib\diffusers\utils\source_code_parsing_utils.py","1863","2026/8/12 下午 05:44:55"
"C:\Users\TUF Gaming\Desktop\我的專案\財富密碼\LOCAL-AI-STUDIO\_trainlib\diffusers\utils\state_dict_utils.py","23111","2026/8/12 下午 05:44:55"
"C:\Users\TUF Gaming\Desktop\我的專案\財富密碼\LOCAL-AI-STUDIO\_trainlib\diffusers\utils\testing_utils.py","59263","2026/8/12 下午 05:44:55"
"C:\Users\TUF Gaming\Desktop\我的專案\財富密碼\LOCAL-AI-STUDIO\_trainlib\diffusers\utils\torch_utils.py","14955","2026/8/12 下午 05:44:55"
"C:\Users\TUF Gaming\Desktop\我的專案\財富密碼\LOCAL-AI-STUDIO\_trainlib\diffusers\utils\typing_utils.py","3394","2026/8/12 下午 05:44:55"
"C:\Users\TUF Gaming\Desktop\我的專案\財富密碼\LOCAL-AI-STUDIO\_trainlib\diffusers\utils\versions.py","4302","2026/8/12 下午 05:44:55"
"C:\Users\TUF Gaming\Desktop\我的專案\財富密碼\LOCAL-AI-STUDIO\_trainlib\diffusers\utils\__init__.py","5374","2026/8/12 下午 05:44:55"
"C:\Users\TUF Gaming\Desktop\我的專案\財富密碼\LOCAL-AI-STUDIO\_trainlib\diffusers\utils\__pycache__\accelerate_utils.cpython-313.pyc","1899","2026/8/12 下午 05:44:59"
"C:\Users\TUF Gaming\Desktop\我的專案\財富密碼\LOCAL-AI-STUDIO\_trainlib\diffusers\utils\__pycache__\constants.cpython-313.pyc","4096","2026/8/12 下午 05:44:59"
"C:\Users\TUF Gaming\Desktop\我的專案\財富密碼\LOCAL-AI-STUDIO\_trainlib\diffusers\utils\__pycache__\deprecation_utils.cpython-313.pyc","3999","2026/8/12 下午 05:44:59"
"C:\Users\TUF Gaming\Desktop\我的專案\財富密碼\LOCAL-AI-STUDIO\_trainlib\diffusers\utils\__pycache__\distributed_utils.cpython-313.pyc","911","2026/8/12 下午 05:44:59"
"C:\Users\TUF Gaming\Desktop\我的專案\財富密碼\LOCAL-AI-STUDIO\_trainlib\diffusers\utils\__pycache__\doc_utils.cpython-313.pyc","1359","2026/8/12 下午 05:44:59"
"C:\Users\TUF Gaming\Desktop\我的專案\財富密碼\LOCAL-AI-STUDIO\_trainlib\diffusers\utils\__pycache__\dummy_auto_round_objects.cpython-313.pyc","1161","2026/8/12 下午 05:44:59"
"C:\Users\TUF Gaming\Desktop\我的專案\財富密碼\LOCAL-AI-STUDIO\_trainlib\diffusers\utils\__pycache__\dummy_bitsandbytes_objects.cpython-313.pyc","1180","2026/8/12 下午 05:44:59"
"C:\Users\TUF Gaming\Desktop\我的專案\財富密碼\LOCAL-AI-STUDIO\_trainlib\diffusers\utils\__pycache__\dummy_flax_and_transformers_objects.cpython-313.pyc","4665","2026/8/12 下午 05:44:59"
"C:\Users\TUF Gaming\Desktop\我的專案\財富密碼\LOCAL-AI-STUDIO\_trainlib\diffusers\utils\__pycache__\dummy_flax_objects.cpython-313.pyc","8713","2026/8/12 下午 05:44:59"
"C:\Users\TUF Gaming\Desktop\我的專案\財富密碼\LOCAL-AI-STUDIO\_trainlib\diffusers\utils\__pycache__\dummy_gguf_objects.cpython-313.pyc","1177","2026/8/12 下午 05:44:59"
"C:\Users\TUF Gaming\Desktop\我的專案\財富密碼\LOCAL-AI-STUDIO\_trainlib\diffusers\utils\__pycache__\dummy_note_seq_objects.cpython-313.pyc","1149","2026/8/12 下午 05:44:59"
"C:\Users\TUF Gaming\Desktop\我的專案\財富密碼\LOCAL-AI-STUDIO\_trainlib\diffusers\utils\__pycache__\dummy_nvidia_modelopt_objects.cpython-313.pyc","1196","2026/8/12 下午 05:44:59"
"C:\Users\TUF Gaming\Desktop\我的專案\財富密碼\LOCAL-AI-STUDIO\_trainlib\diffusers\utils\__pycache__\dummy_onnx_objects.cpython-313.pyc","1153","2026/8/12 下午 05:44:59"
"C:\Users\TUF Gaming\Desktop\我的專案\財富密碼\LOCAL-AI-STUDIO\_trainlib\diffusers\utils\__pycache__\dummy_optimum_quanto_objects.cpython-313.pyc","1162","2026/8/12 下午 05:44:59"
"C:\Users\TUF Gaming\Desktop\我的專案\財富密碼\LOCAL-AI-STUDIO\_trainlib\diffusers\utils\__pycache__\dummy_pt_objects.cpython-313.pyc","151891","2026/8/12 下午 05:44:59"
"C:\Users\TUF Gaming\Desktop\我的專案\財富密碼\LOCAL-AI-STUDIO\_trainlib\diffusers\utils\__pycache__\dummy_torchao_objects.cpython-313.pyc","1147","2026/8/12 下午 05:44:59"
"C:\Users\TUF Gaming\Desktop\我的專案\財富密碼\LOCAL-AI-STUDIO\_trainlib\diffusers\utils\__pycache__\dummy_torch_and_librosa_objects.cpython-313.pyc","1793","2026/8/12 下午 05:44:59"
"C:\Users\TUF Gaming\Desktop\我的專案\財富密碼\LOCAL-AI-STUDIO\_trainlib\diffusers\utils\__pycache__\dummy_torch_and_scipy_objects.cpython-313.pyc","1210","2026/8/12 下午 05:44:59"
"C:\Users\TUF Gaming\Desktop\我的專案\財富密碼\LOCAL-AI-STUDIO\_trainlib\diffusers\utils\__pycache__\dummy_torch_and_torchsde_objects.cpython-313.pyc","1911","2026/8/12 下午 05:44:59"
"C:\Users\TUF Gaming\Desktop\我的專案\財富密碼\LOCAL-AI-STUDIO\_trainlib\diffusers\utils\__pycache__\dummy_torch_and_transformers_and_onnx_objects.cpython-313.pyc","4714","2026/8/12 下午 05:44:59"
"C:\Users\TUF Gaming\Desktop\我的專案\財富密碼\LOCAL-AI-STUDIO\_trainlib\diffusers\utils\__pycache__\dummy_torch_and_transformers_and_opencv_objects.cpython-313.pyc","1218","2026/8/12 下午 05:44:59"
"C:\Users\TUF Gaming\Desktop\我的專案\財富密碼\LOCAL-AI-STUDIO\_trainlib\diffusers\utils\__pycache__\dummy_torch_and_transformers_and_sentencepiece_objects.cpython-313.pyc","2488","2026/8/12 下午 05:44:59"
"C:\Users\TUF Gaming\Desktop\我的專案\財富密碼\LOCAL-AI-STUDIO\_trainlib\diffusers\utils\__pycache__\dummy_torch_and_transformers_objects.cpython-313.pyc","222477","2026/8/12 下午 05:44:59"
"C:\Users\TUF Gaming\Desktop\我的專案\財富密碼\LOCAL-AI-STUDIO\_trainlib\diffusers\utils\__pycache__\dummy_transformers_and_torch_and_note_seq_objects.cpython-313.pyc","1270","2026/8/12 下午 05:44:59"
"C:\Users\TUF Gaming\Desktop\我的專案\財富密碼\LOCAL-AI-STUDIO\_trainlib\diffusers\utils\__pycache__\dummy_transformers_flax_objects.cpython-313.pyc","4578","2026/8/12 下午 05:44:59"
"C:\Users\TUF Gaming\Desktop\我的專案\財富密碼\LOCAL-AI-STUDIO\_trainlib\diffusers\utils\__pycache__\dynamic_modules_utils.cpython-313.pyc","24048","2026/8/12 下午 05:44:59"
"C:\Users\TUF Gaming\Desktop\我的專案\財富密碼\LOCAL-AI-STUDIO\_trainlib\diffusers\utils\__pycache__\export_utils.cpython-313.pyc","20174","2026/8/12 下午 05:44:59"
"C:\Users\TUF Gaming\Desktop\我的專案\財富密碼\LOCAL-AI-STUDIO\_trainlib\diffusers\utils\__pycache__\hub_utils.cpython-313.pyc","25467","2026/8/12 下午 05:44:59"
"C:\Users\TUF Gaming\Desktop\我的專案\財富密碼\LOCAL-AI-STUDIO\_trainlib\diffusers\utils\__pycache__\import_utils.cpython-313.pyc","41832","2026/8/12 下午 05:44:59"
"C:\Users\TUF Gaming\Desktop\我的專案\財富密碼\LOCAL-AI-STUDIO\_trainlib\diffusers\utils\__pycache__\loading_utils.cpython-313.pyc","7539","2026/8/12 下午 05:44:59"
"C:\Users\TUF Gaming\Desktop\我的專案\財富密碼\LOCAL-AI-STUDIO\_trainlib\diffusers\utils\__pycache__\logging.cpython-313.pyc","14133","2026/8/12 下午 05:44:59"
"C:\Users\TUF Gaming\Desktop\我的專案\財富密碼\LOCAL-AI-STUDIO\_trainlib\diffusers\utils\__pycache__\outputs.cpython-313.pyc","7694","2026/8/12 下午 05:44:59"
"C:\Users\TUF Gaming\Desktop\我的專案\財富密碼\LOCAL-AI-STUDIO\_trainlib\diffusers\utils\__pycache__\peft_utils.cpython-313.pyc","17696","2026/8/12 下午 05:44:59"
"C:\Users\TUF Gaming\Desktop\我的專案\財富密碼\LOCAL-AI-STUDIO\_trainlib\diffusers\utils\__pycache__\pil_utils.cpython-313.pyc","3679","2026/8/12 下午 05:44:59"
"C:\Users\TUF Gaming\Desktop\我的專案\財富密碼\LOCAL-AI-STUDIO\_trainlib\diffusers\utils\__pycache__\remote_utils.cpython-313.pyc","16043","2026/8/12 下午 05:44:59"
"C:\Users\TUF Gaming\Desktop\我的專案\財富密碼\LOCAL-AI-STUDIO\_trainlib\diffusers\utils\__pycache__\source_code_parsing_utils.cpython-313.pyc","3500","2026/8/12 下午 05:44:59"
"C:\Users\TUF Gaming\Desktop\我的專案\財富密碼\LOCAL-AI-STUDIO\_trainlib\diffusers\utils\__pycache__\state_dict_utils.cpython-313.pyc","24952","2026/8/12 下午 05:44:59"
"C:\Users\TUF Gaming\Desktop\我的專案\財富密碼\LOCAL-AI-STUDIO\_trainlib\diffusers\utils\__pycache__\testing_utils.cpython-313.pyc","78497","2026/8/12 下午 05:44:59"
"C:\Users\TUF Gaming\Desktop\我的專案\財富密碼\LOCAL-AI-STUDIO\_trainlib\diffusers\utils\__pycache__\torch_utils.cpython-313.pyc","17769","2026/8/12 下午 05:44:59"
"C:\Users\TUF Gaming\Desktop\我的專案\財富密碼\LOCAL-AI-STUDIO\_trainlib\diffusers\utils\__pycache__\typing_utils.cpython-313.pyc","5214","2026/8/12 下午 05:44:59"
"C:\Users\TUF Gaming\Desktop\我的專案\財富密碼\LOCAL-AI-STUDIO\_trainlib\diffusers\utils\__pycache__\versions.cpython-313.pyc","4438","2026/8/12 下午 05:44:59"
"C:\Users\TUF Gaming\Desktop\我的專案\財富密碼\LOCAL-AI-STUDIO\_trainlib\diffusers\utils\__pycache__\__init__.cpython-313.pyc","6112","2026/8/12 下午 05:44:59"
"C:\Users\TUF Gaming\Desktop\我的專案\財富密碼\LOCAL-AI-STUDIO\_trainlib\diffusers\__pycache__\callbacks.cpython-313.pyc","10847","2026/8/12 下午 05:44:55"
"C:\Users\TUF Gaming\Desktop\我的專案\財富密碼\LOCAL-AI-STUDIO\_trainlib\diffusers\__pycache__\configuration_utils.cpython-313.pyc","38515","2026/8/12 下午 05:44:55"
"C:\Users\TUF Gaming\Desktop\我的專案\財富密碼\LOCAL-AI-STUDIO\_trainlib\diffusers\__pycache__\dependency_versions_check.cpython-313.pyc","905","2026/8/12 下午 05:44:55"
"C:\Users\TUF Gaming\Desktop\我的專案\財富密碼\LOCAL-AI-STUDIO\_trainlib\diffusers\__pycache__\dependency_versions_table.cpython-313.pyc","2395","2026/8/12 下午 05:44:55"
"C:\Users\TUF Gaming\Desktop\我的專案\財富密碼\LOCAL-AI-STUDIO\_trainlib\diffusers\__pycache__\image_processor.cpython-313.pyc","63061","2026/8/12 下午 05:44:55"
"C:\Users\TUF Gaming\Desktop\我的專案\財富密碼\LOCAL-AI-STUDIO\_trainlib\diffusers\__pycache__\optimization.cpython-313.pyc","15875","2026/8/12 下午 05:44:56"
"C:\Users\TUF Gaming\Desktop\我的專案\財富密碼\LOCAL-AI-STUDIO\_trainlib\diffusers\__pycache__\training_utils.cpython-313.pyc","45411","2026/8/12 下午 05:44:59"
"C:\Users\TUF Gaming\Desktop\我的專案\財富密碼\LOCAL-AI-STUDIO\_trainlib\diffusers\__pycache__\video_processor.cpython-313.pyc","9109","2026/8/12 下午 05:44:59"
"C:\Users\TUF Gaming\Desktop\我的專案\財富密碼\LOCAL-AI-STUDIO\_trainlib\diffusers\__pycache__\__init__.cpython-313.pyc","44729","2026/8/12 下午 05:44:55"
"C:\Users\TUF Gaming\Desktop\我的專案\財富密碼\LOCAL-AI-STUDIO\_trainlib\diffusers-0.39.0.dist-info\entry_points.txt","72","2026/8/12 下午 05:44:55"
"C:\Users\TUF Gaming\Desktop\我的專案\財富密碼\LOCAL-AI-STUDIO\_trainlib\diffusers-0.39.0.dist-info\INSTALLER","4","2026/8/12 下午 05:44:59"
"C:\Users\TUF Gaming\Desktop\我的專案\財富密碼\LOCAL-AI-STUDIO\_trainlib\diffusers-0.39.0.dist-info\METADATA","20860","2026/8/12 下午 05:44:55"
"C:\Users\TUF Gaming\Desktop\我的專案\財富密碼\LOCAL-AI-STUDIO\_trainlib\diffusers-0.39.0.dist-info\RECORD","187221","2026/8/12 下午 05:44:59"
"C:\Users\TUF Gaming\Desktop\我的專案\財富密碼\LOCAL-AI-STUDIO\_trainlib\diffusers-0.39.0.dist-info\REQUESTED","0","2026/8/12 下午 05:44:59"
"C:\Users\TUF Gaming\Desktop\我的專案\財富密碼\LOCAL-AI-STUDIO\_trainlib\diffusers-0.39.0.dist-info\top_level.txt","10","2026/8/12 下午 05:44:55"
"C:\Users\TUF Gaming\Desktop\我的專案\財富密碼\LOCAL-AI-STUDIO\_trainlib\diffusers-0.39.0.dist-info\WHEEL","91","2026/8/12 下午 05:44:55"
"C:\Users\TUF Gaming\Desktop\我的專案\財富密碼\LOCAL-AI-STUDIO\_trainlib\diffusers-0.39.0.dist-info\licenses\LICENSE","11357","2026/8/12 下午 05:44:55"
"C:\Users\TUF Gaming\Desktop\我的專案\財富密碼\LOCAL-AI-STUDIO\_trainlib\peft\auto.py","9306","2026/8/12 下午 05:44:54"
"C:\Users\TUF Gaming\Desktop\我的專案\財富密碼\LOCAL-AI-STUDIO\_trainlib\peft\config.py","17103","2026/8/12 下午 05:44:54"
"C:\Users\TUF Gaming\Desktop\我的專案\財富密碼\LOCAL-AI-STUDIO\_trainlib\peft\functional.py","1284","2026/8/12 下午 05:44:54"
"C:\Users\TUF Gaming\Desktop\我的專案\財富密碼\LOCAL-AI-STUDIO\_trainlib\peft\helpers.py","22015","2026/8/12 下午 05:44:54"
"C:\Users\TUF Gaming\Desktop\我的專案\財富密碼\LOCAL-AI-STUDIO\_trainlib\peft\import_utils.py","6748","2026/8/12 下午 05:44:54"
"C:\Users\TUF Gaming\Desktop\我的專案\財富密碼\LOCAL-AI-STUDIO\_trainlib\peft\mapping.py","3878","2026/8/12 下午 05:44:54"
"C:\Users\TUF Gaming\Desktop\我的專案\財富密碼\LOCAL-AI-STUDIO\_trainlib\peft\mapping_func.py","5898","2026/8/12 下午 05:44:54"
"C:\Users\TUF Gaming\Desktop\我的專案\財富密碼\LOCAL-AI-STUDIO\_trainlib\peft\mixed_model.py","21167","2026/8/12 下午 05:44:54"
"C:\Users\TUF Gaming\Desktop\我的專案\財富密碼\LOCAL-AI-STUDIO\_trainlib\peft\peft_model.py","172535","2026/8/12 下午 05:44:54"
"C:\Users\TUF Gaming\Desktop\我的專案\財富密碼\LOCAL-AI-STUDIO\_trainlib\peft\py.typed","0","2026/8/12 下午 05:44:54"
"C:\Users\TUF Gaming\Desktop\我的專案\財富密碼\LOCAL-AI-STUDIO\_trainlib\peft\__init__.py","7715","2026/8/12 下午 05:44:54"
"C:\Users\TUF Gaming\Desktop\我的專案\財富密碼\LOCAL-AI-STUDIO\_trainlib\peft\optimizers\lorafa.py","14889","2026/8/12 下午 05:44:54"
"C:\Users\TUF Gaming\Desktop\我的專案\財富密碼\LOCAL-AI-STUDIO\_trainlib\peft\optimizers\loraplus.py","4735","2026/8/12 下午 05:44:54"
"C:\Users\TUF Gaming\Desktop\我的專案\財富密碼\LOCAL-AI-STUDIO\_trainlib\peft\optimizers\__init__.py","760","2026/8/12 下午 05:44:54"
"C:\Users\TUF Gaming\Desktop\我的專案\財富密碼\LOCAL-AI-STUDIO\_trainlib\peft\optimizers\__pycache__\lorafa.cpython-313.pyc","13174","2026/8/12 下午 05:44:54"
"C:\Users\TUF Gaming\Desktop\我的專案\財富密碼\LOCAL-AI-STUDIO\_trainlib\peft\optimizers\__pycache__\loraplus.cpython-313.pyc","4510","2026/8/12 下午 05:44:54"
"C:\Users\TUF Gaming\Desktop\我的專案\財富密碼\LOCAL-AI-STUDIO\_trainlib\peft\optimizers\__pycache__\__init__.cpython-313.pyc","352","2026/8/12 下午 05:44:54"
"C:\Users\TUF Gaming\Desktop\我的專案\財富密碼\LOCAL-AI-STUDIO\_trainlib\peft\tuners\lycoris_utils.py","10001","2026/8/12 下午 05:44:54"
"C:\Users\TUF Gaming\Desktop\我的專案\財富密碼\LOCAL-AI-STUDIO\_trainlib\peft\tuners\tuners_utils.py","108306","2026/8/12 下午 05:44:54"
"C:\Users\TUF Gaming\Desktop\我的專案\財富密碼\LOCAL-AI-STUDIO\_trainlib\peft\tuners\_buffer_dict.py","5529","2026/8/12 下午 05:44:54"
"C:\Users\TUF Gaming\Desktop\我的專案\財富密碼\LOCAL-AI-STUDIO\_trainlib\peft\tuners\__init__.py","5196","2026/8/12 下午 05:44:54"
"C:\Users\TUF Gaming\Desktop\我的專案\財富密碼\LOCAL-AI-STUDIO\_trainlib\peft\tuners\adalora\bnb.py","5426","2026/8/12 下午 05:44:54"
"C:\Users\TUF Gaming\Desktop\我的專案\財富密碼\LOCAL-AI-STUDIO\_trainlib\peft\tuners\adalora\config.py","5892","2026/8/12 下午 05:44:54"
"C:\Users\TUF Gaming\Desktop\我的專案\財富密碼\LOCAL-AI-STUDIO\_trainlib\peft\tuners\adalora\gptq.py","2672","2026/8/12 下午 05:44:54"
"C:\Users\TUF Gaming\Desktop\我的專案\財富密碼\LOCAL-AI-STUDIO\_trainlib\peft\tuners\adalora\layer.py","22174","2026/8/12 下午 05:44:54"
"C:\Users\TUF Gaming\Desktop\我的專案\財富密碼\LOCAL-AI-STUDIO\_trainlib\peft\tuners\adalora\model.py","15502","2026/8/12 下午 05:44:54"
"C:\Users\TUF Gaming\Desktop\我的專案\財富密碼\LOCAL-AI-STUDIO\_trainlib\peft\tuners\adalora\__init__.py","1534","2026/8/12 下午 05:44:54"
"C:\Users\TUF Gaming\Desktop\我的專案\財富密碼\LOCAL-AI-STUDIO\_trainlib\peft\tuners\adalora\__pycache__\bnb.cpython-313.pyc","5734","2026/8/12 下午 05:44:54"
"C:\Users\TUF Gaming\Desktop\我的專案\財富密碼\LOCAL-AI-STUDIO\_trainlib\peft\tuners\adalora\__pycache__\config.cpython-313.pyc","6228","2026/8/12 下午 05:44:54"
"C:\Users\TUF Gaming\Desktop\我的專案\財富密碼\LOCAL-AI-STUDIO\_trainlib\peft\tuners\adalora\__pycache__\gptq.cpython-313.pyc","2945","2026/8/12 下午 05:44:54"
"C:\Users\TUF Gaming\Desktop\我的專案\財富密碼\LOCAL-AI-STUDIO\_trainlib\peft\tuners\adalora\__pycache__\layer.cpython-313.pyc","27937","2026/8/12 下午 05:44:54"
"C:\Users\TUF Gaming\Desktop\我的專案\財富密碼\LOCAL-AI-STUDIO\_trainlib\peft\tuners\adalora\__pycache__\model.cpython-313.pyc","16230","2026/8/12 下午 05:44:54"
"C:\Users\TUF Gaming\Desktop\我的專案\財富密碼\LOCAL-AI-STUDIO\_trainlib\peft\tuners\adalora\__pycache__\__init__.cpython-313.pyc","1258","2026/8/12 下午 05:44:54"
"C:\Users\TUF Gaming\Desktop\我的專案\財富密碼\LOCAL-AI-STUDIO\_trainlib\peft\tuners\adamss\asa_callback.py","3209","2026/8/12 下午 05:44:54"
"C:\Users\TUF Gaming\Desktop\我的專案\財富密碼\LOCAL-AI-STUDIO\_trainlib\peft\tuners\adamss\config.py","19258","2026/8/12 下午 05:44:54"
"C:\Users\TUF Gaming\Desktop\我的專案\財富密碼\LOCAL-AI-STUDIO\_trainlib\peft\tuners\adamss\layer.py","28978","2026/8/12 下午 05:44:54"
"C:\Users\TUF Gaming\Desktop\我的專案\財富密碼\LOCAL-AI-STUDIO\_trainlib\peft\tuners\adamss\model.py","11393","2026/8/12 下午 05:44:54"
"C:\Users\TUF Gaming\Desktop\我的專案\財富密碼\LOCAL-AI-STUDIO\_trainlib\peft\tuners\adamss\utils.py","4845","2026/8/12 下午 05:44:54"
"C:\Users\TUF Gaming\Desktop\我的專案\財富密碼\LOCAL-AI-STUDIO\_trainlib\peft\tuners\adamss\__init__.py","1006","2026/8/12 下午 05:44:54"
"C:\Users\TUF Gaming\Desktop\我的專案\財富密碼\LOCAL-AI-STUDIO\_trainlib\peft\tuners\adamss\__pycache__\asa_callback.cpython-313.pyc","3062","2026/8/12 下午 05:44:54"
"C:\Users\TUF Gaming\Desktop\我的專案\財富密碼\LOCAL-AI-STUDIO\_trainlib\peft\tuners\adamss\__pycache__\config.cpython-313.pyc","16975","2026/8/12 下午 05:44:54"
"C:\Users\TUF Gaming\Desktop\我的專案\財富密碼\LOCAL-AI-STUDIO\_trainlib\peft\tuners\adamss\__pycache__\layer.cpython-313.pyc","26163","2026/8/12 下午 05:44:54"
"C:\Users\TUF Gaming\Desktop\我的專案\財富密碼\LOCAL-AI-STUDIO\_trainlib\peft\tuners\adamss\__pycache__\model.cpython-313.pyc","11853","2026/8/12 下午 05:44:54"
"C:\Users\TUF Gaming\Desktop\我的專案\財富密碼\LOCAL-AI-STUDIO\_trainlib\peft\tuners\adamss\__pycache__\utils.cpython-313.pyc","4658","2026/8/12 下午 05:44:54"
"C:\Users\TUF Gaming\Desktop\我的專案\財富密碼\LOCAL-AI-STUDIO\_trainlib\peft\tuners\adamss\__pycache__\__init__.cpython-313.pyc","573","2026/8/12 下午 05:44:54"
"C:\Users\TUF Gaming\Desktop\我的專案\財富密碼\LOCAL-AI-STUDIO\_trainlib\peft\tuners\adaption_prompt\config.py","3157","2026/8/12 下午 05:44:54"
"C:\Users\TUF Gaming\Desktop\我的專案\財富密碼\LOCAL-AI-STUDIO\_trainlib\peft\tuners\adaption_prompt\layer.py","9687","2026/8/12 下午 05:44:54"
"C:\Users\TUF Gaming\Desktop\我的專案\財富密碼\LOCAL-AI-STUDIO\_trainlib\peft\tuners\adaption_prompt\model.py","8045","2026/8/12 下午 05:44:54"
"C:\Users\TUF Gaming\Desktop\我的專案\財富密碼\LOCAL-AI-STUDIO\_trainlib\peft\tuners\adaption_prompt\utils.py","7183","2026/8/12 下午 05:44:54"
"C:\Users\TUF Gaming\Desktop\我的專案\財富密碼\LOCAL-AI-STUDIO\_trainlib\peft\tuners\adaption_prompt\__init__.py","949","2026/8/12 下午 05:44:54"
"C:\Users\TUF Gaming\Desktop\我的專案\財富密碼\LOCAL-AI-STUDIO\_trainlib\peft\tuners\adaption_prompt\__pycache__\config.cpython-313.pyc","2920","2026/8/12 下午 05:44:54"
"C:\Users\TUF Gaming\Desktop\我的專案\財富密碼\LOCAL-AI-STUDIO\_trainlib\peft\tuners\adaption_prompt\__pycache__\layer.cpython-313.pyc","11074","2026/8/12 下午 05:44:54"
"C:\Users\TUF Gaming\Desktop\我的專案\財富密碼\LOCAL-AI-STUDIO\_trainlib\peft\tuners\adaption_prompt\__pycache__\model.cpython-313.pyc","8893","2026/8/12 下午 05:44:54"
"C:\Users\TUF Gaming\Desktop\我的專案\財富密碼\LOCAL-AI-STUDIO\_trainlib\peft\tuners\adaption_prompt\__pycache__\utils.cpython-313.pyc","7708","2026/8/12 下午 05:44:54"
"C:\Users\TUF Gaming\Desktop\我的專案\財富密碼\LOCAL-AI-STUDIO\_trainlib\peft\tuners\adaption_prompt\__pycache__\__init__.cpython-313.pyc","541","2026/8/12 下午 05:44:54"
"C:\Users\TUF Gaming\Desktop\我的專案\財富密碼\LOCAL-AI-STUDIO\_trainlib\peft\tuners\beft\config.py","3357","2026/8/12 下午 05:44:54"
"C:\Users\TUF Gaming\Desktop\我的專案\財富密碼\LOCAL-AI-STUDIO\_trainlib\peft\tuners\beft\layer.py","6580","2026/8/12 下午 05:44:54"
"C:\Users\TUF Gaming\Desktop\我的專案\財富密碼\LOCAL-AI-STUDIO\_trainlib\peft\tuners\beft\model.py","3666","2026/8/12 下午 05:44:54"
"C:\Users\TUF Gaming\Desktop\我的專案\財富密碼\LOCAL-AI-STUDIO\_trainlib\peft\tuners\beft\__init__.py","909","2026/8/12 下午 05:44:54"
"C:\Users\TUF Gaming\Desktop\我的專案\財富密碼\LOCAL-AI-STUDIO\_trainlib\peft\tuners\beft\__pycache__\config.cpython-313.pyc","3391","2026/8/12 下午 05:44:54"
"C:\Users\TUF Gaming\Desktop\我的專案\財富密碼\LOCAL-AI-STUDIO\_trainlib\peft\tuners\beft\__pycache__\layer.cpython-313.pyc","8377","2026/8/12 下午 05:44:54"
"C:\Users\TUF Gaming\Desktop\我的專案\財富密碼\LOCAL-AI-STUDIO\_trainlib\peft\tuners\beft\__pycache__\model.cpython-313.pyc","3503","2026/8/12 下午 05:44:54"
"C:\Users\TUF Gaming\Desktop\我的專案\財富密碼\LOCAL-AI-STUDIO\_trainlib\peft\tuners\beft\__pycache__\__init__.cpython-313.pyc","537","2026/8/12 下午 05:44:54"
"C:\Users\TUF Gaming\Desktop\我的專案\財富密碼\LOCAL-AI-STUDIO\_trainlib\peft\tuners\boft\config.py","9520","2026/8/12 下午 05:44:54"
"C:\Users\TUF Gaming\Desktop\我的專案\財富密碼\LOCAL-AI-STUDIO\_trainlib\peft\tuners\boft\layer.py","42030","2026/8/12 下午 05:44:54"
"C:\Users\TUF Gaming\Desktop\我的專案\財富密碼\LOCAL-AI-STUDIO\_trainlib\peft\tuners\boft\model.py","5165","2026/8/12 下午 05:44:54"
"C:\Users\TUF Gaming\Desktop\我的專案\財富密碼\LOCAL-AI-STUDIO\_trainlib\peft\tuners\boft\__init__.py","865","2026/8/12 下午 05:44:54"
"C:\Users\TUF Gaming\Desktop\我的專案\財富密碼\LOCAL-AI-STUDIO\_trainlib\peft\tuners\boft\fbd\fbd_cuda.cpp","815","2026/8/12 下午 05:44:54"
"C:\Users\TUF Gaming\Desktop\我的專案\財富密碼\LOCAL-AI-STUDIO\_trainlib\peft\tuners\boft\fbd\fbd_cuda_kernel.cu","3076","2026/8/12 下午 05:44:54"
"C:\Users\TUF Gaming\Desktop\我的專案\財富密碼\LOCAL-AI-STUDIO\_trainlib\peft\tuners\boft\fbd\__init__.py","0","2026/8/12 下午 05:44:54"
"C:\Users\TUF Gaming\Desktop\我的專案\財富密碼\LOCAL-AI-STUDIO\_trainlib\peft\tuners\boft\fbd\__pycache__\__init__.cpython-313.pyc","199","2026/8/12 下午 05:44:54"
"C:\Users\TUF Gaming\Desktop\我的專案\財富密碼\LOCAL-AI-STUDIO\_trainlib\peft\tuners\boft\__pycache__\config.cpython-313.pyc","9006","2026/8/12 下午 05:44:54"
"C:\Users\TUF Gaming\Desktop\我的專案\財富密碼\LOCAL-AI-STUDIO\_trainlib\peft\tuners\boft\__pycache__\layer.cpython-313.pyc","43669","2026/8/12 下午 05:44:54"
"C:\Users\TUF Gaming\Desktop\我的專案\財富密碼\LOCAL-AI-STUDIO\_trainlib\peft\tuners\boft\__pycache__\model.cpython-313.pyc","4879","2026/8/12 下午 05:44:54"
"C:\Users\TUF Gaming\Desktop\我的專案\財富密碼\LOCAL-AI-STUDIO\_trainlib\peft\tuners\boft\__pycache__\__init__.cpython-313.pyc","488","2026/8/12 下午 05:44:54"
"C:\Users\TUF Gaming\Desktop\我的專案\財富密碼\LOCAL-AI-STUDIO\_trainlib\peft\tuners\c3a\config.py","6824","2026/8/12 下午 05:44:54"
"C:\Users\TUF Gaming\Desktop\我的專案\財富密碼\LOCAL-AI-STUDIO\_trainlib\peft\tuners\c3a\layer.py","8710","2026/8/12 下午 05:44:54"
"C:\Users\TUF Gaming\Desktop\我的專案\財富密碼\LOCAL-AI-STUDIO\_trainlib\peft\tuners\c3a\model.py","3524","2026/8/12 下午 05:44:54"
"C:\Users\TUF Gaming\Desktop\我的專案\財富密碼\LOCAL-AI-STUDIO\_trainlib\peft\tuners\c3a\utils.py","1767","2026/8/12 下午 05:44:54"
"C:\Users\TUF Gaming\Desktop\我的專案\財富密碼\LOCAL-AI-STUDIO\_trainlib\peft\tuners\c3a\__init__.py","879","2026/8/12 下午 05:44:54"
"C:\Users\TUF Gaming\Desktop\我的專案\財富密碼\LOCAL-AI-STUDIO\_trainlib\peft\tuners\c3a\__pycache__\config.cpython-313.pyc","6299","2026/8/12 下午 05:44:54"
"C:\Users\TUF Gaming\Desktop\我的專案\財富密碼\LOCAL-AI-STUDIO\_trainlib\peft\tuners\c3a\__pycache__\layer.cpython-313.pyc","10848","2026/8/12 下午 05:44:54"
"C:\Users\TUF Gaming\Desktop\我的專案\財富密碼\LOCAL-AI-STUDIO\_trainlib\peft\tuners\c3a\__pycache__\model.cpython-313.pyc","3638","2026/8/12 下午 05:44:54"
"C:\Users\TUF Gaming\Desktop\我的專案\財富密碼\LOCAL-AI-STUDIO\_trainlib\peft\tuners\c3a\__pycache__\utils.cpython-313.pyc","2998","2026/8/12 下午 05:44:54"
"C:\Users\TUF Gaming\Desktop\我的專案\財富密碼\LOCAL-AI-STUDIO\_trainlib\peft\tuners\c3a\__pycache__\__init__.cpython-313.pyc","508","2026/8/12 下午 05:44:54"
"C:\Users\TUF Gaming\Desktop\我的專案\財富密碼\LOCAL-AI-STUDIO\_trainlib\peft\tuners\cartridge\config.py","3509","2026/8/12 下午 05:44:54"
"C:\Users\TUF Gaming\Desktop\我的專案\財富密碼\LOCAL-AI-STUDIO\_trainlib\peft\tuners\cartridge\model.py","4793","2026/8/12 下午 05:44:54"
"C:\Users\TUF Gaming\Desktop\我的專案\財富密碼\LOCAL-AI-STUDIO\_trainlib\peft\tuners\cartridge\utils.py","9601","2026/8/12 下午 05:44:54"
"C:\Users\TUF Gaming\Desktop\我的專案\財富密碼\LOCAL-AI-STUDIO\_trainlib\peft\tuners\cartridge\__init__.py","864","2026/8/12 下午 05:44:54"
"C:\Users\TUF Gaming\Desktop\我的專案\財富密碼\LOCAL-AI-STUDIO\_trainlib\peft\tuners\cartridge\__pycache__\config.cpython-313.pyc","3400","2026/8/12 下午 05:44:54"
"C:\Users\TUF Gaming\Desktop\我的專案\財富密碼\LOCAL-AI-STUDIO\_trainlib\peft\tuners\cartridge\__pycache__\model.cpython-313.pyc","6606","2026/8/12 下午 05:44:54"
"C:\Users\TUF Gaming\Desktop\我的專案\財富密碼\LOCAL-AI-STUDIO\_trainlib\peft\tuners\cartridge\__pycache__\utils.cpython-313.pyc","11117","2026/8/12 下午 05:44:54"
"C:\Users\TUF Gaming\Desktop\我的專案\財富密碼\LOCAL-AI-STUDIO\_trainlib\peft\tuners\cartridge\__pycache__\__init__.cpython-313.pyc","470","2026/8/12 下午 05:44:54"
"C:\Users\TUF Gaming\Desktop\我的專案\財富密碼\LOCAL-AI-STUDIO\_trainlib\peft\tuners\cpt\config.py","4158","2026/8/12 下午 05:44:54"
"C:\Users\TUF Gaming\Desktop\我的專案\財富密碼\LOCAL-AI-STUDIO\_trainlib\peft\tuners\cpt\model.py","8451","2026/8/12 下午 05:44:54"
"C:\Users\TUF Gaming\Desktop\我的專案\財富密碼\LOCAL-AI-STUDIO\_trainlib\peft\tuners\cpt\__init__.py","829","2026/8/12 下午 05:44:54"
"C:\Users\TUF Gaming\Desktop\我的專案\財富密碼\LOCAL-AI-STUDIO\_trainlib\peft\tuners\cpt\__pycache__\config.cpython-313.pyc","4222","2026/8/12 下午 05:44:54"
"C:\Users\TUF Gaming\Desktop\我的專案\財富密碼\LOCAL-AI-STUDIO\_trainlib\peft\tuners\cpt\__pycache__\model.cpython-313.pyc","10828","2026/8/12 下午 05:44:54"
"C:\Users\TUF Gaming\Desktop\我的專案\財富密碼\LOCAL-AI-STUDIO\_trainlib\peft\tuners\cpt\__pycache__\__init__.cpython-313.pyc","446","2026/8/12 下午 05:44:54"
"C:\Users\TUF Gaming\Desktop\我的專案\財富密碼\LOCAL-AI-STUDIO\_trainlib\peft\tuners\deft\config.py","11034","2026/8/12 下午 05:44:54"
"C:\Users\TUF Gaming\Desktop\我的專案\財富密碼\LOCAL-AI-STUDIO\_trainlib\peft\tuners\deft\layer.py","18396","2026/8/12 下午 05:44:54"
"C:\Users\TUF Gaming\Desktop\我的專案\財富密碼\LOCAL-AI-STUDIO\_trainlib\peft\tuners\deft\model.py","4411","2026/8/12 下午 05:44:54"
"C:\Users\TUF Gaming\Desktop\我的專案\財富密碼\LOCAL-AI-STUDIO\_trainlib\peft\tuners\deft\__init__.py","891","2026/8/12 下午 05:44:54"
"C:\Users\TUF Gaming\Desktop\我的專案\財富密碼\LOCAL-AI-STUDIO\_trainlib\peft\tuners\deft\__pycache__\config.cpython-313.pyc","10437","2026/8/12 下午 05:44:54"
"C:\Users\TUF Gaming\Desktop\我的專案\財富密碼\LOCAL-AI-STUDIO\_trainlib\peft\tuners\deft\__pycache__\layer.cpython-313.pyc","18631","2026/8/12 下午 05:44:54"
"C:\Users\TUF Gaming\Desktop\我的專案\財富密碼\LOCAL-AI-STUDIO\_trainlib\peft\tuners\deft\__pycache__\model.cpython-313.pyc","4118","2026/8/12 下午 05:44:54"
"C:\Users\TUF Gaming\Desktop\我的專案\財富密碼\LOCAL-AI-STUDIO\_trainlib\peft\tuners\deft\__pycache__\__init__.cpython-313.pyc","515","2026/8/12 下午 05:44:54"
"C:\Users\TUF Gaming\Desktop\我的專案\財富密碼\LOCAL-AI-STUDIO\_trainlib\peft\tuners\delora\config.py","9251","2026/8/12 下午 05:44:54"
"C:\Users\TUF Gaming\Desktop\我的專案\財富密碼\LOCAL-AI-STUDIO\_trainlib\peft\tuners\delora\layer.py","10481","2026/8/12 下午 05:44:54"
"C:\Users\TUF Gaming\Desktop\我的專案\財富密碼\LOCAL-AI-STUDIO\_trainlib\peft\tuners\delora\model.py","4018","2026/8/12 下午 05:44:54"
"C:\Users\TUF Gaming\Desktop\我的專案\財富密碼\LOCAL-AI-STUDIO\_trainlib\peft\tuners\delora\__init__.py","912","2026/8/12 下午 05:44:54"
"C:\Users\TUF Gaming\Desktop\我的專案\財富密碼\LOCAL-AI-STUDIO\_trainlib\peft\tuners\delora\__pycache__\config.cpython-313.pyc","8985","2026/8/12 下午 05:44:54"
"C:\Users\TUF Gaming\Desktop\我的專案\財富密碼\LOCAL-AI-STUDIO\_trainlib\peft\tuners\delora\__pycache__\layer.cpython-313.pyc","13927","2026/8/12 下午 05:44:54"
"C:\Users\TUF Gaming\Desktop\我的專案\財富密碼\LOCAL-AI-STUDIO\_trainlib\peft\tuners\delora\__pycache__\model.cpython-313.pyc","4118","2026/8/12 下午 05:44:54"
"C:\Users\TUF Gaming\Desktop\我的專案\財富密碼\LOCAL-AI-STUDIO\_trainlib\peft\tuners\delora\__pycache__\__init__.cpython-313.pyc","527","2026/8/12 下午 05:44:54"
"C:\Users\TUF Gaming\Desktop\我的專案\財富密碼\LOCAL-AI-STUDIO\_trainlib\peft\tuners\fourierft\config.py","12215","2026/8/12 下午 05:44:54"
"C:\Users\TUF Gaming\Desktop\我的專案\財富密碼\LOCAL-AI-STUDIO\_trainlib\peft\tuners\fourierft\layer.py","8837","2026/8/12 下午 05:44:54"
"C:\Users\TUF Gaming\Desktop\我的專案\財富密碼\LOCAL-AI-STUDIO\_trainlib\peft\tuners\fourierft\model.py","4619","2026/8/12 下午 05:44:54"
"C:\Users\TUF Gaming\Desktop\我的專案\財富密碼\LOCAL-AI-STUDIO\_trainlib\peft\tuners\fourierft\__init__.py","946","2026/8/12 下午 05:44:54"
"C:\Users\TUF Gaming\Desktop\我的專案\財富密碼\LOCAL-AI-STUDIO\_trainlib\peft\tuners\fourierft\__pycache__\config.cpython-313.pyc","11255","2026/8/12 下午 05:44:54"
"C:\Users\TUF Gaming\Desktop\我的專案\財富密碼\LOCAL-AI-STUDIO\_trainlib\peft\tuners\fourierft\__pycache__\layer.cpython-313.pyc","11422","2026/8/12 下午 05:44:54"
"C:\Users\TUF Gaming\Desktop\我的專案\財富密碼\LOCAL-AI-STUDIO\_trainlib\peft\tuners\fourierft\__pycache__\model.cpython-313.pyc","4607","2026/8/12 下午 05:44:54"
"C:\Users\TUF Gaming\Desktop\我的專案\財富密碼\LOCAL-AI-STUDIO\_trainlib\peft\tuners\fourierft\__pycache__\__init__.cpython-313.pyc","545","2026/8/12 下午 05:44:54"
"C:\Users\TUF Gaming\Desktop\我的專案\財富密碼\LOCAL-AI-STUDIO\_trainlib\peft\tuners\frod\config.py","9366","2026/8/12 下午 05:44:54"
"C:\Users\TUF Gaming\Desktop\我的專案\財富密碼\LOCAL-AI-STUDIO\_trainlib\peft\tuners\frod\layer.py","19804","2026/8/12 下午 05:44:54"
"C:\Users\TUF Gaming\Desktop\我的專案\財富密碼\LOCAL-AI-STUDIO\_trainlib\peft\tuners\frod\model.py","13241","2026/8/12 下午 05:44:54"
"C:\Users\TUF Gaming\Desktop\我的專案\財富密碼\LOCAL-AI-STUDIO\_trainlib\peft\tuners\frod\__init__.py","899","2026/8/12 下午 05:44:54"
"C:\Users\TUF Gaming\Desktop\我的專案\財富密碼\LOCAL-AI-STUDIO\_trainlib\peft\tuners\frod\__pycache__\config.cpython-313.pyc","8656","2026/8/12 下午 05:44:54"
"C:\Users\TUF Gaming\Desktop\我的專案\財富密碼\LOCAL-AI-STUDIO\_trainlib\peft\tuners\frod\__pycache__\layer.cpython-313.pyc","24143","2026/8/12 下午 05:44:54"
"C:\Users\TUF Gaming\Desktop\我的專案\財富密碼\LOCAL-AI-STUDIO\_trainlib\peft\tuners\frod\__pycache__\model.cpython-313.pyc","16323","2026/8/12 下午 05:44:54"
"C:\Users\TUF Gaming\Desktop\我的專案\財富密碼\LOCAL-AI-STUDIO\_trainlib\peft\tuners\frod\__pycache__\__init__.cpython-313.pyc","530","2026/8/12 下午 05:44:54"
"C:\Users\TUF Gaming\Desktop\我的專案\財富密碼\LOCAL-AI-STUDIO\_trainlib\peft\tuners\glora\config.py","6636","2026/8/12 下午 05:44:54"
"C:\Users\TUF Gaming\Desktop\我的專案\財富密碼\LOCAL-AI-STUDIO\_trainlib\peft\tuners\glora\layer.py","16884","2026/8/12 下午 05:44:54"
"C:\Users\TUF Gaming\Desktop\我的專案\財富密碼\LOCAL-AI-STUDIO\_trainlib\peft\tuners\glora\model.py","4144","2026/8/12 下午 05:44:54"
"C:\Users\TUF Gaming\Desktop\我的專案\財富密碼\LOCAL-AI-STUDIO\_trainlib\peft\tuners\glora\__init__.py","902","2026/8/12 下午 05:44:54"
"C:\Users\TUF Gaming\Desktop\我的專案\財富密碼\LOCAL-AI-STUDIO\_trainlib\peft\tuners\glora\__pycache__\config.cpython-313.pyc","6343","2026/8/12 下午 05:44:54"
"C:\Users\TUF Gaming\Desktop\我的專案\財富密碼\LOCAL-AI-STUDIO\_trainlib\peft\tuners\glora\__pycache__\layer.cpython-313.pyc","22484","2026/8/12 下午 05:44:54"
"C:\Users\TUF Gaming\Desktop\我的專案\財富密碼\LOCAL-AI-STUDIO\_trainlib\peft\tuners\glora\__pycache__\model.cpython-313.pyc","4851","2026/8/12 下午 05:44:54"
"C:\Users\TUF Gaming\Desktop\我的專案\財富密碼\LOCAL-AI-STUDIO\_trainlib\peft\tuners\glora\__pycache__\__init__.cpython-313.pyc","521","2026/8/12 下午 05:44:54"
"C:\Users\TUF Gaming\Desktop\我的專案\財富密碼\LOCAL-AI-STUDIO\_trainlib\peft\tuners\gralora\config.py","10405","2026/8/12 下午 05:44:54"
"C:\Users\TUF Gaming\Desktop\我的專案\財富密碼\LOCAL-AI-STUDIO\_trainlib\peft\tuners\gralora\layer.py","15853","2026/8/12 下午 05:44:54"
"C:\Users\TUF Gaming\Desktop\我的專案\財富密碼\LOCAL-AI-STUDIO\_trainlib\peft\tuners\gralora\model.py","4472","2026/8/12 下午 05:44:54"
"C:\Users\TUF Gaming\Desktop\我的專案\財富密碼\LOCAL-AI-STUDIO\_trainlib\peft\tuners\gralora\__init__.py","892","2026/8/12 下午 05:44:54"
"C:\Users\TUF Gaming\Desktop\我的專案\財富密碼\LOCAL-AI-STUDIO\_trainlib\peft\tuners\gralora\__pycache__\config.cpython-313.pyc","9774","2026/8/12 下午 05:44:54"
"C:\Users\TUF Gaming\Desktop\我的專案\財富密碼\LOCAL-AI-STUDIO\_trainlib\peft\tuners\gralora\__pycache__\layer.cpython-313.pyc","17210","2026/8/12 下午 05:44:54"
"C:\Users\TUF Gaming\Desktop\我的專案\財富密碼\LOCAL-AI-STUDIO\_trainlib\peft\tuners\gralora\__pycache__\model.cpython-313.pyc","4079","2026/8/12 下午 05:44:54"
"C:\Users\TUF Gaming\Desktop\我的專案\財富密碼\LOCAL-AI-STUDIO\_trainlib\peft\tuners\gralora\__pycache__\__init__.cpython-313.pyc","503","2026/8/12 下午 05:44:54"
"C:\Users\TUF Gaming\Desktop\我的專案\財富密碼\LOCAL-AI-STUDIO\_trainlib\peft\tuners\hira\bnb.py","20881","2026/8/12 下午 05:44:54"
"C:\Users\TUF Gaming\Desktop\我的專案\財富密碼\LOCAL-AI-STUDIO\_trainlib\peft\tuners\hira\config.py","9122","2026/8/12 下午 05:44:54"
"C:\Users\TUF Gaming\Desktop\我的專案\財富密碼\LOCAL-AI-STUDIO\_trainlib\peft\tuners\hira\layer.py","32435","2026/8/12 下午 05:44:54"
"C:\Users\TUF Gaming\Desktop\我的專案\財富密碼\LOCAL-AI-STUDIO\_trainlib\peft\tuners\hira\model.py","8927","2026/8/12 下午 05:44:54"
"C:\Users\TUF Gaming\Desktop\我的專案\財富密碼\LOCAL-AI-STUDIO\_trainlib\peft\tuners\hira\__init__.py","1341","2026/8/12 下午 05:44:54"
"C:\Users\TUF Gaming\Desktop\我的專案\財富密碼\LOCAL-AI-STUDIO\_trainlib\peft\tuners\hira\__pycache__\bnb.cpython-313.pyc","20832","2026/8/12 下午 05:44:54"
"C:\Users\TUF Gaming\Desktop\我的專案\財富密碼\LOCAL-AI-STUDIO\_trainlib\peft\tuners\hira\__pycache__\config.cpython-313.pyc","8671","2026/8/12 下午 05:44:54"
"C:\Users\TUF Gaming\Desktop\我的專案\財富密碼\LOCAL-AI-STUDIO\_trainlib\peft\tuners\hira\__pycache__\layer.cpython-313.pyc","35730","2026/8/12 下午 05:44:54"
"C:\Users\TUF Gaming\Desktop\我的專案\財富密碼\LOCAL-AI-STUDIO\_trainlib\peft\tuners\hira\__pycache__\model.cpython-313.pyc","8536","2026/8/12 下午 05:44:54"
"C:\Users\TUF Gaming\Desktop\我的專案\財富密碼\LOCAL-AI-STUDIO\_trainlib\peft\tuners\hira\__pycache__\__init__.cpython-313.pyc","1066","2026/8/12 下午 05:44:54"
"C:\Users\TUF Gaming\Desktop\我的專案\財富密碼\LOCAL-AI-STUDIO\_trainlib\peft\tuners\hra\config.py","7041","2026/8/12 下午 05:44:54"
"C:\Users\TUF Gaming\Desktop\我的專案\財富密碼\LOCAL-AI-STUDIO\_trainlib\peft\tuners\hra\layer.py","19001","2026/8/12 下午 05:44:54"
"C:\Users\TUF Gaming\Desktop\我的專案\財富密碼\LOCAL-AI-STUDIO\_trainlib\peft\tuners\hra\model.py","4501","2026/8/12 下午 05:44:54"
"C:\Users\TUF Gaming\Desktop\我的專案\財富密碼\LOCAL-AI-STUDIO\_trainlib\peft\tuners\hra\__init__.py","904","2026/8/12 下午 05:44:54"
"C:\Users\TUF Gaming\Desktop\我的專案\財富密碼\LOCAL-AI-STUDIO\_trainlib\peft\tuners\hra\__pycache__\config.cpython-313.pyc","6796","2026/8/12 下午 05:44:54"
"C:\Users\TUF Gaming\Desktop\我的專案\財富密碼\LOCAL-AI-STUDIO\_trainlib\peft\tuners\hra\__pycache__\layer.cpython-313.pyc","23709","2026/8/12 下午 05:44:54"
"C:\Users\TUF Gaming\Desktop\我的專案\財富密碼\LOCAL-AI-STUDIO\_trainlib\peft\tuners\hra\__pycache__\model.cpython-313.pyc","4231","2026/8/12 下午 05:44:54"
"C:\Users\TUF Gaming\Desktop\我的專案\財富密碼\LOCAL-AI-STUDIO\_trainlib\peft\tuners\hra\__pycache__\__init__.cpython-313.pyc","537","2026/8/12 下午 05:44:54"
"C:\Users\TUF Gaming\Desktop\我的專案\財富密碼\LOCAL-AI-STUDIO\_trainlib\peft\tuners\ia3\bnb.py","4668","2026/8/12 下午 05:44:54"
"C:\Users\TUF Gaming\Desktop\我的專案\財富密碼\LOCAL-AI-STUDIO\_trainlib\peft\tuners\ia3\config.py","5924","2026/8/12 下午 05:44:54"
"C:\Users\TUF Gaming\Desktop\我的專案\財富密碼\LOCAL-AI-STUDIO\_trainlib\peft\tuners\ia3\layer.py","14948","2026/8/12 下午 05:44:54"
"C:\Users\TUF Gaming\Desktop\我的專案\財富密碼\LOCAL-AI-STUDIO\_trainlib\peft\tuners\ia3\model.py","13683","2026/8/12 下午 05:44:54"
"C:\Users\TUF Gaming\Desktop\我的專案\財富密碼\LOCAL-AI-STUDIO\_trainlib\peft\tuners\ia3\__init__.py","1349","2026/8/12 下午 05:44:54"
"C:\Users\TUF Gaming\Desktop\我的專案\財富密碼\LOCAL-AI-STUDIO\_trainlib\peft\tuners\ia3\__pycache__\bnb.cpython-313.pyc","5135","2026/8/12 下午 05:44:54"
"C:\Users\TUF Gaming\Desktop\我的專案\財富密碼\LOCAL-AI-STUDIO\_trainlib\peft\tuners\ia3\__pycache__\config.cpython-313.pyc","5890","2026/8/12 下午 05:44:54"
"C:\Users\TUF Gaming\Desktop\我的專案\財富密碼\LOCAL-AI-STUDIO\_trainlib\peft\tuners\ia3\__pycache__\layer.cpython-313.pyc","18798","2026/8/12 下午 05:44:54"
"C:\Users\TUF Gaming\Desktop\我的專案\財富密碼\LOCAL-AI-STUDIO\_trainlib\peft\tuners\ia3\__pycache__\model.cpython-313.pyc","15181","2026/8/12 下午 05:44:54"
"C:\Users\TUF Gaming\Desktop\我的專案\財富密碼\LOCAL-AI-STUDIO\_trainlib\peft\tuners\ia3\__pycache__\__init__.cpython-313.pyc","1146","2026/8/12 下午 05:44:54"
"C:\Users\TUF Gaming\Desktop\我的專案\財富密碼\LOCAL-AI-STUDIO\_trainlib\peft\tuners\lily\config.py","14892","2026/8/12 下午 05:44:54"
"C:\Users\TUF Gaming\Desktop\我的專案\財富密碼\LOCAL-AI-STUDIO\_trainlib\peft\tuners\lily\layer.py","6850","2026/8/12 下午 05:44:54"
"C:\Users\TUF Gaming\Desktop\我的專案\財富密碼\LOCAL-AI-STUDIO\_trainlib\peft\tuners\lily\model.py","6416","2026/8/12 下午 05:44:54"
"C:\Users\TUF Gaming\Desktop\我的專案\財富密碼\LOCAL-AI-STUDIO\_trainlib\peft\tuners\lily\__init__.py","932","2026/8/12 下午 05:44:54"
"C:\Users\TUF Gaming\Desktop\我的專案\財富密碼\LOCAL-AI-STUDIO\_trainlib\peft\tuners\lily\__pycache__\config.cpython-313.pyc","13547","2026/8/12 下午 05:44:54"
"C:\Users\TUF Gaming\Desktop\我的專案\財富密碼\LOCAL-AI-STUDIO\_trainlib\peft\tuners\lily\__pycache__\layer.cpython-313.pyc","8982","2026/8/12 下午 05:44:54"
"C:\Users\TUF Gaming\Desktop\我的專案\財富密碼\LOCAL-AI-STUDIO\_trainlib\peft\tuners\lily\__pycache__\model.cpython-313.pyc","5673","2026/8/12 下午 05:44:54"
"C:\Users\TUF Gaming\Desktop\我的專案\財富密碼\LOCAL-AI-STUDIO\_trainlib\peft\tuners\lily\__pycache__\__init__.cpython-313.pyc","559","2026/8/12 下午 05:44:54"
"C:\Users\TUF Gaming\Desktop\我的專案\財富密碼\LOCAL-AI-STUDIO\_trainlib\peft\tuners\ln_tuning\config.py","3406","2026/8/12 下午 05:44:54"
"C:\Users\TUF Gaming\Desktop\我的專案\財富密碼\LOCAL-AI-STUDIO\_trainlib\peft\tuners\ln_tuning\layer.py","4866","2026/8/12 下午 05:44:54"
"C:\Users\TUF Gaming\Desktop\我的專案\財富密碼\LOCAL-AI-STUDIO\_trainlib\peft\tuners\ln_tuning\model.py","5396","2026/8/12 下午 05:44:54"
"C:\Users\TUF Gaming\Desktop\我的專案\財富密碼\LOCAL-AI-STUDIO\_trainlib\peft\tuners\ln_tuning\__init__.py","852","2026/8/12 下午 05:44:54"
"C:\Users\TUF Gaming\Desktop\我的專案\財富密碼\LOCAL-AI-STUDIO\_trainlib\peft\tuners\ln_tuning\__pycache__\config.cpython-313.pyc","3284","2026/8/12 下午 05:44:54"
"C:\Users\TUF Gaming\Desktop\我的專案\財富密碼\LOCAL-AI-STUDIO\_trainlib\peft\tuners\ln_tuning\__pycache__\layer.cpython-313.pyc","5984","2026/8/12 下午 05:44:54"
"C:\Users\TUF Gaming\Desktop\我的專案\財富密碼\LOCAL-AI-STUDIO\_trainlib\peft\tuners\ln_tuning\__pycache__\model.cpython-313.pyc","5918","2026/8/12 下午 05:44:54"
"C:\Users\TUF Gaming\Desktop\我的專案\財富密碼\LOCAL-AI-STUDIO\_trainlib\peft\tuners\ln_tuning\__pycache__\__init__.cpython-313.pyc","464","2026/8/12 下午 05:44:54"
"C:\Users\TUF Gaming\Desktop\我的專案\財富密碼\LOCAL-AI-STUDIO\_trainlib\peft\tuners\loha\config.py","7531","2026/8/12 下午 05:44:54"
"C:\Users\TUF Gaming\Desktop\我的專案\財富密碼\LOCAL-AI-STUDIO\_trainlib\peft\tuners\loha\layer.py","18377","2026/8/12 下午 05:44:54"
"C:\Users\TUF Gaming\Desktop\我的專案\財富密碼\LOCAL-AI-STUDIO\_trainlib\peft\tuners\loha\model.py","4431","2026/8/12 下午 05:44:54"
"C:\Users\TUF Gaming\Desktop\我的專案\財富密碼\LOCAL-AI-STUDIO\_trainlib\peft\tuners\loha\__init__.py","943","2026/8/12 下午 05:44:54"
"C:\Users\TUF Gaming\Desktop\我的專案\財富密碼\LOCAL-AI-STUDIO\_trainlib\peft\tuners\loha\__pycache__\config.cpython-313.pyc","7306","2026/8/12 下午 05:44:54"
"C:\Users\TUF Gaming\Desktop\我的專案\財富密碼\LOCAL-AI-STUDIO\_trainlib\peft\tuners\loha\__pycache__\layer.cpython-313.pyc","22097","2026/8/12 下午 05:44:54"
"C:\Users\TUF Gaming\Desktop\我的專案\財富密碼\LOCAL-AI-STUDIO\_trainlib\peft\tuners\loha\__pycache__\model.cpython-313.pyc","4729","2026/8/12 下午 05:44:54"
"C:\Users\TUF Gaming\Desktop\我的專案\財富密碼\LOCAL-AI-STUDIO\_trainlib\peft\tuners\loha\__pycache__\__init__.cpython-313.pyc","583","2026/8/12 下午 05:44:54"
"C:\Users\TUF Gaming\Desktop\我的專案\財富密碼\LOCAL-AI-STUDIO\_trainlib\peft\tuners\lokr\config.py","8325","2026/8/12 下午 05:44:54"
"C:\Users\TUF Gaming\Desktop\我的專案\財富密碼\LOCAL-AI-STUDIO\_trainlib\peft\tuners\lokr\layer.py","19957","2026/8/12 下午 05:44:54"
"C:\Users\TUF Gaming\Desktop\我的專案\財富密碼\LOCAL-AI-STUDIO\_trainlib\peft\tuners\lokr\model.py","4493","2026/8/12 下午 05:44:54"
"C:\Users\TUF Gaming\Desktop\我的專案\財富密碼\LOCAL-AI-STUDIO\_trainlib\peft\tuners\lokr\__init__.py","927","2026/8/12 下午 05:44:54"
"C:\Users\TUF Gaming\Desktop\我的專案\財富密碼\LOCAL-AI-STUDIO\_trainlib\peft\tuners\lokr\__pycache__\config.cpython-313.pyc","8100","2026/8/12 下午 05:44:54"
"C:\Users\TUF Gaming\Desktop\我的專案\財富密碼\LOCAL-AI-STUDIO\_trainlib\peft\tuners\lokr\__pycache__\layer.cpython-313.pyc","24762","2026/8/12 下午 05:44:54"
"C:\Users\TUF Gaming\Desktop\我的專案\財富密碼\LOCAL-AI-STUDIO\_trainlib\peft\tuners\lokr\__pycache__\model.cpython-313.pyc","4787","2026/8/12 下午 05:44:54"
"C:\Users\TUF Gaming\Desktop\我的專案\財富密碼\LOCAL-AI-STUDIO\_trainlib\peft\tuners\lokr\__pycache__\__init__.cpython-313.pyc","563","2026/8/12 下午 05:44:54"
"C:\Users\TUF Gaming\Desktop\我的專案\財富密碼\LOCAL-AI-STUDIO\_trainlib\peft\tuners\lora\aqlm.py","3313","2026/8/12 下午 05:44:54"
"C:\Users\TUF Gaming\Desktop\我的專案\財富密碼\LOCAL-AI-STUDIO\_trainlib\peft\tuners\lora\arrow.py","19814","2026/8/12 下午 05:44:54"
"C:\Users\TUF Gaming\Desktop\我的專案\財富密碼\LOCAL-AI-STUDIO\_trainlib\peft\tuners\lora\awq.py","3438","2026/8/12 下午 05:44:54"
"C:\Users\TUF Gaming\Desktop\我的專案\財富密碼\LOCAL-AI-STUDIO\_trainlib\peft\tuners\lora\bnb.py","26392","2026/8/12 下午 05:44:54"
"C:\Users\TUF Gaming\Desktop\我的專案\財富密碼\LOCAL-AI-STUDIO\_trainlib\peft\tuners\lora\config.py","65761","2026/8/12 下午 05:44:54"
"C:\Users\TUF Gaming\Desktop\我的專案\財富密碼\LOCAL-AI-STUDIO\_trainlib\peft\tuners\lora\conversion.py","20362","2026/8/12 下午 05:44:54"
"C:\Users\TUF Gaming\Desktop\我的專案\財富密碼\LOCAL-AI-STUDIO\_trainlib\peft\tuners\lora\corda.py","15981","2026/8/12 下午 05:44:54"
"C:\Users\TUF Gaming\Desktop\我的專案\財富密碼\LOCAL-AI-STUDIO\_trainlib\peft\tuners\lora\dora.py","11792","2026/8/12 下午 05:44:54"
"C:\Users\TUF Gaming\Desktop\我的專案\財富密碼\LOCAL-AI-STUDIO\_trainlib\peft\tuners\lora\eetq.py","4358","2026/8/12 下午 05:44:54"
"C:\Users\TUF Gaming\Desktop\我的專案\財富密碼\LOCAL-AI-STUDIO\_trainlib\peft\tuners\lora\eva.py","34114","2026/8/12 下午 05:44:54"
"C:\Users\TUF Gaming\Desktop\我的專案\財富密碼\LOCAL-AI-STUDIO\_trainlib\peft\tuners\lora\gptq.py","4502","2026/8/12 下午 05:44:54"
"C:\Users\TUF Gaming\Desktop\我的專案\財富密碼\LOCAL-AI-STUDIO\_trainlib\peft\tuners\lora\hqq.py","10280","2026/8/12 下午 05:44:54"
"C:\Users\TUF Gaming\Desktop\我的專案\財富密碼\LOCAL-AI-STUDIO\_trainlib\peft\tuners\lora\inc.py","3076","2026/8/12 下午 05:44:54"
"C:\Users\TUF Gaming\Desktop\我的專案\財富密碼\LOCAL-AI-STUDIO\_trainlib\peft\tuners\lora\intruders.py","8466","2026/8/12 下午 05:44:54"
"C:\Users\TUF Gaming\Desktop\我的專案\財富密碼\LOCAL-AI-STUDIO\_trainlib\peft\tuners\lora\layer.py","120599","2026/8/12 下午 05:44:54"
"C:\Users\TUF Gaming\Desktop\我的專案\財富密碼\LOCAL-AI-STUDIO\_trainlib\peft\tuners\lora\loraga.py","7663","2026/8/12 下午 05:44:54"
"C:\Users\TUF Gaming\Desktop\我的專案\財富密碼\LOCAL-AI-STUDIO\_trainlib\peft\tuners\lora\model.py","53019","2026/8/12 下午 05:44:54"
"C:\Users\TUF Gaming\Desktop\我的專案\財富密碼\LOCAL-AI-STUDIO\_trainlib\peft\tuners\lora\monteclora.py","10053","2026/8/12 下午 05:44:54"
"C:\Users\TUF Gaming\Desktop\我的專案\財富密碼\LOCAL-AI-STUDIO\_trainlib\peft\tuners\lora\te.py","4522","2026/8/12 下午 05:44:54"
"C:\Users\TUF Gaming\Desktop\我的專案\財富密碼\LOCAL-AI-STUDIO\_trainlib\peft\tuners\lora\torchao.py","6571","2026/8/12 下午 05:44:54"
"C:\Users\TUF Gaming\Desktop\我的專案\財富密碼\LOCAL-AI-STUDIO\_trainlib\peft\tuners\lora\tp_layer.py","14896","2026/8/12 下午 05:44:54"
"C:\Users\TUF Gaming\Desktop\我的專案\財富密碼\LOCAL-AI-STUDIO\_trainlib\peft\tuners\lora\variants.py","56850","2026/8/12 下午 05:44:54"
"C:\Users\TUF Gaming\Desktop\我的專案\財富密碼\LOCAL-AI-STUDIO\_trainlib\peft\tuners\lora\velora.py","3916","2026/8/12 下午 05:44:54"
"C:\Users\TUF Gaming\Desktop\我的專案\財富密碼\LOCAL-AI-STUDIO\_trainlib\peft\tuners\lora\__init__.py","2324","2026/8/12 下午 05:44:54"
"C:\Users\TUF Gaming\Desktop\我的專案\財富密碼\LOCAL-AI-STUDIO\_trainlib\peft\tuners\lora\__pycache__\aqlm.cpython-313.pyc","4141","2026/8/12 下午 05:44:54"
"C:\Users\TUF Gaming\Desktop\我的專案\財富密碼\LOCAL-AI-STUDIO\_trainlib\peft\tuners\lora\__pycache__\arrow.cpython-313.pyc","21069","2026/8/12 下午 05:44:54"
"C:\Users\TUF Gaming\Desktop\我的專案\財富密碼\LOCAL-AI-STUDIO\_trainlib\peft\tuners\lora\__pycache__\awq.cpython-313.pyc","4134","2026/8/12 下午 05:44:54"
"C:\Users\TUF Gaming\Desktop\我的專案\財富密碼\LOCAL-AI-STUDIO\_trainlib\peft\tuners\lora\__pycache__\bnb.cpython-313.pyc","24094","2026/8/12 下午 05:44:54"
"C:\Users\TUF Gaming\Desktop\我的專案\財富密碼\LOCAL-AI-STUDIO\_trainlib\peft\tuners\lora\__pycache__\config.cpython-313.pyc","62493","2026/8/12 下午 05:44:54"
"C:\Users\TUF Gaming\Desktop\我的專案\財富密碼\LOCAL-AI-STUDIO\_trainlib\peft\tuners\lora\__pycache__\conversion.cpython-313.pyc","19723","2026/8/12 下午 05:44:54"
"C:\Users\TUF Gaming\Desktop\我的專案\財富密碼\LOCAL-AI-STUDIO\_trainlib\peft\tuners\lora\__pycache__\corda.cpython-313.pyc","19012","2026/8/12 下午 05:44:54"
"C:\Users\TUF Gaming\Desktop\我的專案\財富密碼\LOCAL-AI-STUDIO\_trainlib\peft\tuners\lora\__pycache__\dora.cpython-313.pyc","13364","2026/8/12 下午 05:44:54"
"C:\Users\TUF Gaming\Desktop\我的專案\財富密碼\LOCAL-AI-STUDIO\_trainlib\peft\tuners\lora\__pycache__\eetq.cpython-313.pyc","5035","2026/8/12 下午 05:44:54"
"C:\Users\TUF Gaming\Desktop\我的專案\財富密碼\LOCAL-AI-STUDIO\_trainlib\peft\tuners\lora\__pycache__\eva.cpython-313.pyc","37997","2026/8/12 下午 05:44:54"
"C:\Users\TUF Gaming\Desktop\我的專案\財富密碼\LOCAL-AI-STUDIO\_trainlib\peft\tuners\lora\__pycache__\gptq.cpython-313.pyc","5235","2026/8/12 下午 05:44:54"
"C:\Users\TUF Gaming\Desktop\我的專案\財富密碼\LOCAL-AI-STUDIO\_trainlib\peft\tuners\lora\__pycache__\hqq.cpython-313.pyc","11067","2026/8/12 下午 05:44:54"
"C:\Users\TUF Gaming\Desktop\我的專案\財富密碼\LOCAL-AI-STUDIO\_trainlib\peft\tuners\lora\__pycache__\inc.cpython-313.pyc","3059","2026/8/12 下午 05:44:54"
"C:\Users\TUF Gaming\Desktop\我的專案\財富密碼\LOCAL-AI-STUDIO\_trainlib\peft\tuners\lora\__pycache__\intruders.cpython-313.pyc","7488","2026/8/12 下午 05:44:54"
"C:\Users\TUF Gaming\Desktop\我的專案\財富密碼\LOCAL-AI-STUDIO\_trainlib\peft\tuners\lora\__pycache__\layer.cpython-313.pyc","128161","2026/8/12 下午 05:44:54"
"C:\Users\TUF Gaming\Desktop\我的專案\財富密碼\LOCAL-AI-STUDIO\_trainlib\peft\tuners\lora\__pycache__\loraga.cpython-313.pyc","7534","2026/8/12 下午 05:44:54"
"C:\Users\TUF Gaming\Desktop\我的專案\財富密碼\LOCAL-AI-STUDIO\_trainlib\peft\tuners\lora\__pycache__\model.cpython-313.pyc","47515","2026/8/12 下午 05:44:54"
"C:\Users\TUF Gaming\Desktop\我的專案\財富密碼\LOCAL-AI-STUDIO\_trainlib\peft\tuners\lora\__pycache__\monteclora.cpython-313.pyc","13722","2026/8/12 下午 05:44:54"
"C:\Users\TUF Gaming\Desktop\我的專案\財富密碼\LOCAL-AI-STUDIO\_trainlib\peft\tuners\lora\__pycache__\te.cpython-313.pyc","5713","2026/8/12 下午 05:44:54"
"C:\Users\TUF Gaming\Desktop\我的專案\財富密碼\LOCAL-AI-STUDIO\_trainlib\peft\tuners\lora\__pycache__\torchao.cpython-313.pyc","7137","2026/8/12 下午 05:44:54"
"C:\Users\TUF Gaming\Desktop\我的專案\財富密碼\LOCAL-AI-STUDIO\_trainlib\peft\tuners\lora\__pycache__\tp_layer.cpython-313.pyc","16769","2026/8/12 下午 05:44:54"
"C:\Users\TUF Gaming\Desktop\我的專案\財富密碼\LOCAL-AI-STUDIO\_trainlib\peft\tuners\lora\__pycache__\variants.cpython-313.pyc","60054","2026/8/12 下午 05:44:54"
"C:\Users\TUF Gaming\Desktop\我的專案\財富密碼\LOCAL-AI-STUDIO\_trainlib\peft\tuners\lora\__pycache__\velora.cpython-313.pyc","5357","2026/8/12 下午 05:44:54"
"C:\Users\TUF Gaming\Desktop\我的專案\財富密碼\LOCAL-AI-STUDIO\_trainlib\peft\tuners\lora\__pycache__\__init__.cpython-313.pyc","1944","2026/8/12 下午 05:44:54"
"C:\Users\TUF Gaming\Desktop\我的專案\財富密碼\LOCAL-AI-STUDIO\_trainlib\peft\tuners\miss\config.py","7779","2026/8/12 下午 05:44:54"
"C:\Users\TUF Gaming\Desktop\我的專案\財富密碼\LOCAL-AI-STUDIO\_trainlib\peft\tuners\miss\layer.py","16527","2026/8/12 下午 05:44:54"
"C:\Users\TUF Gaming\Desktop\我的專案\財富密碼\LOCAL-AI-STUDIO\_trainlib\peft\tuners\miss\model.py","5059","2026/8/12 下午 05:44:54"
"C:\Users\TUF Gaming\Desktop\我的專案\財富密碼\LOCAL-AI-STUDIO\_trainlib\peft\tuners\miss\__init__.py","891","2026/8/12 下午 05:44:54"
"C:\Users\TUF Gaming\Desktop\我的專案\財富密碼\LOCAL-AI-STUDIO\_trainlib\peft\tuners\miss\__pycache__\config.cpython-313.pyc","7573","2026/8/12 下午 05:44:54"
"C:\Users\TUF Gaming\Desktop\我的專案\財富密碼\LOCAL-AI-STUDIO\_trainlib\peft\tuners\miss\__pycache__\layer.cpython-313.pyc","19642","2026/8/12 下午 05:44:54"
"C:\Users\TUF Gaming\Desktop\我的專案\財富密碼\LOCAL-AI-STUDIO\_trainlib\peft\tuners\miss\__pycache__\model.cpython-313.pyc","4900","2026/8/12 下午 05:44:54"
"C:\Users\TUF Gaming\Desktop\我的專案\財富密碼\LOCAL-AI-STUDIO\_trainlib\peft\tuners\miss\__pycache__\__init__.cpython-313.pyc","515","2026/8/12 下午 05:44:54"
"C:\Users\TUF Gaming\Desktop\我的專案\財富密碼\LOCAL-AI-STUDIO\_trainlib\peft\tuners\mixed\model.py","13606","2026/8/12 下午 05:44:54"
"C:\Users\TUF Gaming\Desktop\我的專案\財富密碼\LOCAL-AI-STUDIO\_trainlib\peft\tuners\mixed\__init__.py","706","2026/8/12 下午 05:44:54"
"C:\Users\TUF Gaming\Desktop\我的專案\財富密碼\LOCAL-AI-STUDIO\_trainlib\peft\tuners\mixed\__pycache__\model.cpython-313.pyc","18194","2026/8/12 下午 05:44:54"
"C:\Users\TUF Gaming\Desktop\我的專案\財富密碼\LOCAL-AI-STUDIO\_trainlib\peft\tuners\mixed\__pycache__\__init__.cpython-313.pyc","313","2026/8/12 下午 05:44:54"
"C:\Users\TUF Gaming\Desktop\我的專案\財富密碼\LOCAL-AI-STUDIO\_trainlib\peft\tuners\multitask_prompt_tuning\config.py","2478","2026/8/12 下午 05:44:54"
"C:\Users\TUF Gaming\Desktop\我的專案\財富密碼\LOCAL-AI-STUDIO\_trainlib\peft\tuners\multitask_prompt_tuning\model.py","4915","2026/8/12 下午 05:44:54"
"C:\Users\TUF Gaming\Desktop\我的專案\財富密碼\LOCAL-AI-STUDIO\_trainlib\peft\tuners\multitask_prompt_tuning\__init__.py","1000","2026/8/12 下午 05:44:54"
"C:\Users\TUF Gaming\Desktop\我的專案\財富密碼\LOCAL-AI-STUDIO\_trainlib\peft\tuners\multitask_prompt_tuning\__pycache__\config.cpython-313.pyc","2383","2026/8/12 下午 05:44:54"
"C:\Users\TUF Gaming\Desktop\我的專案\財富密碼\LOCAL-AI-STUDIO\_trainlib\peft\tuners\multitask_prompt_tuning\__pycache__\model.cpython-313.pyc","4869","2026/8/12 下午 05:44:54"
"C:\Users\TUF Gaming\Desktop\我的專案\財富密碼\LOCAL-AI-STUDIO\_trainlib\peft\tuners\multitask_prompt_tuning\__pycache__\__init__.cpython-313.pyc","560","2026/8/12 下午 05:44:54"
"C:\Users\TUF Gaming\Desktop\我的專案\財富密碼\LOCAL-AI-STUDIO\_trainlib\peft\tuners\oft\aqlm.py","2656","2026/8/12 下午 05:44:54"
"C:\Users\TUF Gaming\Desktop\我的專案\財富密碼\LOCAL-AI-STUDIO\_trainlib\peft\tuners\oft\awq.py","2813","2026/8/12 下午 05:44:54"
"C:\Users\TUF Gaming\Desktop\我的專案\財富密碼\LOCAL-AI-STUDIO\_trainlib\peft\tuners\oft\bnb.py","14707","2026/8/12 下午 05:44:54"
"C:\Users\TUF Gaming\Desktop\我的專案\財富密碼\LOCAL-AI-STUDIO\_trainlib\peft\tuners\oft\config.py","12576","2026/8/12 下午 05:44:54"
"C:\Users\TUF Gaming\Desktop\我的專案\財富密碼\LOCAL-AI-STUDIO\_trainlib\peft\tuners\oft\eetq.py","3346","2026/8/12 下午 05:44:54"
"C:\Users\TUF Gaming\Desktop\我的專案\財富密碼\LOCAL-AI-STUDIO\_trainlib\peft\tuners\oft\gptq.py","2951","2026/8/12 下午 05:44:54"
"C:\Users\TUF Gaming\Desktop\我的專案\財富密碼\LOCAL-AI-STUDIO\_trainlib\peft\tuners\oft\hqq.py","6750","2026/8/12 下午 05:44:54"
"C:\Users\TUF Gaming\Desktop\我的專案\財富密碼\LOCAL-AI-STUDIO\_trainlib\peft\tuners\oft\inc.py","2959","2026/8/12 下午 05:44:54"
"C:\Users\TUF Gaming\Desktop\我的專案\財富密碼\LOCAL-AI-STUDIO\_trainlib\peft\tuners\oft\layer.py","47705","2026/8/12 下午 05:44:54"
"C:\Users\TUF Gaming\Desktop\我的專案\財富密碼\LOCAL-AI-STUDIO\_trainlib\peft\tuners\oft\model.py","6738","2026/8/12 下午 05:44:54"
"C:\Users\TUF Gaming\Desktop\我的專案\財富密碼\LOCAL-AI-STUDIO\_trainlib\peft\tuners\oft\__init__.py","1529","2026/8/12 下午 05:44:54"
"C:\Users\TUF Gaming\Desktop\我的專案\財富密碼\LOCAL-AI-STUDIO\_trainlib\peft\tuners\oft\__pycache__\aqlm.cpython-313.pyc","3390","2026/8/12 下午 05:44:54"
"C:\Users\TUF Gaming\Desktop\我的專案\財富密碼\LOCAL-AI-STUDIO\_trainlib\peft\tuners\oft\__pycache__\awq.cpython-313.pyc","3420","2026/8/12 下午 05:44:54"
"C:\Users\TUF Gaming\Desktop\我的專案\財富密碼\LOCAL-AI-STUDIO\_trainlib\peft\tuners\oft\__pycache__\bnb.cpython-313.pyc","16011","2026/8/12 下午 05:44:54"
"C:\Users\TUF Gaming\Desktop\我的專案\財富密碼\LOCAL-AI-STUDIO\_trainlib\peft\tuners\oft\__pycache__\config.cpython-313.pyc","12344","2026/8/12 下午 05:44:54"
"C:\Users\TUF Gaming\Desktop\我的專案\財富密碼\LOCAL-AI-STUDIO\_trainlib\peft\tuners\oft\__pycache__\eetq.cpython-313.pyc","4102","2026/8/12 下午 05:44:54"
"C:\Users\TUF Gaming\Desktop\我的專案\財富密碼\LOCAL-AI-STUDIO\_trainlib\peft\tuners\oft\__pycache__\gptq.cpython-313.pyc","3474","2026/8/12 下午 05:44:54"
"C:\Users\TUF Gaming\Desktop\我的專案\財富密碼\LOCAL-AI-STUDIO\_trainlib\peft\tuners\oft\__pycache__\hqq.cpython-313.pyc","8175","2026/8/12 下午 05:44:54"
"C:\Users\TUF Gaming\Desktop\我的專案\財富密碼\LOCAL-AI-STUDIO\_trainlib\peft\tuners\oft\__pycache__\inc.cpython-313.pyc","2928","2026/8/12 下午 05:44:54"
"C:\Users\TUF Gaming\Desktop\我的專案\財富密碼\LOCAL-AI-STUDIO\_trainlib\peft\tuners\oft\__pycache__\layer.cpython-313.pyc","51108","2026/8/12 下午 05:44:54"
"C:\Users\TUF Gaming\Desktop\我的專案\財富密碼\LOCAL-AI-STUDIO\_trainlib\peft\tuners\oft\__pycache__\model.cpython-313.pyc","6211","2026/8/12 下午 05:44:54"
"C:\Users\TUF Gaming\Desktop\我的專案\財富密碼\LOCAL-AI-STUDIO\_trainlib\peft\tuners\oft\__pycache__\__init__.cpython-313.pyc","1305","2026/8/12 下午 05:44:54"
"C:\Users\TUF Gaming\Desktop\我的專案\財富密碼\LOCAL-AI-STUDIO\_trainlib\peft\tuners\osf\config.py","3521","2026/8/12 下午 05:44:54"
"C:\Users\TUF Gaming\Desktop\我的專案\財富密碼\LOCAL-AI-STUDIO\_trainlib\peft\tuners\osf\layer.py","11744","2026/8/12 下午 05:44:54"
"C:\Users\TUF Gaming\Desktop\我的專案\財富密碼\LOCAL-AI-STUDIO\_trainlib\peft\tuners\osf\model.py","4688","2026/8/12 下午 05:44:54"
"C:\Users\TUF Gaming\Desktop\我的專案\財富密碼\LOCAL-AI-STUDIO\_trainlib\peft\tuners\osf\utils.py","5402","2026/8/12 下午 05:44:54"
"C:\Users\TUF Gaming\Desktop\我的專案\財富密碼\LOCAL-AI-STUDIO\_trainlib\peft\tuners\osf\__init__.py","321","2026/8/12 下午 05:44:54"
"C:\Users\TUF Gaming\Desktop\我的專案\財富密碼\LOCAL-AI-STUDIO\_trainlib\peft\tuners\osf\__pycache__\config.cpython-313.pyc","3796","2026/8/12 下午 05:44:54"
"C:\Users\TUF Gaming\Desktop\我的專案\財富密碼\LOCAL-AI-STUDIO\_trainlib\peft\tuners\osf\__pycache__\layer.cpython-313.pyc","12151","2026/8/12 下午 05:44:54"
"C:\Users\TUF Gaming\Desktop\我的專案\財富密碼\LOCAL-AI-STUDIO\_trainlib\peft\tuners\osf\__pycache__\model.cpython-313.pyc","5270","2026/8/12 下午 05:44:54"
"C:\Users\TUF Gaming\Desktop\我的專案\財富密碼\LOCAL-AI-STUDIO\_trainlib\peft\tuners\osf\__pycache__\utils.cpython-313.pyc","6876","2026/8/12 下午 05:44:54"
"C:\Users\TUF Gaming\Desktop\我的專案\財富密碼\LOCAL-AI-STUDIO\_trainlib\peft\tuners\osf\__pycache__\__init__.cpython-313.pyc","535","2026/8/12 下午 05:44:54"
"C:\Users\TUF Gaming\Desktop\我的專案\財富密碼\LOCAL-AI-STUDIO\_trainlib\peft\tuners\peanut\config.py","9019","2026/8/12 下午 05:44:54"
"C:\Users\TUF Gaming\Desktop\我的專案\財富密碼\LOCAL-AI-STUDIO\_trainlib\peft\tuners\peanut\layer.py","9391","2026/8/12 下午 05:44:54"
"C:\Users\TUF Gaming\Desktop\我的專案\財富密碼\LOCAL-AI-STUDIO\_trainlib\peft\tuners\peanut\model.py","3006","2026/8/12 下午 05:44:54"
"C:\Users\TUF Gaming\Desktop\我的專案\財富密碼\LOCAL-AI-STUDIO\_trainlib\peft\tuners\peanut\__init__.py","1011","2026/8/12 下午 05:44:54"
"C:\Users\TUF Gaming\Desktop\我的專案\財富密碼\LOCAL-AI-STUDIO\_trainlib\peft\tuners\peanut\__pycache__\config.cpython-313.pyc","8529","2026/8/12 下午 05:44:54"
"C:\Users\TUF Gaming\Desktop\我的專案\財富密碼\LOCAL-AI-STUDIO\_trainlib\peft\tuners\peanut\__pycache__\layer.cpython-313.pyc","13029","2026/8/12 下午 05:44:54"
"C:\Users\TUF Gaming\Desktop\我的專案\財富密碼\LOCAL-AI-STUDIO\_trainlib\peft\tuners\peanut\__pycache__\model.cpython-313.pyc","2986","2026/8/12 下午 05:44:54"
"C:\Users\TUF Gaming\Desktop\我的專案\財富密碼\LOCAL-AI-STUDIO\_trainlib\peft\tuners\peanut\__pycache__\__init__.cpython-313.pyc","665","2026/8/12 下午 05:44:54"
"C:\Users\TUF Gaming\Desktop\我的專案\財富密碼\LOCAL-AI-STUDIO\_trainlib\peft\tuners\poly\config.py","4569","2026/8/12 下午 05:44:54"
"C:\Users\TUF Gaming\Desktop\我的專案\財富密碼\LOCAL-AI-STUDIO\_trainlib\peft\tuners\poly\layer.py","6590","2026/8/12 下午 05:44:54"
"C:\Users\TUF Gaming\Desktop\我的專案\財富密碼\LOCAL-AI-STUDIO\_trainlib\peft\tuners\poly\model.py","3541","2026/8/12 下午 05:44:54"
"C:\Users\TUF Gaming\Desktop\我的專案\財富密碼\LOCAL-AI-STUDIO\_trainlib\peft\tuners\poly\router.py","2784","2026/8/12 下午 05:44:54"
"C:\Users\TUF Gaming\Desktop\我的專案\財富密碼\LOCAL-AI-STUDIO\_trainlib\peft\tuners\poly\__init__.py","883","2026/8/12 下午 05:44:54"
"C:\Users\TUF Gaming\Desktop\我的專案\財富密碼\LOCAL-AI-STUDIO\_trainlib\peft\tuners\poly\__pycache__\config.cpython-313.pyc","4620","2026/8/12 下午 05:44:54"
"C:\Users\TUF Gaming\Desktop\我的專案\財富密碼\LOCAL-AI-STUDIO\_trainlib\peft\tuners\poly\__pycache__\layer.cpython-313.pyc","8179","2026/8/12 下午 05:44:54"
"C:\Users\TUF Gaming\Desktop\我的專案\財富密碼\LOCAL-AI-STUDIO\_trainlib\peft\tuners\poly\__pycache__\model.cpython-313.pyc","4478","2026/8/12 下午 05:44:54"
"C:\Users\TUF Gaming\Desktop\我的專案\財富密碼\LOCAL-AI-STUDIO\_trainlib\peft\tuners\poly\__pycache__\router.cpython-313.pyc","4098","2026/8/12 下午 05:44:54"
"C:\Users\TUF Gaming\Desktop\我的專案\財富密碼\LOCAL-AI-STUDIO\_trainlib\peft\tuners\poly\__pycache__\__init__.cpython-313.pyc","510","2026/8/12 下午 05:44:54"
"C:\Users\TUF Gaming\Desktop\我的專案\財富密碼\LOCAL-AI-STUDIO\_trainlib\peft\tuners\prefix_tuning\config.py","1922","2026/8/12 下午 05:44:54"
"C:\Users\TUF Gaming\Desktop\我的專案\財富密碼\LOCAL-AI-STUDIO\_trainlib\peft\tuners\prefix_tuning\model.py","4502","2026/8/12 下午 05:44:54"
"C:\Users\TUF Gaming\Desktop\我的專案\財富密碼\LOCAL-AI-STUDIO\_trainlib\peft\tuners\prefix_tuning\__init__.py","868","2026/8/12 下午 05:44:54"
"C:\Users\TUF Gaming\Desktop\我的專案\財富密碼\LOCAL-AI-STUDIO\_trainlib\peft\tuners\prefix_tuning\__pycache__\config.cpython-313.pyc","2006","2026/8/12 下午 05:44:54"
"C:\Users\TUF Gaming\Desktop\我的專案\財富密碼\LOCAL-AI-STUDIO\_trainlib\peft\tuners\prefix_tuning\__pycache__\model.cpython-313.pyc","5678","2026/8/12 下午 05:44:54"
"C:\Users\TUF Gaming\Desktop\我的專案\財富密碼\LOCAL-AI-STUDIO\_trainlib\peft\tuners\prefix_tuning\__pycache__\__init__.cpython-313.pyc","479","2026/8/12 下午 05:44:54"
"C:\Users\TUF Gaming\Desktop\我的專案\財富密碼\LOCAL-AI-STUDIO\_trainlib\peft\tuners\prompt_tuning\config.py","3843","2026/8/12 下午 05:44:54"
"C:\Users\TUF Gaming\Desktop\我的專案\財富密碼\LOCAL-AI-STUDIO\_trainlib\peft\tuners\prompt_tuning\model.py","4650","2026/8/12 下午 05:44:54"
"C:\Users\TUF Gaming\Desktop\我的專案\財富密碼\LOCAL-AI-STUDIO\_trainlib\peft\tuners\prompt_tuning\__init__.py","912","2026/8/12 下午 05:44:54"
"C:\Users\TUF Gaming\Desktop\我的專案\財富密碼\LOCAL-AI-STUDIO\_trainlib\peft\tuners\prompt_tuning\__pycache__\config.cpython-313.pyc","4209","2026/8/12 下午 05:44:54"
"C:\Users\TUF Gaming\Desktop\我的專案\財富密碼\LOCAL-AI-STUDIO\_trainlib\peft\tuners\prompt_tuning\__pycache__\model.cpython-313.pyc","5089","2026/8/12 下午 05:44:54"
"C:\Users\TUF Gaming\Desktop\我的專案\財富密碼\LOCAL-AI-STUDIO\_trainlib\peft\tuners\prompt_tuning\__pycache__\__init__.cpython-313.pyc","510","2026/8/12 下午 05:44:54"
"C:\Users\TUF Gaming\Desktop\我的專案\財富密碼\LOCAL-AI-STUDIO\_trainlib\peft\tuners\psoft\config.py","17819","2026/8/12 下午 05:44:54"
"C:\Users\TUF Gaming\Desktop\我的專案\財富密碼\LOCAL-AI-STUDIO\_trainlib\peft\tuners\psoft\layer.py","18415","2026/8/12 下午 05:44:54"
"C:\Users\TUF Gaming\Desktop\我的專案\財富密碼\LOCAL-AI-STUDIO\_trainlib\peft\tuners\psoft\model.py","3022","2026/8/12 下午 05:44:54"
"C:\Users\TUF Gaming\Desktop\我的專案\財富密碼\LOCAL-AI-STUDIO\_trainlib\peft\tuners\psoft\__init__.py","909","2026/8/12 下午 05:44:54"
"C:\Users\TUF Gaming\Desktop\我的專案\財富密碼\LOCAL-AI-STUDIO\_trainlib\peft\tuners\psoft\__pycache__\config.cpython-313.pyc","16625","2026/8/12 下午 05:44:54"
"C:\Users\TUF Gaming\Desktop\我的專案\財富密碼\LOCAL-AI-STUDIO\_trainlib\peft\tuners\psoft\__pycache__\layer.cpython-313.pyc","24372","2026/8/12 下午 05:44:54"
"C:\Users\TUF Gaming\Desktop\我的專案\財富密碼\LOCAL-AI-STUDIO\_trainlib\peft\tuners\psoft\__pycache__\model.cpython-313.pyc","3123","2026/8/12 下午 05:44:54"
"C:\Users\TUF Gaming\Desktop\我的專案\財富密碼\LOCAL-AI-STUDIO\_trainlib\peft\tuners\psoft\__pycache__\__init__.cpython-313.pyc","537","2026/8/12 下午 05:44:54"
"C:\Users\TUF Gaming\Desktop\我的專案\財富密碼\LOCAL-AI-STUDIO\_trainlib\peft\tuners\pvera\bnb.py","17103","2026/8/12 下午 05:44:54"
"C:\Users\TUF Gaming\Desktop\我的專案\財富密碼\LOCAL-AI-STUDIO\_trainlib\peft\tuners\pvera\config.py","10906","2026/8/12 下午 05:44:54"
"C:\Users\TUF Gaming\Desktop\我的專案\財富密碼\LOCAL-AI-STUDIO\_trainlib\peft\tuners\pvera\layer.py","13348","2026/8/12 下午 05:44:54"
"C:\Users\TUF Gaming\Desktop\我的專案\財富密碼\LOCAL-AI-STUDIO\_trainlib\peft\tuners\pvera\model.py","10633","2026/8/12 下午 05:44:54"
"C:\Users\TUF Gaming\Desktop\我的專案\財富密碼\LOCAL-AI-STUDIO\_trainlib\peft\tuners\pvera\__init__.py","918","2026/8/12 下午 05:44:54"
"C:\Users\TUF Gaming\Desktop\我的專案\財富密碼\LOCAL-AI-STUDIO\_trainlib\peft\tuners\pvera\__pycache__\bnb.cpython-313.pyc","18906","2026/8/12 下午 05:44:54"
"C:\Users\TUF Gaming\Desktop\我的專案\財富密碼\LOCAL-AI-STUDIO\_trainlib\peft\tuners\pvera\__pycache__\config.cpython-313.pyc","9980","2026/8/12 下午 05:44:54"
"C:\Users\TUF Gaming\Desktop\我的專案\財富密碼\LOCAL-AI-STUDIO\_trainlib\peft\tuners\pvera\__pycache__\layer.cpython-313.pyc","15606","2026/8/12 下午 05:44:54"
"C:\Users\TUF Gaming\Desktop\我的專案\財富密碼\LOCAL-AI-STUDIO\_trainlib\peft\tuners\pvera\__pycache__\model.cpython-313.pyc","11419","2026/8/12 下午 05:44:54"
"C:\Users\TUF Gaming\Desktop\我的專案\財富密碼\LOCAL-AI-STUDIO\_trainlib\peft\tuners\pvera\__pycache__\__init__.cpython-313.pyc","546","2026/8/12 下午 05:44:54"
"C:\Users\TUF Gaming\Desktop\我的專案\財富密碼\LOCAL-AI-STUDIO\_trainlib\peft\tuners\p_tuning\config.py","2142","2026/8/12 下午 05:44:54"
"C:\Users\TUF Gaming\Desktop\我的專案\財富密碼\LOCAL-AI-STUDIO\_trainlib\peft\tuners\p_tuning\model.py","5575","2026/8/12 下午 05:44:54"
"C:\Users\TUF Gaming\Desktop\我的專案\財富密碼\LOCAL-AI-STUDIO\_trainlib\peft\tuners\p_tuning\__init__.py","942","2026/8/12 下午 05:44:54"
"C:\Users\TUF Gaming\Desktop\我的專案\財富密碼\LOCAL-AI-STUDIO\_trainlib\peft\tuners\p_tuning\__pycache__\config.cpython-313.pyc","2433","2026/8/12 下午 05:44:54"
"C:\Users\TUF Gaming\Desktop\我的專案\財富密碼\LOCAL-AI-STUDIO\_trainlib\peft\tuners\p_tuning\__pycache__\model.cpython-313.pyc","6200","2026/8/12 下午 05:44:54"
"C:\Users\TUF Gaming\Desktop\我的專案\財富密碼\LOCAL-AI-STUDIO\_trainlib\peft\tuners\p_tuning\__pycache__\__init__.cpython-313.pyc","518","2026/8/12 下午 05:44:54"
"C:\Users\TUF Gaming\Desktop\我的專案\財富密碼\LOCAL-AI-STUDIO\_trainlib\peft\tuners\randlora\bnb.py","19316","2026/8/12 下午 05:44:54"
"C:\Users\TUF Gaming\Desktop\我的專案\財富密碼\LOCAL-AI-STUDIO\_trainlib\peft\tuners\randlora\config.py","9977","2026/8/12 下午 05:44:54"
"C:\Users\TUF Gaming\Desktop\我的專案\財富密碼\LOCAL-AI-STUDIO\_trainlib\peft\tuners\randlora\layer.py","15460","2026/8/12 下午 05:44:54"
"C:\Users\TUF Gaming\Desktop\我的專案\財富密碼\LOCAL-AI-STUDIO\_trainlib\peft\tuners\randlora\model.py","15203","2026/8/12 下午 05:44:54"
"C:\Users\TUF Gaming\Desktop\我的專案\財富密碼\LOCAL-AI-STUDIO\_trainlib\peft\tuners\randlora\__init__.py","1353","2026/8/12 下午 05:44:54"
"C:\Users\TUF Gaming\Desktop\我的專案\財富密碼\LOCAL-AI-STUDIO\_trainlib\peft\tuners\randlora\__pycache__\bnb.cpython-313.pyc","18831","2026/8/12 下午 05:44:54"
"C:\Users\TUF Gaming\Desktop\我的專案\財富密碼\LOCAL-AI-STUDIO\_trainlib\peft\tuners\randlora\__pycache__\config.cpython-313.pyc","9246","2026/8/12 下午 05:44:54"
"C:\Users\TUF Gaming\Desktop\我的專案\財富密碼\LOCAL-AI-STUDIO\_trainlib\peft\tuners\randlora\__pycache__\layer.cpython-313.pyc","17808","2026/8/12 下午 05:44:54"
"C:\Users\TUF Gaming\Desktop\我的專案\財富密碼\LOCAL-AI-STUDIO\_trainlib\peft\tuners\randlora\__pycache__\model.cpython-313.pyc","15426","2026/8/12 下午 05:44:54"
"C:\Users\TUF Gaming\Desktop\我的專案\財富密碼\LOCAL-AI-STUDIO\_trainlib\peft\tuners\randlora\__pycache__\__init__.cpython-313.pyc","1121","2026/8/12 下午 05:44:54"
"C:\Users\TUF Gaming\Desktop\我的專案\財富密碼\LOCAL-AI-STUDIO\_trainlib\peft\tuners\road\bnb.py","17667","2026/8/12 下午 05:44:54"
"C:\Users\TUF Gaming\Desktop\我的專案\財富密碼\LOCAL-AI-STUDIO\_trainlib\peft\tuners\road\config.py","6816","2026/8/12 下午 05:44:54"
"C:\Users\TUF Gaming\Desktop\我的專案\財富密碼\LOCAL-AI-STUDIO\_trainlib\peft\tuners\road\layer.py","17524","2026/8/12 下午 05:44:54"
"C:\Users\TUF Gaming\Desktop\我的專案\財富密碼\LOCAL-AI-STUDIO\_trainlib\peft\tuners\road\model.py","5706","2026/8/12 下午 05:44:54"
"C:\Users\TUF Gaming\Desktop\我的專案\財富密碼\LOCAL-AI-STUDIO\_trainlib\peft\tuners\road\__init__.py","1458","2026/8/12 下午 05:44:54"
"C:\Users\TUF Gaming\Desktop\我的專案\財富密碼\LOCAL-AI-STUDIO\_trainlib\peft\tuners\road\__pycache__\bnb.cpython-313.pyc","18374","2026/8/12 下午 05:44:54"
"C:\Users\TUF Gaming\Desktop\我的專案\財富密碼\LOCAL-AI-STUDIO\_trainlib\peft\tuners\road\__pycache__\config.cpython-313.pyc","6586","2026/8/12 下午 05:44:54"
"C:\Users\TUF Gaming\Desktop\我的專案\財富密碼\LOCAL-AI-STUDIO\_trainlib\peft\tuners\road\__pycache__\layer.cpython-313.pyc","19977","2026/8/12 下午 05:44:54"
"C:\Users\TUF Gaming\Desktop\我的專案\財富密碼\LOCAL-AI-STUDIO\_trainlib\peft\tuners\road\__pycache__\model.cpython-313.pyc","5455","2026/8/12 下午 05:44:54"
"C:\Users\TUF Gaming\Desktop\我的專案\財富密碼\LOCAL-AI-STUDIO\_trainlib\peft\tuners\road\__pycache__\__init__.cpython-313.pyc","1105","2026/8/12 下午 05:44:54"
"C:\Users\TUF Gaming\Desktop\我的專案\財富密碼\LOCAL-AI-STUDIO\_trainlib\peft\tuners\shira\config.py","6598","2026/8/12 下午 05:44:54"
"C:\Users\TUF Gaming\Desktop\我的專案\財富密碼\LOCAL-AI-STUDIO\_trainlib\peft\tuners\shira\layer.py","11523","2026/8/12 下午 05:44:54"
"C:\Users\TUF Gaming\Desktop\我的專案\財富密碼\LOCAL-AI-STUDIO\_trainlib\peft\tuners\shira\mask_functions.py","3096","2026/8/12 下午 05:44:54"
"C:\Users\TUF Gaming\Desktop\我的專案\財富密碼\LOCAL-AI-STUDIO\_trainlib\peft\tuners\shira\model.py","5119","2026/8/12 下午 05:44:54"
"C:\Users\TUF Gaming\Desktop\我的專案\財富密碼\LOCAL-AI-STUDIO\_trainlib\peft\tuners\shira\__init__.py","942","2026/8/12 下午 05:44:54"
"C:\Users\TUF Gaming\Desktop\我的專案\財富密碼\LOCAL-AI-STUDIO\_trainlib\peft\tuners\shira\__pycache__\config.cpython-313.pyc","6418","2026/8/12 下午 05:44:54"
"C:\Users\TUF Gaming\Desktop\我的專案\財富密碼\LOCAL-AI-STUDIO\_trainlib\peft\tuners\shira\__pycache__\layer.cpython-313.pyc","12695","2026/8/12 下午 05:44:54"
"C:\Users\TUF Gaming\Desktop\我的專案\財富密碼\LOCAL-AI-STUDIO\_trainlib\peft\tuners\shira\__pycache__\mask_functions.cpython-313.pyc","3485","2026/8/12 下午 05:44:54"
"C:\Users\TUF Gaming\Desktop\我的專案\財富密碼\LOCAL-AI-STUDIO\_trainlib\peft\tuners\shira\__pycache__\model.cpython-313.pyc","5016","2026/8/12 下午 05:44:54"
"C:\Users\TUF Gaming\Desktop\我的專案\財富密碼\LOCAL-AI-STUDIO\_trainlib\peft\tuners\shira\__pycache__\__init__.cpython-313.pyc","568","2026/8/12 下午 05:44:54"
"C:\Users\TUF Gaming\Desktop\我的專案\財富密碼\LOCAL-AI-STUDIO\_trainlib\peft\tuners\tinylora\config.py","10135","2026/8/12 下午 05:44:54"
"C:\Users\TUF Gaming\Desktop\我的專案\財富密碼\LOCAL-AI-STUDIO\_trainlib\peft\tuners\tinylora\layer.py","24052","2026/8/12 下午 05:44:54"
"C:\Users\TUF Gaming\Desktop\我的專案\財富密碼\LOCAL-AI-STUDIO\_trainlib\peft\tuners\tinylora\model.py","14296","2026/8/12 下午 05:44:54"
"C:\Users\TUF Gaming\Desktop\我的專案\財富密碼\LOCAL-AI-STUDIO\_trainlib\peft\tuners\tinylora\__init__.py","964","2026/8/12 下午 05:44:54"
"C:\Users\TUF Gaming\Desktop\我的專案\財富密碼\LOCAL-AI-STUDIO\_trainlib\peft\tuners\tinylora\__pycache__\config.cpython-313.pyc","9657","2026/8/12 下午 05:44:54"
"C:\Users\TUF Gaming\Desktop\我的專案\財富密碼\LOCAL-AI-STUDIO\_trainlib\peft\tuners\tinylora\__pycache__\layer.cpython-313.pyc","23630","2026/8/12 下午 05:44:54"
"C:\Users\TUF Gaming\Desktop\我的專案\財富密碼\LOCAL-AI-STUDIO\_trainlib\peft\tuners\tinylora\__pycache__\model.cpython-313.pyc","13113","2026/8/12 下午 05:44:54"
"C:\Users\TUF Gaming\Desktop\我的專案\財富密碼\LOCAL-AI-STUDIO\_trainlib\peft\tuners\tinylora\__pycache__\__init__.cpython-313.pyc","585","2026/8/12 下午 05:44:54"
"C:\Users\TUF Gaming\Desktop\我的專案\財富密碼\LOCAL-AI-STUDIO\_trainlib\peft\tuners\trainable_tokens\config.py","4377","2026/8/12 下午 05:44:54"
"C:\Users\TUF Gaming\Desktop\我的專案\財富密碼\LOCAL-AI-STUDIO\_trainlib\peft\tuners\trainable_tokens\layer.py","12380","2026/8/12 下午 05:44:54"
"C:\Users\TUF Gaming\Desktop\我的專案\財富密碼\LOCAL-AI-STUDIO\_trainlib\peft\tuners\trainable_tokens\model.py","5876","2026/8/12 下午 05:44:54"
"C:\Users\TUF Gaming\Desktop\我的專案\財富密碼\LOCAL-AI-STUDIO\_trainlib\peft\tuners\trainable_tokens\__init__.py","1026","2026/8/12 下午 05:44:54"
"C:\Users\TUF Gaming\Desktop\我的專案\財富密碼\LOCAL-AI-STUDIO\_trainlib\peft\tuners\trainable_tokens\__pycache__\config.cpython-313.pyc","4176","2026/8/12 下午 05:44:54"
"C:\Users\TUF Gaming\Desktop\我的專案\財富密碼\LOCAL-AI-STUDIO\_trainlib\peft\tuners\trainable_tokens\__pycache__\layer.cpython-313.pyc","12128","2026/8/12 下午 05:44:54"
"C:\Users\TUF Gaming\Desktop\我的專案\財富密碼\LOCAL-AI-STUDIO\_trainlib\peft\tuners\trainable_tokens\__pycache__\model.cpython-313.pyc","4569","2026/8/12 下午 05:44:54"
"C:\Users\TUF Gaming\Desktop\我的專案\財富密碼\LOCAL-AI-STUDIO\_trainlib\peft\tuners\trainable_tokens\__pycache__\__init__.cpython-313.pyc","579","2026/8/12 下午 05:44:54"
"C:\Users\TUF Gaming\Desktop\我的專案\財富密碼\LOCAL-AI-STUDIO\_trainlib\peft\tuners\unilora\config.py","9464","2026/8/12 下午 05:44:54"
"C:\Users\TUF Gaming\Desktop\我的專案\財富密碼\LOCAL-AI-STUDIO\_trainlib\peft\tuners\unilora\layer.py","10270","2026/8/12 下午 05:44:54"
"C:\Users\TUF Gaming\Desktop\我的專案\財富密碼\LOCAL-AI-STUDIO\_trainlib\peft\tuners\unilora\model.py","9925","2026/8/12 下午 05:44:54"
"C:\Users\TUF Gaming\Desktop\我的專案\財富密碼\LOCAL-AI-STUDIO\_trainlib\peft\tuners\unilora\__init__.py","908","2026/8/12 下午 05:44:54"
"C:\Users\TUF Gaming\Desktop\我的專案\財富密碼\LOCAL-AI-STUDIO\_trainlib\peft\tuners\unilora\__pycache__\config.cpython-313.pyc","9083","2026/8/12 下午 05:44:54"
"C:\Users\TUF Gaming\Desktop\我的專案\財富密碼\LOCAL-AI-STUDIO\_trainlib\peft\tuners\unilora\__pycache__\layer.cpython-313.pyc","13653","2026/8/12 下午 05:44:54"
"C:\Users\TUF Gaming\Desktop\我的專案\財富密碼\LOCAL-AI-STUDIO\_trainlib\peft\tuners\unilora\__pycache__\model.cpython-313.pyc","11657","2026/8/12 下午 05:44:54"
"C:\Users\TUF Gaming\Desktop\我的專案\財富密碼\LOCAL-AI-STUDIO\_trainlib\peft\tuners\unilora\__pycache__\__init__.cpython-313.pyc","526","2026/8/12 下午 05:44:54"
"C:\Users\TUF Gaming\Desktop\我的專案\財富密碼\LOCAL-AI-STUDIO\_trainlib\peft\tuners\vblora\config.py","10571","2026/8/12 下午 05:44:54"
"C:\Users\TUF Gaming\Desktop\我的專案\財富密碼\LOCAL-AI-STUDIO\_trainlib\peft\tuners\vblora\layer.py","11450","2026/8/12 下午 05:44:54"
"C:\Users\TUF Gaming\Desktop\我的專案\財富密碼\LOCAL-AI-STUDIO\_trainlib\peft\tuners\vblora\model.py","7938","2026/8/12 下午 05:44:54"
"C:\Users\TUF Gaming\Desktop\我的專案\財富密碼\LOCAL-AI-STUDIO\_trainlib\peft\tuners\vblora\__init__.py","901","2026/8/12 下午 05:44:54"
"C:\Users\TUF Gaming\Desktop\我的專案\財富密碼\LOCAL-AI-STUDIO\_trainlib\peft\tuners\vblora\__pycache__\config.cpython-313.pyc","9947","2026/8/12 下午 05:44:54"
"C:\Users\TUF Gaming\Desktop\我的專案\財富密碼\LOCAL-AI-STUDIO\_trainlib\peft\tuners\vblora\__pycache__\layer.cpython-313.pyc","13644","2026/8/12 下午 05:44:54"
"C:\Users\TUF Gaming\Desktop\我的專案\財富密碼\LOCAL-AI-STUDIO\_trainlib\peft\tuners\vblora\__pycache__\model.cpython-313.pyc","8062","2026/8/12 下午 05:44:54"
"C:\Users\TUF Gaming\Desktop\我的專案\財富密碼\LOCAL-AI-STUDIO\_trainlib\peft\tuners\vblora\__pycache__\__init__.cpython-313.pyc","521","2026/8/12 下午 05:44:54"
"C:\Users\TUF Gaming\Desktop\我的專案\財富密碼\LOCAL-AI-STUDIO\_trainlib\peft\tuners\vera\config.py","8093","2026/8/12 下午 05:44:54"
"C:\Users\TUF Gaming\Desktop\我的專案\財富密碼\LOCAL-AI-STUDIO\_trainlib\peft\tuners\vera\layer.py","12608","2026/8/12 下午 05:44:54"
"C:\Users\TUF Gaming\Desktop\我的專案\財富密碼\LOCAL-AI-STUDIO\_trainlib\peft\tuners\vera\model.py","10159","2026/8/12 下午 05:44:54"
"C:\Users\TUF Gaming\Desktop\我的專案\財富密碼\LOCAL-AI-STUDIO\_trainlib\peft\tuners\vera\__init__.py","907","2026/8/12 下午 05:44:54"
"C:\Users\TUF Gaming\Desktop\我的專案\財富密碼\LOCAL-AI-STUDIO\_trainlib\peft\tuners\vera\__pycache__\config.cpython-313.pyc","7578","2026/8/12 下午 05:44:54"
"C:\Users\TUF Gaming\Desktop\我的專案\財富密碼\LOCAL-AI-STUDIO\_trainlib\peft\tuners\vera\__pycache__\layer.cpython-313.pyc","14554","2026/8/12 下午 05:44:54"
"C:\Users\TUF Gaming\Desktop\我的專案\財富密碼\LOCAL-AI-STUDIO\_trainlib\peft\tuners\vera\__pycache__\model.cpython-313.pyc","11093","2026/8/12 下午 05:44:54"
"C:\Users\TUF Gaming\Desktop\我的專案\財富密碼\LOCAL-AI-STUDIO\_trainlib\peft\tuners\vera\__pycache__\__init__.cpython-313.pyc","539","2026/8/12 下午 05:44:54"
"C:\Users\TUF Gaming\Desktop\我的專案\財富密碼\LOCAL-AI-STUDIO\_trainlib\peft\tuners\waveft\config.py","13772","2026/8/12 下午 05:44:54"
"C:\Users\TUF Gaming\Desktop\我的專案\財富密碼\LOCAL-AI-STUDIO\_trainlib\peft\tuners\waveft\constants.py","2676","2026/8/12 下午 05:44:54"
"C:\Users\TUF Gaming\Desktop\我的專案\財富密碼\LOCAL-AI-STUDIO\_trainlib\peft\tuners\waveft\layer.py","12969","2026/8/12 下午 05:44:54"
"C:\Users\TUF Gaming\Desktop\我的專案\財富密碼\LOCAL-AI-STUDIO\_trainlib\peft\tuners\waveft\model.py","7617","2026/8/12 下午 05:44:54"
"C:\Users\TUF Gaming\Desktop\我的專案\財富密碼\LOCAL-AI-STUDIO\_trainlib\peft\tuners\waveft\wavelet.py","25219","2026/8/12 下午 05:44:54"
"C:\Users\TUF Gaming\Desktop\我的專案\財富密碼\LOCAL-AI-STUDIO\_trainlib\peft\tuners\waveft\waverec2d.py","11665","2026/8/12 下午 05:44:54"
"C:\Users\TUF Gaming\Desktop\我的專案\財富密碼\LOCAL-AI-STUDIO\_trainlib\peft\tuners\waveft\__init__.py","913","2026/8/12 下午 05:44:54"
"C:\Users\TUF Gaming\Desktop\我的專案\財富密碼\LOCAL-AI-STUDIO\_trainlib\peft\tuners\waveft\__pycache__\config.cpython-313.pyc","12250","2026/8/12 下午 05:44:54"
"C:\Users\TUF Gaming\Desktop\我的專案\財富密碼\LOCAL-AI-STUDIO\_trainlib\peft\tuners\waveft\__pycache__\constants.cpython-313.pyc","3068","2026/8/12 下午 05:44:54"
"C:\Users\TUF Gaming\Desktop\我的專案\財富密碼\LOCAL-AI-STUDIO\_trainlib\peft\tuners\waveft\__pycache__\layer.cpython-313.pyc","13776","2026/8/12 下午 05:44:54"
"C:\Users\TUF Gaming\Desktop\我的專案\財富密碼\LOCAL-AI-STUDIO\_trainlib\peft\tuners\waveft\__pycache__\model.cpython-313.pyc","7149","2026/8/12 下午 05:44:54"
"C:\Users\TUF Gaming\Desktop\我的專案\財富密碼\LOCAL-AI-STUDIO\_trainlib\peft\tuners\waveft\__pycache__\wavelet.cpython-313.pyc","10154","2026/8/12 下午 05:44:54"
"C:\Users\TUF Gaming\Desktop\我的專案\財富密碼\LOCAL-AI-STUDIO\_trainlib\peft\tuners\waveft\__pycache__\waverec2d.cpython-313.pyc","19405","2026/8/12 下午 05:44:54"
"C:\Users\TUF Gaming\Desktop\我的專案\財富密碼\LOCAL-AI-STUDIO\_trainlib\peft\tuners\waveft\__pycache__\__init__.cpython-313.pyc","527","2026/8/12 下午 05:44:54"
"C:\Users\TUF Gaming\Desktop\我的專案\財富密碼\LOCAL-AI-STUDIO\_trainlib\peft\tuners\xlora\classifier.py","7385","2026/8/12 下午 05:44:54"
"C:\Users\TUF Gaming\Desktop\我的專案\財富密碼\LOCAL-AI-STUDIO\_trainlib\peft\tuners\xlora\config.py","4629","2026/8/12 下午 05:44:54"
"C:\Users\TUF Gaming\Desktop\我的專案\財富密碼\LOCAL-AI-STUDIO\_trainlib\peft\tuners\xlora\layer.py","9742","2026/8/12 下午 05:44:54"
"C:\Users\TUF Gaming\Desktop\我的專案\財富密碼\LOCAL-AI-STUDIO\_trainlib\peft\tuners\xlora\model.py","21132","2026/8/12 下午 05:44:54"
"C:\Users\TUF Gaming\Desktop\我的專案\財富密碼\LOCAL-AI-STUDIO\_trainlib\peft\tuners\xlora\__init__.py","830","2026/8/12 下午 05:44:54"
"C:\Users\TUF Gaming\Desktop\我的專案\財富密碼\LOCAL-AI-STUDIO\_trainlib\peft\tuners\xlora\__pycache__\classifier.cpython-313.pyc","9312","2026/8/12 下午 05:44:54"
"C:\Users\TUF Gaming\Desktop\我的專案\財富密碼\LOCAL-AI-STUDIO\_trainlib\peft\tuners\xlora\__pycache__\config.cpython-313.pyc","4996","2026/8/12 下午 05:44:54"
"C:\Users\TUF Gaming\Desktop\我的專案\財富密碼\LOCAL-AI-STUDIO\_trainlib\peft\tuners\xlora\__pycache__\layer.cpython-313.pyc","9876","2026/8/12 下午 05:44:54"
"C:\Users\TUF Gaming\Desktop\我的專案\財富密碼\LOCAL-AI-STUDIO\_trainlib\peft\tuners\xlora\__pycache__\model.cpython-313.pyc","21766","2026/8/12 下午 05:44:54"
"C:\Users\TUF Gaming\Desktop\我的專案\財富密碼\LOCAL-AI-STUDIO\_trainlib\peft\tuners\xlora\__pycache__\__init__.cpython-313.pyc","450","2026/8/12 下午 05:44:54"
"C:\Users\TUF Gaming\Desktop\我的專案\財富密碼\LOCAL-AI-STUDIO\_trainlib\peft\tuners\__pycache__\lycoris_utils.cpython-313.pyc","11550","2026/8/12 下午 05:44:54"
"C:\Users\TUF Gaming\Desktop\我的專案\財富密碼\LOCAL-AI-STUDIO\_trainlib\peft\tuners\__pycache__\tuners_utils.cpython-313.pyc","103380","2026/8/12 下午 05:44:54"
"C:\Users\TUF Gaming\Desktop\我的專案\財富密碼\LOCAL-AI-STUDIO\_trainlib\peft\tuners\__pycache__\_buffer_dict.cpython-313.pyc","7996","2026/8/12 下午 05:44:54"
"C:\Users\TUF Gaming\Desktop\我的專案\財富密碼\LOCAL-AI-STUDIO\_trainlib\peft\tuners\__pycache__\__init__.cpython-313.pyc","4169","2026/8/12 下午 05:44:54"
"C:\Users\TUF Gaming\Desktop\我的專案\財富密碼\LOCAL-AI-STUDIO\_trainlib\peft\utils\constants.py","18265","2026/8/12 下午 05:44:54"
"C:\Users\TUF Gaming\Desktop\我的專案\財富密碼\LOCAL-AI-STUDIO\_trainlib\peft\utils\hotswap.py","30406","2026/8/12 下午 05:44:54"
"C:\Users\TUF Gaming\Desktop\我的專案\財富密碼\LOCAL-AI-STUDIO\_trainlib\peft\utils\incremental_pca.py","14026","2026/8/12 下午 05:44:54"
"C:\Users\TUF Gaming\Desktop\我的專案\財富密碼\LOCAL-AI-STUDIO\_trainlib\peft\utils\integrations.py","11269","2026/8/12 下午 05:44:54"
"C:\Users\TUF Gaming\Desktop\我的專案\財富密碼\LOCAL-AI-STUDIO\_trainlib\peft\utils\loftq_utils.py","11653","2026/8/12 下午 05:44:54"
"C:\Users\TUF Gaming\Desktop\我的專案\財富密碼\LOCAL-AI-STUDIO\_trainlib\peft\utils\merge_utils.py","9939","2026/8/12 下午 05:44:54"
"C:\Users\TUF Gaming\Desktop\我的專案\財富密碼\LOCAL-AI-STUDIO\_trainlib\peft\utils\other.py","83348","2026/8/12 下午 05:44:54"
"C:\Users\TUF Gaming\Desktop\我的專案\財富密碼\LOCAL-AI-STUDIO\_trainlib\peft\utils\peft_types.py","5883","2026/8/12 下午 05:44:54"
"C:\Users\TUF Gaming\Desktop\我的專案\財富密碼\LOCAL-AI-STUDIO\_trainlib\peft\utils\quantization_utils.py","14184","2026/8/12 下午 05:44:54"
"C:\Users\TUF Gaming\Desktop\我的專案\財富密碼\LOCAL-AI-STUDIO\_trainlib\peft\utils\save_and_load.py","65416","2026/8/12 下午 05:44:54"
"C:\Users\TUF Gaming\Desktop\我的專案\財富密碼\LOCAL-AI-STUDIO\_trainlib\peft\utils\transformers_weight_conversion.py","29698","2026/8/12 下午 05:44:54"
"C:\Users\TUF Gaming\Desktop\我的專案\財富密碼\LOCAL-AI-STUDIO\_trainlib\peft\utils\warning.py","660","2026/8/12 下午 05:44:54"
"C:\Users\TUF Gaming\Desktop\我的專案\財富密碼\LOCAL-AI-STUDIO\_trainlib\peft\utils\__init__.py","7008","2026/8/12 下午 05:44:54"
"C:\Users\TUF Gaming\Desktop\我的專案\財富密碼\LOCAL-AI-STUDIO\_trainlib\peft\utils\__pycache__\constants.cpython-313.pyc","12911","2026/8/12 下午 05:44:54"
"C:\Users\TUF Gaming\Desktop\我的專案\財富密碼\LOCAL-AI-STUDIO\_trainlib\peft\utils\__pycache__\hotswap.cpython-313.pyc","28386","2026/8/12 下午 05:44:54"
"C:\Users\TUF Gaming\Desktop\我的專案\財富密碼\LOCAL-AI-STUDIO\_trainlib\peft\utils\__pycache__\incremental_pca.cpython-313.pyc","15988","2026/8/12 下午 05:44:54"
"C:\Users\TUF Gaming\Desktop\我的專案\財富密碼\LOCAL-AI-STUDIO\_trainlib\peft\utils\__pycache__\integrations.cpython-313.pyc","13358","2026/8/12 下午 05:44:54"
"C:\Users\TUF Gaming\Desktop\我的專案\財富密碼\LOCAL-AI-STUDIO\_trainlib\peft\utils\__pycache__\loftq_utils.cpython-313.pyc","13358","2026/8/12 下午 05:44:54"
"C:\Users\TUF Gaming\Desktop\我的專案\財富密碼\LOCAL-AI-STUDIO\_trainlib\peft\utils\__pycache__\merge_utils.cpython-313.pyc","10640","2026/8/12 下午 05:44:54"
"C:\Users\TUF Gaming\Desktop\我的專案\財富密碼\LOCAL-AI-STUDIO\_trainlib\peft\utils\__pycache__\other.cpython-313.pyc","77380","2026/8/12 下午 05:44:54"
"C:\Users\TUF Gaming\Desktop\我的專案\財富密碼\LOCAL-AI-STUDIO\_trainlib\peft\utils\__pycache__\peft_types.cpython-313.pyc","5637","2026/8/12 下午 05:44:54"
"C:\Users\TUF Gaming\Desktop\我的專案\財富密碼\LOCAL-AI-STUDIO\_trainlib\peft\utils\__pycache__\quantization_utils.cpython-313.pyc","16330","2026/8/12 下午 05:44:54"
"C:\Users\TUF Gaming\Desktop\我的專案\財富密碼\LOCAL-AI-STUDIO\_trainlib\peft\utils\__pycache__\save_and_load.cpython-313.pyc","59074","2026/8/12 下午 05:44:54"
"C:\Users\TUF Gaming\Desktop\我的專案\財富密碼\LOCAL-AI-STUDIO\_trainlib\peft\utils\__pycache__\transformers_weight_conversion.cpython-313.pyc","27675","2026/8/12 下午 05:44:54"
"C:\Users\TUF Gaming\Desktop\我的專案\財富密碼\LOCAL-AI-STUDIO\_trainlib\peft\utils\__pycache__\warning.cpython-313.pyc","468","2026/8/12 下午 05:44:54"
"C:\Users\TUF Gaming\Desktop\我的專案\財富密碼\LOCAL-AI-STUDIO\_trainlib\peft\utils\__pycache__\__init__.cpython-313.pyc","4315","2026/8/12 下午 05:44:54"
"C:\Users\TUF Gaming\Desktop\我的專案\財富密碼\LOCAL-AI-STUDIO\_trainlib\peft\__pycache__\auto.cpython-313.pyc","9560","2026/8/12 下午 05:44:54"
"C:\Users\TUF Gaming\Desktop\我的專案\財富密碼\LOCAL-AI-STUDIO\_trainlib\peft\__pycache__\config.cpython-313.pyc","17461","2026/8/12 下午 05:44:54"
"C:\Users\TUF Gaming\Desktop\我的專案\財富密碼\LOCAL-AI-STUDIO\_trainlib\peft\__pycache__\functional.cpython-313.pyc","818","2026/8/12 下午 05:44:54"
"C:\Users\TUF Gaming\Desktop\我的專案\財富密碼\LOCAL-AI-STUDIO\_trainlib\peft\__pycache__\helpers.cpython-313.pyc","24744","2026/8/12 下午 05:44:54"
"C:\Users\TUF Gaming\Desktop\我的專案\財富密碼\LOCAL-AI-STUDIO\_trainlib\peft\__pycache__\import_utils.cpython-313.pyc","8015","2026/8/12 下午 05:44:54"
"C:\Users\TUF Gaming\Desktop\我的專案\財富密碼\LOCAL-AI-STUDIO\_trainlib\peft\__pycache__\mapping.cpython-313.pyc","3656","2026/8/12 下午 05:44:54"
"C:\Users\TUF Gaming\Desktop\我的專案\財富密碼\LOCAL-AI-STUDIO\_trainlib\peft\__pycache__\mapping_func.cpython-313.pyc","5323","2026/8/12 下午 05:44:54"
"C:\Users\TUF Gaming\Desktop\我的專案\財富密碼\LOCAL-AI-STUDIO\_trainlib\peft\__pycache__\mixed_model.cpython-313.pyc","22944","2026/8/12 下午 05:44:54"
"C:\Users\TUF Gaming\Desktop\我的專案\財富密碼\LOCAL-AI-STUDIO\_trainlib\peft\__pycache__\peft_model.cpython-313.pyc","156155","2026/8/12 下午 05:44:54"
"C:\Users\TUF Gaming\Desktop\我的專案\財富密碼\LOCAL-AI-STUDIO\_trainlib\peft\__pycache__\__init__.cpython-313.pyc","5443","2026/8/12 下午 05:44:54"
"C:\Users\TUF Gaming\Desktop\我的專案\財富密碼\LOCAL-AI-STUDIO\_trainlib\peft-0.20.0.dist-info\INSTALLER","4","2026/8/12 下午 05:44:54"
"C:\Users\TUF Gaming\Desktop\我的專案\財富密碼\LOCAL-AI-STUDIO\_trainlib\peft-0.20.0.dist-info\LICENSE","11357","2026/8/12 下午 05:44:54"
"C:\Users\TUF Gaming\Desktop\我的專案\財富密碼\LOCAL-AI-STUDIO\_trainlib\peft-0.20.0.dist-info\METADATA","14720","2026/8/12 下午 05:44:54"
"C:\Users\TUF Gaming\Desktop\我的專案\財富密碼\LOCAL-AI-STUDIO\_trainlib\peft-0.20.0.dist-info\RECORD","35507","2026/8/12 下午 05:44:54"
"C:\Users\TUF Gaming\Desktop\我的專案\財富密碼\LOCAL-AI-STUDIO\_trainlib\peft-0.20.0.dist-info\REQUESTED","0","2026/8/12 下午 05:44:54"
"C:\Users\TUF Gaming\Desktop\我的專案\財富密碼\LOCAL-AI-STUDIO\_trainlib\peft-0.20.0.dist-info\top_level.txt","5","2026/8/12 下午 05:44:54"
"C:\Users\TUF Gaming\Desktop\我的專案\財富密碼\LOCAL-AI-STUDIO\_trainlib\peft-0.20.0.dist-info\WHEEL","92","2026/8/12 下午 05:44:54"
"C:\Users\TUF Gaming\Desktop\我的專案\財富密碼\NIGHT_RD\full_audit_bundle\scan_code.py","3030","2026/8/13 上午 11:39:26"
"C:\Users\TUF Gaming\Desktop\我的專案\財富密碼\NIGHT_RD\full_audit_bundle\bundle_20260813_113947\files_index.csv","0","2026/8/13 上午 11:39:47"
"C:\Users\TUF Gaming\Desktop\我的專案\財富密碼\sfx\fetch_index.py","1730","2026/8/9 上午 10:41:19"
"C:\Users\TUF Gaming\Desktop\我的專案\財富密碼\sfx\mix.py","21623","2026/8/13 上午 04:51:05"
"C:\Users\TUF Gaming\Desktop\我的專案\財富密碼\sfx\pick.py","3966","2026/8/9 下午 04:34:33"
"C:\Users\TUF Gaming\Desktop\我的專案\財富密碼\sfx\sonniss_index.json","3628065","2026/8/9 上午 10:41:41"
"C:\Users\TUF Gaming\Desktop\我的專案\財富密碼\sfx\wave_compare.py","1569","2026/8/9 下午 06:57:38"
"C:\Users\TUF Gaming\Desktop\我的專案\財富密碼\sfx\77音效-常用100種\README.md","2627","2026/8/10 下午 03:32:31"
"C:\Users\TUF Gaming\Desktop\我的專案\財富密碼\sfx\77音效-常用100種\mp3\1.mp3","330622","2026/8/10 下午 03:24:08"
"C:\Users\TUF Gaming\Desktop\我的專案\財富密碼\sfx\77音效-常用100種\mp3\10.mp3","18004","2026/8/10 下午 03:24:09"
"C:\Users\TUF Gaming\Desktop\我的專案\財富密碼\sfx\77音效-常用100種\mp3\100.mp3","31874","2026/8/10 下午 03:24:10"
"C:\Users\TUF Gaming\Desktop\我的專案\財富密碼\sfx\77音效-常用100種\mp3\11.mp3","113924","2026/8/10 下午 03:24:12"
"C:\Users\TUF Gaming\Desktop\我的專案\財富密碼\sfx\77音效-常用100種\mp3\12.mp3","44724","2026/8/10 下午 03:24:13"
"C:\Users\TUF Gaming\Desktop\我的專案\財富密碼\sfx\77音效-常用100種\mp3\13.mp3","29168","2026/8/10 下午 03:24:14"
"C:\Users\TUF Gaming\Desktop\我的專案\財富密碼\sfx\77音效-常用100種\mp3\14.mp3","17198","2026/8/10 下午 03:24:15"
"C:\Users\TUF Gaming\Desktop\我的專案\財富密碼\sfx\77音效-常用100種\mp3\15.mp3","17853","2026/8/10 下午 03:24:16"
"C:\Users\TUF Gaming\Desktop\我的專案\財富密碼\sfx\77音效-常用100種\mp3\16.mp3","17356","2026/8/10 下午 03:24:17"
"C:\Users\TUF Gaming\Desktop\我的專案\財富密碼\sfx\77音效-常用100種\mp3\17.mp3","7179","2026/8/10 下午 03:24:18"
"C:\Users\TUF Gaming\Desktop\我的專案\財富密碼\sfx\77音效-常用100種\mp3\18.mp3","11456","2026/8/10 下午 03:24:20"
"C:\Users\TUF Gaming\Desktop\我的專案\財富密碼\sfx\77音效-常用100種\mp3\19.mp3","61351","2026/8/10 下午 03:24:21"
"C:\Users\TUF Gaming\Desktop\我的專案\財富密碼\sfx\77音效-常用100種\mp3\2.mp3","15626","2026/8/10 下午 03:24:22"
"C:\Users\TUF Gaming\Desktop\我的專案\財富密碼\sfx\77音效-常用100種\mp3\20.mp3","200712","2026/8/10 下午 03:24:23"
"C:\Users\TUF Gaming\Desktop\我的專案\財富密碼\sfx\77音效-常用100種\mp3\21.mp3","164696","2026/8/10 下午 03:24:24"
"C:\Users\TUF Gaming\Desktop\我的專案\財富密碼\sfx\77音效-常用100種\mp3\22.mp3","64032","2026/8/10 下午 03:24:25"
"C:\Users\TUF Gaming\Desktop\我的專案\財富密碼\sfx\77音效-常用100種\mp3\23.mp3","166381","2026/8/10 下午 03:24:26"
"C:\Users\TUF Gaming\Desktop\我的專案\財富密碼\sfx\77音效-常用100種\mp3\24.mp3","183164","2026/8/10 下午 03:24:28"
"C:\Users\TUF Gaming\Desktop\我的專案\財富密碼\sfx\77音效-常用100種\mp3\25.mp3","147366","2026/8/10 下午 03:24:29"
"C:\Users\TUF Gaming\Desktop\我的專案\財富密碼\sfx\77音效-常用100種\mp3\26.mp3","76927","2026/8/10 下午 03:24:30"
"C:\Users\TUF Gaming\Desktop\我的專案\財富密碼\sfx\77音效-常用100種\mp3\27.mp3","70316","2026/8/10 下午 03:24:31"
"C:\Users\TUF Gaming\Desktop\我的專案\財富密碼\sfx\77音效-常用100種\mp3\28.mp3","77249","2026/8/10 下午 03:24:32"
"C:\Users\TUF Gaming\Desktop\我的專案\財富密碼\sfx\77音效-常用100種\mp3\29.mp3","15813","2026/8/10 下午 03:24:33"
"C:\Users\TUF Gaming\Desktop\我的專案\財富密碼\sfx\77音效-常用100種\mp3\3.mp3","11665","2026/8/10 下午 03:24:34"
"C:\Users\TUF Gaming\Desktop\我的專案\財富密碼\sfx\77音效-常用100種\mp3\30-31.mp3","33339","2026/8/10 下午 03:24:35"
"C:\Users\TUF Gaming\Desktop\我的專案\財富密碼\sfx\77音效-常用100種\mp3\32-33.mp3","60405","2026/8/10 下午 03:24:36"
"C:\Users\TUF Gaming\Desktop\我的專案\財富密碼\sfx\77音效-常用100種\mp3\34.mp3","146243","2026/8/10 下午 03:24:38"
"C:\Users\TUF Gaming\Desktop\我的專案\財富密碼\sfx\77音效-常用100種\mp3\35-36.mp3","27590","2026/8/10 下午 03:24:39"
"C:\Users\TUF Gaming\Desktop\我的專案\財富密碼\sfx\77音效-常用100種\mp3\37-38.mp3","117614","2026/8/10 下午 03:24:40"
"C:\Users\TUF Gaming\Desktop\我的專案\財富密碼\sfx\77音效-常用100種\mp3\39.mp3","27151","2026/8/10 下午 03:24:41"
"C:\Users\TUF Gaming\Desktop\我的專案\財富密碼\sfx\77音效-常用100種\mp3\4.mp3","28454","2026/8/10 下午 03:24:42"
"C:\Users\TUF Gaming\Desktop\我的專案\財富密碼\sfx\77音效-常用100種\mp3\40.mp3","40625","2026/8/10 下午 03:24:43"
"C:\Users\TUF Gaming\Desktop\我的專案\財富密碼\sfx\77音效-常用100種\mp3\41.mp3","17070","2026/8/10 下午 03:24:44"
"C:\Users\TUF Gaming\Desktop\我的專案\財富密碼\sfx\77音效-常用100種\mp3\42.mp3","25612","2026/8/10 下午 03:24:46"
"C:\Users\TUF Gaming\Desktop\我的專案\財富密碼\sfx\77音效-常用100種\mp3\43.mp3","40079","2026/8/10 下午 03:24:47"
"C:\Users\TUF Gaming\Desktop\我的專案\財富密碼\sfx\77音效-常用100種\mp3\44.mp3","36358","2026/8/10 下午 03:24:48"
"C:\Users\TUF Gaming\Desktop\我的專案\財富密碼\sfx\77音效-常用100種\mp3\45.mp3","18593","2026/8/10 下午 03:24:49"
"C:\Users\TUF Gaming\Desktop\我的專案\財富密碼\sfx\77音效-常用100種\mp3\46.mp3","70976","2026/8/10 下午 03:24:50"
"C:\Users\TUF Gaming\Desktop\我的專案\財富密碼\sfx\77音效-常用100種\mp3\47.mp3","137412","2026/8/10 下午 03:24:52"
"C:\Users\TUF Gaming\Desktop\我的專案\財富密碼\sfx\77音效-常用100種\mp3\48.mp3","47080","2026/8/10 下午 03:24:53"
"C:\Users\TUF Gaming\Desktop\我的專案\財富密碼\sfx\77音效-常用100種\mp3\49.mp3","24615","2026/8/10 下午 03:24:54"
"C:\Users\TUF Gaming\Desktop\我的專案\財富密碼\sfx\77音效-常用100種\mp3\5.mp3","21031","2026/8/10 下午 03:24:55"
"C:\Users\TUF Gaming\Desktop\我的專案\財富密碼\sfx\77音效-常用100種\mp3\50.mp3","44690","2026/8/10 下午 03:24:57"
"C:\Users\TUF Gaming\Desktop\我的專案\財富密碼\sfx\77音效-常用100種\mp3\51.mp3","72342","2026/8/10 下午 03:24:58"
"C:\Users\TUF Gaming\Desktop\我的專案\財富密碼\sfx\77音效-常用100種\mp3\52.mp3","69810","2026/8/10 下午 03:24:59"
"C:\Users\TUF Gaming\Desktop\我的專案\財富密碼\sfx\77音效-常用100種\mp3\53.mp3","262021","2026/8/10 下午 03:25:00"
"C:\Users\TUF Gaming\Desktop\我的專案\財富密碼\sfx\77音效-常用100種\mp3\54.mp3","24355","2026/8/10 下午 03:25:01"
"C:\Users\TUF Gaming\Desktop\我的專案\財富密碼\sfx\77音效-常用100種\mp3\55.mp3","21941","2026/8/10 下午 03:25:03"
"C:\Users\TUF Gaming\Desktop\我的專案\財富密碼\sfx\77音效-常用100種\mp3\56.mp3","28989","2026/8/10 下午 03:25:04"
"C:\Users\TUF Gaming\Desktop\我的專案\財富密碼\sfx\77音效-常用100種\mp3\57.mp3","78592","2026/8/10 下午 03:25:05"
"C:\Users\TUF Gaming\Desktop\我的專案\財富密碼\sfx\77音效-常用100種\mp3\58.mp3","136055","2026/8/10 下午 03:25:06"
"C:\Users\TUF Gaming\Desktop\我的專案\財富密碼\sfx\77音效-常用100種\mp3\59.mp3","42966","2026/8/10 下午 03:25:08"
"C:\Users\TUF Gaming\Desktop\我的專案\財富密碼\sfx\77音效-常用100種\mp3\6.mp3","36539","2026/8/10 下午 03:25:09"
"C:\Users\TUF Gaming\Desktop\我的專案\財富密碼\sfx\77音效-常用100種\mp3\60.mp3","595887","2026/8/10 下午 03:25:10"
"C:\Users\TUF Gaming\Desktop\我的專案\財富密碼\sfx\77音效-常用100種\mp3\61.mp3","27082","2026/8/10 下午 03:25:12"
"C:\Users\TUF Gaming\Desktop\我的專案\財富密碼\sfx\77音效-常用100種\常用100種音效\1.wmv","1149672","2021/3/21 下午 03:36:39"
"C:\Users\TUF Gaming\Desktop\我的專案\財富密碼\sfx\77音效-常用100種\常用100種音效\10.wmv","165564","2021/3/21 下午 03:36:41"
"C:\Users\TUF Gaming\Desktop\我的專案\財富密碼\sfx\77音效-常用100種\常用100種音效\100.wmv","205570","2021/3/21 下午 03:37:50"
"C:\Users\TUF Gaming\Desktop\我的專案\財富密碼\sfx\77音效-常用100種\常用100種音效\11.wmv","413588","2021/3/21 下午 03:36:42"
"C:\Users\TUF Gaming\Desktop\我的專案\財富密碼\sfx\77音效-常用100種\常用100種音效\12.wmv","349582","2021/3/21 下午 03:36:44"
"C:\Users\TUF Gaming\Desktop\我的專案\財富密碼\sfx\77音效-常用100種\常用100種音效\13.wmv","189570","2021/3/21 下午 03:36:45"
"C:\Users\TUF Gaming\Desktop\我的專案\財富密碼\sfx\77音效-常用100種\常用100種音效\14.wmv","157564","2021/3/21 下午 03:36:45"
"C:\Users\TUF Gaming\Desktop\我的專案\財富密碼\sfx\77音效-常用100種\常用100種音效\15.wmv","141564","2021/3/21 下午 03:36:46"
"C:\Users\TUF Gaming\Desktop\我的專案\財富密碼\sfx\77音效-常用100種\常用100種音效\16.wmv","149564","2021/3/21 下午 03:36:46"
"C:\Users\TUF Gaming\Desktop\我的專案\財富密碼\sfx\77音效-常用100種\常用100種音效\17.wmv","125564","2021/3/21 下午 03:36:46"
"C:\Users\TUF Gaming\Desktop\我的專案\財富密碼\sfx\77音效-常用100種\常用100種音效\18.wmv","165564","2021/3/21 下午 03:36:47"
"C:\Users\TUF Gaming\Desktop\我的專案\財富密碼\sfx\77音效-常用100種\常用100種音效\19.wmv","261576","2021/3/21 下午 03:36:47"
"C:\Users\TUF Gaming\Desktop\我的專案\財富密碼\sfx\77音效-常用100種\常用100種音效\2.wmv","157570","2021/3/21 下午 03:36:36"
"C:\Users\TUF Gaming\Desktop\我的專案\財富密碼\sfx\77音效-常用100種\常用100種音效\20.wmv","813618","2021/3/21 下午 03:36:50"
"C:\Users\TUF Gaming\Desktop\我的專案\財富密碼\sfx\77音效-常用100種\常用100種音效\21.wmv","637612","2021/3/21 下午 03:36:52"
"C:\Users\TUF Gaming\Desktop\我的專案\財富密碼\sfx\77音效-常用100種\常用100種音效\22.wmv","277582","2021/3/21 下午 03:36:54"
"C:\Users\TUF Gaming\Desktop\我的專案\財富密碼\sfx\77音效-常用100種\常用100種音效\23.wmv","677612","2021/3/21 下午 03:36:55"
"C:\Users\TUF Gaming\Desktop\我的專案\財富密碼\sfx\77音效-常用100種\常用100種音效\24.wmv","749618","2021/3/21 下午 03:37:00"
"C:\Users\TUF Gaming\Desktop\我的專案\財富密碼\sfx\77音效-常用100種\常用100種音效\25.wmv","541600","2021/3/21 下午 03:36:57"
"C:\Users\TUF Gaming\Desktop\我的專案\財富密碼\sfx\77音效-常用100種\常用100種音效\26.wmv","341582","2021/3/21 下午 03:37:01"
"C:\Users\TUF Gaming\Desktop\我的專案\財富密碼\sfx\77音效-常用100種\常用100種音效\27.wmv","325576","2021/3/21 下午 03:37:02"
"C:\Users\TUF Gaming\Desktop\我的專案\財富密碼\sfx\77音效-常用100種\常用100種音效\28.wmv","357582","2021/3/21 下午 03:37:02"
"C:\Users\TUF Gaming\Desktop\我的專案\財富密碼\sfx\77音效-常用100種\常用100種音效\29.wmv","125564","2021/3/21 下午 03:37:03"
"C:\Users\TUF Gaming\Desktop\我的專案\財富密碼\sfx\77音效-常用100種\常用100種音效\3.wmv","141564","2021/3/21 下午 03:36:37"
"C:\Users\TUF Gaming\Desktop\我的專案\財富密碼\sfx\77音效-常用100種\常用100種音效\30-31.wmv","285570","2021/3/21 下午 03:37:03"
"C:\Users\TUF Gaming\Desktop\我的專案\財富密碼\sfx\77音效-常用100種\常用100種音效\32-33.wmv","269576","2021/3/21 下午 03:37:04"
"C:\Users\TUF Gaming\Desktop\我的專案\財富密碼\sfx\77音效-常用100種\常用100種音效\34.wmv","501594","2021/3/21 下午 03:37:07"
"C:\Users\TUF Gaming\Desktop\我的專案\財富密碼\sfx\77音效-常用100種\常用100種音效\35-36.wmv","253576","2021/3/21 下午 03:37:08"
"C:\Users\TUF Gaming\Desktop\我的專案\財富密碼\sfx\77音效-常用100種\常用100種音效\37-38.wmv","653612","2021/3/21 下午 03:37:09"
"C:\Users\TUF Gaming\Desktop\我的專案\財富密碼\sfx\77音效-常用100種\常用100種音效\39.wmv","237576","2021/3/21 下午 03:37:09"
"C:\Users\TUF Gaming\Desktop\我的專案\財富密碼\sfx\77音效-常用100種\常用100種音效\4.wmv","149570","2021/3/21 下午 03:36:37"
"C:\Users\TUF Gaming\Desktop\我的專案\財富密碼\sfx\77音效-常用100種\常用100種音效\40.wmv","189570","2021/3/21 下午 03:37:10"
"C:\Users\TUF Gaming\Desktop\我的專案\財富密碼\sfx\77音效-常用100種\常用100種音效\41.wmv","189576","2021/3/21 下午 03:37:10"
"C:\Users\TUF Gaming\Desktop\我的專案\財富密碼\sfx\77音效-常用100種\常用100種音效\42.wmv","189570","2021/3/21 下午 03:37:10"
"C:\Users\TUF Gaming\Desktop\我的專案\財富密碼\sfx\77音效-常用100種\常用100種音效\43.wmv","221570","2021/3/21 下午 03:37:11"
"C:\Users\TUF Gaming\Desktop\我的專案\財富密碼\sfx\77音效-常用100種\常用100種音效\44.wmv","261576","2021/3/21 下午 03:37:11"
"C:\Users\TUF Gaming\Desktop\我的專案\財富密碼\sfx\77音效-常用100種\常用100種音效\45.wmv","165570","2021/3/21 下午 03:37:12"
"C:\Users\TUF Gaming\Desktop\我的專案\財富密碼\sfx\77音效-常用100種\常用100種音效\46.wmv","309582","2021/3/21 下午 03:37:14"
"C:\Users\TUF Gaming\Desktop\我的專案\財富密碼\sfx\77音效-常用100種\常用100種音效\47.wmv","621612","2021/3/21 下午 03:37:15"
"C:\Users\TUF Gaming\Desktop\我的專案\財富密碼\sfx\77音效-常用100種\常用100種音效\48.wmv","293582","2021/3/21 下午 03:37:16"
"C:\Users\TUF Gaming\Desktop\我的專案\財富密碼\sfx\77音效-常用100種\常用100種音效\49.wmv","205576","2021/3/21 下午 03:37:16"
"C:\Users\TUF Gaming\Desktop\我的專案\財富密碼\sfx\77音效-常用100種\常用100種音效\5.wmv","181570","2021/3/21 下午 03:36:38"
"C:\Users\TUF Gaming\Desktop\我的專案\財富密碼\sfx\77音效-常用100種\常用100種音效\50.wmv","245576","2021/3/21 下午 03:37:17"
"C:\Users\TUF Gaming\Desktop\我的專案\財富密碼\sfx\77音效-常用100種\常用100種音效\51.wmv","405594","2021/3/21 下午 03:37:17"
"C:\Users\TUF Gaming\Desktop\我的專案\財富密碼\sfx\77音效-常用100種\常用100種音效\52.wmv","381582","2021/3/21 下午 03:37:18"
"C:\Users\TUF Gaming\Desktop\我的專案\財富密碼\sfx\77音效-常用100種\常用100種音效\53.wmv","1085654","2021/3/21 下午 03:36:43"
"C:\Users\TUF Gaming\Desktop\我的專案\財富密碼\sfx\77音效-常用100種\常用100種音效\54.wmv","173570","2021/3/21 下午 03:37:18"
"C:\Users\TUF Gaming\Desktop\我的專案\財富密碼\sfx\77音效-常用100種\常用100種音效\55.wmv","165570","2021/3/21 下午 03:37:19"
"C:\Users\TUF Gaming\Desktop\我的專案\財富密碼\sfx\77音效-常用100種\常用100種音效\56.wmv","197576","2021/3/21 下午 03:37:19"
"C:\Users\TUF Gaming\Desktop\我的專案\財富密碼\sfx\77音效-常用100種\常用100種音效\57.wmv","413594","2021/3/21 下午 03:37:21"
"C:\Users\TUF Gaming\Desktop\我的專案\財富密碼\sfx\77音效-常用100種\常用100種音效\58.wmv","725618","2021/3/21 下午 03:37:22"
"C:\Users\TUF Gaming\Desktop\我的專案\財富密碼\sfx\77音效-常用100種\常用100種音效\59.wmv","333582","2021/3/21 下午 03:37:23"
"C:\Users\TUF Gaming\Desktop\我的專案\財富密碼\sfx\77音效-常用100種\常用100種音效\6.wmv","197570","2021/3/21 下午 03:36:38"
"C:\Users\TUF Gaming\Desktop\我的專案\財富密碼\sfx\77音效-常用100種\常用100種音效\60.wmv","1989744","2021/3/21 下午 03:36:53"
"C:\Users\TUF Gaming\Desktop\我的專案\財富密碼\sfx\77音效-常用100種\常用100種音效\61.wmv","229576","2021/3/21 下午 03:37:23"
"C:\Users\TUF Gaming\Desktop\我的專案\財富密碼\sfx\lib\air-suck\CHIL SS Flamingo birds in large perspective light wind gust.mp3","999628","2026/8/9 下午 06:22:17"
"C:\Users\TUF Gaming\Desktop\我的專案\財富密碼\sfx\lib\air-suck\snow_ambience_wind_strong_08_gusty.mp3","1201261","2026/8/9 下午 06:22:20"
"C:\Users\TUF Gaming\Desktop\我的專案\財富密碼\sfx\lib\air-suck\Tubular,VacuumHose,thinplasticmembrane,wirecoil,dust,collapsible,halfexpanded,5ftL,1inDia,tinybell,shake,rattle,ring,irregular,constant.mp3","507088","2026/8/9 下午 06:22:12"
"C:\Users\TUF Gaming\Desktop\我的專案\財富密碼\sfx\lib\air-suck\WEATHER WIND Mountain Slope, Strong, Inside Jacket Hood, Sustained Blustery, Gusty, Binaural, Patagonia, LOOP.mp3","910499","2026/8/9 下午 06:22:14"
"C:\Users\TUF Gaming\Desktop\我的專案\財富密碼\sfx\lib\air-suck\Wind,Int,Howl,Forceful,Tonal,Vocal,Gust.mp3","180769","2026/8/9 下午 06:22:10"
"C:\Users\TUF Gaming\Desktop\我的專案\財富密碼\sfx\lib\amb-birds\AMB SUBURB Solo Bird Call, Early Morning, Distant Traffic Passbys, Montreal, Canada, LOOP.mp3","1822138","2026/8/9 下午 06:22:28"
"C:\Users\TUF Gaming\Desktop\我的專案\財富密碼\sfx\lib\amb-birds\Rural summer with birdsong, distant sea waves, breeze.mp3","1924399","2026/8/9 下午 06:22:36"
"C:\Users\TUF Gaming\Desktop\我的專案\財富密碼\sfx\lib\amb-birds\THAILAND, KOH CHANG TRAT, WAT KHLONGPHRAO, CALM MIDDAY, BIRDS, DISTANT ACTIVITIES AND TRAFFIC, VERS2, AT04-141.mp3","2478402","2026/8/9 下午 06:22:39"
"C:\Users\TUF Gaming\Desktop\我的專案\財富密碼\sfx\lib\amb-street\AMB SUBURB Solo Bird Call, Early Morning, Distant Traffic Passbys, Montreal, Canada, LOOP.mp3","1822138","2026/8/9 下午 06:22:45"
"C:\Users\TUF Gaming\Desktop\我的專案\財富密碼\sfx\lib\amb-street\ANIMAL FARM Pig, Baby, Scream, Shrill, City Street 01.mp3","38137","2026/8/9 下午 06:22:40"
"C:\Users\TUF Gaming\Desktop\我的專案\財富密碼\sfx\lib\amb-street\ANIMAL FARM Pig, Baby, Scream, Shrill, City Street 01.wav","1016814","2026/8/9 下午 06:22:43"
"C:\Users\TUF Gaming\Desktop\我的專案\財富密碼\sfx\lib\breath-dog\ANIMAL FARM Pig, Grunt, Breathe, Single, Isolated, 0.2m 02.mp3","9958","2026/8/9 下午 06:21:37"
"C:\Users\TUF Gaming\Desktop\我的專案\財富密碼\sfx\lib\breath-dog\ANIMAL FARM Pig, Grunt, Breathe, Single, Isolated, 0.2m 02.wav","529676","2026/8/9 下午 06:21:39"
"C:\Users\TUF Gaming\Desktop\我的專案\財富密碼\sfx\lib\ceramic\Apparel,bracelet,silver,ceramic,glass,leather,shake,single,bright,alternate.M.wav","160396","2026/8/9 上午 11:20:40"
"C:\Users\TUF Gaming\Desktop\我的專案\財富密碼\sfx\lib\ceramic\CookieJar,ceramic,glazed,irregularshape,hollowbase,hollowtop,rough,resonant,tonal,jostle,long,strong,2.mp3","91183","2026/8/9 上午 11:20:37"
"C:\Users\TUF Gaming\Desktop\我的專案\財富密碼\sfx\lib\ceramic\nails_on_ceramic_tile_single_001.mp3","110931","2026/8/9 上午 11:20:39"
"C:\Users\TUF Gaming\Desktop\我的專案\財富密碼\sfx\lib\claw-scratch\nails_on_ceramic_tile_single_001.mp3","110931","2026/8/9 下午 06:22:56"
"C:\Users\TUF Gaming\Desktop\我的專案\財富密碼\sfx\lib\claw-scratch\nails_on_metal_single_001.mp3","59784","2026/8/9 下午 06:22:53"
"C:\Users\TUF Gaming\Desktop\我的專案\財富密碼\sfx\lib\claw-scratch\nails_on_towel_single_003.mp3","62523","2026/8/9 下午 06:22:54"
"C:\Users\TUF Gaming\Desktop\我的專案\財富密碼\sfx\lib\claw-scratch\nails_on_velvet_single_002.mp3","47436","2026/8/9 下午 06:22:52"
"C:\Users\TUF Gaming\Desktop\我的專案\財富密碼\sfx\lib\cloth-drag\CLOTHING_MATERIAL_MOVEMENT_08.mp3","10247","2026/8/9 上午 11:20:02"
"C:\Users\TUF Gaming\Desktop\我的專案\財富密碼\sfx\lib\cloth-drag\CLOTHING_MATERIAL_MOVEMENT_08.wav","194256","2026/8/9 上午 11:20:05"
"C:\Users\TUF Gaming\Desktop\我的專案\財富密碼\sfx\lib\cloth-drag\foley_soldier_gear_equipment_metal_cloth_heavy_movement_light_08.mp3","33502","2026/8/9 上午 11:20:04"
"C:\Users\TUF Gaming\Desktop\我的專案\財富密碼\sfx\lib\cloth-drag\ICE Skater cloth move 10.mp3","28537","2026/8/9 上午 11:20:03"
"C:\Users\TUF Gaming\Desktop\我的專案\財富密碼\sfx\lib\cloth-drop\Drop Soft - Single Plank, Drop 02.flac","99580","2026/8/9 上午 11:20:08"
"C:\Users\TUF Gaming\Desktop\我的專案\財富密碼\sfx\lib\cloth-drop\Drop Soft - Single Plank, Drop 02.mp3","11712","2026/8/9 上午 11:20:06"
"C:\Users\TUF Gaming\Desktop\我的專案\財富密碼\sfx\lib\cloth-drop\Rupture - Car_Light_Impact_04.mp3","54283","2026/8/9 上午 11:20:07"
"C:\Users\TUF Gaming\Desktop\我的專案\財富密碼\sfx\lib\dirt\Drop Soft - Single Plank, Drop 02.mp3","11712","2026/8/9 上午 11:20:43"
"C:\Users\TUF Gaming\Desktop\我的專案\財富密碼\sfx\lib\dirt\Impacts Hard - Short Wobbly Tail 01.mp3","11247","2026/8/9 上午 11:20:42"
"C:\Users\TUF Gaming\Desktop\我的專案\財富密碼\sfx\lib\dirt\Impacts Soft - Short, Crack.mp3","8916","2026/8/9 上午 11:20:41"
"C:\Users\TUF Gaming\Desktop\我的專案\財富密碼\sfx\lib\dog-sleep\G4F SFX06 - HORSES - Snort 03.flac","314999","2026/8/9 上午 11:20:25"
"C:\Users\TUF Gaming\Desktop\我的專案\財富密碼\sfx\lib\dog-sleep\G4F SFX06 - HORSES - Snort 03.mp3","94298","2026/8/9 上午 11:20:23"
"C:\Users\TUF Gaming\Desktop\我的專案\財富密碼\sfx\lib\dog-sleep\G4F SFX06 - HORSES - Snort 03.wav","787684","2026/8/9 上午 11:20:28"
"C:\Users\TUF Gaming\Desktop\我的專案\財富密碼\sfx\lib\dog-small\Dog_Border Collie Mix_Whining and Bark_Fienup_001.mp3","117323","2026/8/9 上午 11:20:14"
"C:\Users\TUF Gaming\Desktop\我的專案\財富密碼\sfx\lib\dog-small\Dog_Border Collie Mix_Whining and Bark_Fienup_001.wav","2008436","2026/8/9 上午 11:20:18"
"C:\Users\TUF Gaming\Desktop\我的專案\財富密碼\sfx\lib\dog-small\Dog_German Short-Haired Pointer_Bark and Whimper_Fienup_001.mp3","821369","2026/8/9 上午 11:20:16"
"C:\Users\TUF Gaming\Desktop\我的專案\財富密碼\sfx\lib\dog-whimper\Dog_German Short-Haired Pointer_Bark and Whimper_Fienup_001.mp3","821369","2026/8/9 上午 11:20:20"
"C:\Users\TUF Gaming\Desktop\我的專案\財富密碼\sfx\lib\dog-whimper\EFX INT Dog Wimper 06 A.M.wav","1219500","2026/8/9 上午 11:20:22"
"C:\Users\TUF Gaming\Desktop\我的專案\財富密碼\sfx\lib\drone-low\Drone,Cyber,Deep,Pulse,Disturbing,Invasive,Loop.mp3","398634","2026/8/9 上午 11:20:29"
"C:\Users\TUF Gaming\Desktop\我的專案\財富密碼\sfx\lib\drone-low\hollow_drone_001.mp3","856517","2026/8/9 上午 11:20:34"
"C:\Users\TUF Gaming\Desktop\我的專案\財富密碼\sfx\lib\drone-low\Roomtone,Hvac,Drone,Hum,Low Mids,Loop.mp3","853649","2026/8/9 上午 11:20:32"
"C:\Users\TUF Gaming\Desktop\我的專案\財富密碼\sfx\lib\fabric-fine\Blanket-Lift_06.flac","1012857","2026/8/9 下午 06:21:45"
"C:\Users\TUF Gaming\Desktop\我的專案\財富密碼\sfx\lib\fabric-fine\Blanket-Lift_06.mp3","67856","2026/8/9 下午 06:21:41"
"C:\Users\TUF Gaming\Desktop\我的專案\財富密碼\sfx\lib\fabric-fine\Blanket-Lift_06.wav","1840930","2026/8/9 下午 06:21:50"
"C:\Users\TUF Gaming\Desktop\我的專案\財富密碼\sfx\lib\fabric-fine\dry hard sheet metal movement 05.flac","1836968","2026/8/9 下午 06:21:47"
"C:\Users\TUF Gaming\Desktop\我的專案\財富密碼\sfx\lib\fabric-fine\dry hard sheet metal movement 05.mp3","210139","2026/8/9 下午 06:21:43"
"C:\Users\TUF Gaming\Desktop\我的專案\財富密碼\sfx\lib\fabric-fine\dry hard sheet metal movement 05.wav","2536428","2026/8/9 下午 06:22:09"
"C:\Users\TUF Gaming\Desktop\我的專案\財富密碼\sfx\lib\house-creak\Creepy Door, Fast Metal Creak_02.mp3","90487","2026/8/9 下午 06:22:47"
"C:\Users\TUF Gaming\Desktop\我的專案\財富密碼\sfx\lib\house-creak\DOORS_MISC_CUPBOARD_OPEN_AND_CLOSE_CREAK_2.mp3","98814","2026/8/9 下午 06:22:48"
"C:\Users\TUF Gaming\Desktop\我的專案\財富密碼\sfx\lib\house-creak\Metal_Door_Squeak_Creak_03.mp3","144227","2026/8/9 下午 06:22:50"
"C:\Users\TUF Gaming\Desktop\我的專案\財富密碼\sfx\lib\house-creak\UCnS_BlockedDoor_01_Creaks_09.mp3","168685","2026/8/9 下午 06:22:51"
"C:\Users\TUF Gaming\Desktop\我的專案\財富密碼\sfx\lib\lava\Elemental - Water Bubbles Big_4.mp3","189517","2026/8/11 下午 10:28:12"
"C:\Users\TUF Gaming\Desktop\我的專案\財富密碼\sfx\lib\lava\FireCracklingInAWoodstove.mp3","427208","2026/8/11 下午 10:28:15"
"C:\Users\TUF Gaming\Desktop\我的專案\財富密碼\sfx\lib\lava\Lava Lava Gets Close.mp3","3473503","2026/8/11 下午 10:28:07"
"C:\Users\TUF Gaming\Desktop\我的專案\財富密碼\sfx\lib\lava\Lava Lava Short Windy 10.mp3","638620","2026/8/11 下午 10:28:09"
"C:\Users\TUF Gaming\Desktop\我的專案\財富密碼\sfx\lib\lava\Lava Lava Short Windy Crackles.mp3","879363","2026/8/11 下午 10:28:03"
"C:\Users\TUF Gaming\Desktop\我的專案\財富密碼\sfx\lib\lava\Metal_Souls_Ambient_Drone_Volcanic_Eruption.mp3","1459063","2026/8/11 下午 10:28:11"
"C:\Users\TUF Gaming\Desktop\我的專案\財富密碼\sfx\lib\lava\sci-fi metal boiling metal spill 05.mp3","168662","2026/8/11 下午 10:28:13"
"C:\Users\TUF Gaming\Desktop\我的專案\財富密碼\sfx\lib\liquid\mud_splat_heavy_03.mp3","36601","2026/8/9 上午 11:20:45"
"C:\Users\TUF Gaming\Desktop\我的專案\財富密碼\sfx\lib\liquid\underwater_splash_large_06.mp3","42223","2026/8/9 上午 11:20:46"
"C:\Users\TUF Gaming\Desktop\我的專案\財富密碼\sfx\lib\liquid\water_bubble_19.mp3","35856","2026/8/9 上午 11:20:44"
"C:\Users\TUF Gaming\Desktop\我的專案\財富密碼\sfx\lib\paws-carpet\1806 - Footsteps - Sneakers on Carpet - 90 fpm - Loop.mp3","355998","2026/8/9 下午 06:21:21"
"C:\Users\TUF Gaming\Desktop\我的專案\財富密碼\sfx\lib\paws-carpet\BARE FEET CARPET FOOTSTEP STAGGER TUMBLE TRIP DRUNK.mp3","1025862","2026/8/9 下午 06:21:29"
"C:\Users\TUF Gaming\Desktop\我的專案\財富密碼\sfx\lib\paws-carpet\SOCKS LINOLEUM FOOT SCRAPE STOMP STRUGGLE FIGHTING BEING PUT IN A REVERSED CHOKE HOLD GROUND WORK.flac","2870494","2026/8/9 下午 06:21:36"
"C:\Users\TUF Gaming\Desktop\我的專案\財富密碼\sfx\lib\paws-carpet\SOCKS LINOLEUM FOOT SCRAPE STOMP STRUGGLE FIGHTING BEING PUT IN A REVERSED CHOKE HOLD GROUND WORK.mp3","468698","2026/8/9 下午 06:21:23"
"C:\Users\TUF Gaming\Desktop\我的專案\財富密碼\sfx\lib\paws-carpet\SOCKS WOOD DECK FOOTSTEP SUDDEN FAST MOVEMENT FIGHT STRUGGLE PSYCH OUT.mp3","539328","2026/8/9 下午 06:21:26"
"C:\Users\TUF Gaming\Desktop\我的專案\財富密碼\sfx\lib\paws-more\Paw 1_Wood_Trot-Walk.wav","7315354","2026/8/9 下午 06:20:46"
"C:\Users\TUF Gaming\Desktop\我的專案\財富密碼\sfx\lib\paws-more\SNEAKER PLASTIC FLOOR MAT FOOTSTEP WALKING.flac","5092571","2026/8/9 下午 06:20:41"
"C:\Users\TUF Gaming\Desktop\我的專案\財富密碼\sfx\lib\paws-more\SNEAKER PLASTIC FLOOR MAT FOOTSTEP WALKING.mp3","989298","2026/8/9 下午 06:20:27"
"C:\Users\TUF Gaming\Desktop\我的專案\財富密碼\sfx\lib\paws-more\SNEAKER PLASTIC FLOOR MAT FOOTSTEP WALKING.wav","9571330","2026/8/9 下午 06:21:18"
"C:\Users\TUF Gaming\Desktop\我的專案\財富密碼\sfx\lib\paws-more\SOCKS WOOD DECK FOOTSTEP SUDDEN FAST MOVEMENT FIGHT STRUGGLE PSYCH OUT.flac","3351610","2026/8/9 下午 06:20:30"
"C:\Users\TUF Gaming\Desktop\我的專案\財富密碼\sfx\lib\paws-more\SOCKS WOOD DECK FOOTSTEP SUDDEN FAST MOVEMENT FIGHT STRUGGLE PSYCH OUT.mp3","539328","2026/8/9 下午 06:20:25"
"C:\Users\TUF Gaming\Desktop\我的專案\財富密碼\sfx\lib\paws-more\SOCKS WOOD DECK FOOTSTEP SUDDEN FAST MOVEMENT FIGHT STRUGGLE PSYCH OUT.wav","7364742","2026/8/9 下午 06:20:57"
"C:\Users\TUF Gaming\Desktop\我的專案\財富密碼\sfx\lib\paws-wood\FS Wood Civilian Crouch N03.flac","170113","2026/8/9 上午 11:20:00"
"C:\Users\TUF Gaming\Desktop\我的專案\財富密碼\sfx\lib\paws-wood\FS Wood Civilian Crouch N03.mp3","15171","2026/8/9 上午 11:19:58"
"C:\Users\TUF Gaming\Desktop\我的專案\財富密碼\sfx\lib\paws-wood\FS Wood Civilian Crouch N05.flac","176937","2026/8/9 上午 11:20:01"
"C:\Users\TUF Gaming\Desktop\我的專案\財富密碼\sfx\lib\paws-wood\FS Wood Civilian Crouch N05.mp3","15891","2026/8/9 上午 11:19:58"
"C:\Users\TUF Gaming\Desktop\我的專案\財富密碼\sfx\lib\plastic-drop\Gravitas,bridge,stomp,xlarge,arched,wood,heavyiron,stream,urbanpark,strong,clatter,staggered,XY.flac","536867","2026/8/9 上午 11:20:13"
"C:\Users\TUF Gaming\Desktop\我的專案\財富密碼\sfx\lib\plastic-drop\Gravitas,bridge,stomp,xlarge,arched,wood,heavyiron,stream,urbanpark,strong,clatter,staggered,XY.mp3","42187","2026/8/9 上午 11:20:10"
"C:\Users\TUF Gaming\Desktop\我的專案\財富密碼\sfx\lib\plastic-drop\Vibration,Case,Objects,Rattle,Clatter,Rapid,Violent,Loop.mp3","176542","2026/8/9 上午 11:20:11"
"C:\Users\TUF Gaming\Desktop\我的專案\財富密碼\sfx\lib\roomtone\39 Room tone_cargo elevator_up_down.mp3","1772889","2026/8/9 上午 11:19:57"
"C:\Users\TUF Gaming\Desktop\我的專案\財富密碼\sfx\lib\roomtone\Hvac,Cooling unit,Refrigerator,Int,Drone,Rattle,Roomtone,Loop.mp3","1531654","2026/8/9 上午 11:19:52"
"C:\Users\TUF Gaming\Desktop\我的專案\財富密碼\sfx\lib\roomtone\INT Haunted Sewers, Roomtone, Below Traffic, Rumble, Distant.mp3","1691301","2026/8/9 上午 11:19:55"
"C:\Users\TUF Gaming\Desktop\我的專案\財富密碼\sfx\lib\roomtone\Roomtone,Hvac,Drone,Hum,Low Mids,Loop.mp3","853649","2026/8/9 上午 11:19:50"
"C:\Users\TUF Gaming\Desktop\我的專案\財富密碼\sfx\lib\rumble-sub\0434 - Long Deep Powerful Airy Sneaky Thunderous Bomber Steady Tremor Forced Wrecker.mp3","30331","2026/8/9 下午 06:22:22"
"C:\Users\TUF Gaming\Desktop\我的專案\財富密碼\sfx\lib\rumble-sub\GHOSTS Tremor Disturbed Aura.LR.mp3","178258","2026/8/9 下午 06:22:25"
"C:\Users\TUF Gaming\Desktop\我的專案\財富密碼\sfx\lib\rumble-sub\Low Boom 3.mp3","18343","2026/8/9 下午 06:22:22"
"C:\Users\TUF Gaming\Desktop\我的專案\財富密碼\sfx\lib\rumble-sub\SH101_Human_Female_Scream_Alien_OtherWorldly_Fienup_002.mp3","61692","2026/8/9 下午 06:22:24"
"C:\Users\TUF Gaming\Desktop\我的專案\財富密碼\sfx\lib\whoosh\Organic_Whoosh_14.mp3","10150","2026/8/9 上午 11:20:35"
"C:\Users\TUF Gaming\Desktop\我的專案\財富密碼\sfx\lib\whoosh\Whoosh_Rod_Pole_022.mp3","20433","2026/8/9 上午 11:20:36"
"C:\Users\TUF Gaming\Desktop\我的專案\財富密碼\sfx\lib\whoosh\whoosh_weapon_knife_swing_04.mp3","6114","2026/8/9 上午 11:20:35"
"C:\Users\TUF Gaming\Desktop\我的專案\財富密碼\sfx\__pycache__\mix.cpython-313.pyc","11480","2026/8/13 上午 04:51:06"
"C:\Users\TUF Gaming\Desktop\我的專案\財富密碼\video-01\assemble.py","1927","2026/8/5 下午 11:34:31"
"C:\Users\TUF Gaming\Desktop\我的專案\財富密碼\video-01\prompts.txt","10390","2026/8/5 下午 11:34:12"
"C:\Users\TUF Gaming\Desktop\我的專案\財富密碼\video-01\腳本.md","2634","2026/8/5 下午 11:33:27"
"C:\Users\TUF Gaming\Desktop\我的專案\財富密碼\video-01\進度.md","2569","2026/8/6 下午 08:19:33"
"C:\Users\TUF Gaming\Desktop\我的專案\財富密碼\video-01\clips\shot1.mp4","2626601","2026/8/6 下午 06:10:27"
"C:\Users\TUF Gaming\Desktop\我的專案\財富密碼\video-01\clips\shot1_169_backup.mp4","2403530","2026/8/6 下午 06:19:48"
"C:\Users\TUF Gaming\Desktop\我的專案\財富密碼\video-01\clips\shot2.mp4","2519937","2026/8/6 下午 06:14:54"
"C:\Users\TUF Gaming\Desktop\我的專案\財富密碼\video-01\clips\shot3.mp4","2477558","2026/8/6 下午 07:41:41"
"C:\Users\TUF Gaming\Desktop\我的專案\財富密碼\wakeup-test\local-10s-v2.mp4","14475258","2026/8/9 下午 07:05:48"
"C:\Users\TUF Gaming\Desktop\我的專案\財富密碼\wakeup-test\local-10s.mp4","10105979","2026/8/9 下午 06:46:03"
"C:\Users\TUF Gaming\Desktop\我的專案\財富密碼\wakeup-test\local-5s-可用.mp4","6851830","2026/8/9 下午 07:05:49"
"C:\Users\TUF Gaming\Desktop\我的專案\財富密碼\wakeup-test\scene-prompt.txt","871","2026/8/9 下午 04:29:44"
"C:\Users\TUF Gaming\Desktop\我的專案\財富密碼\wakeup-test\scene1.jpg","166216","2026/8/9 下午 06:29:46"
"C:\Users\TUF Gaming\Desktop\我的專案\財富密碼\wakeup-test\scene2-prompt.txt","1016","2026/8/9 下午 06:48:07"
"C:\Users\TUF Gaming\Desktop\我的專案\財富密碼\wakeup-test\scene2.jpg","178079","2026/8/9 下午 06:48:47"
"C:\Users\TUF Gaming\Desktop\我的專案\財富密碼\wakeup-test\shot1-video.txt","1276","2026/8/9 下午 06:21:09"
"C:\Users\TUF Gaming\Desktop\我的專案\財富密碼\wakeup-test\shot2-video.txt","1382","2026/8/9 下午 06:21:14"
"C:\Users\TUF Gaming\Desktop\我的專案\財富密碼\wakeup-test\video-prompt.txt","1465","2026/8/9 下午 04:29:49"
"C:\Users\TUF Gaming\Desktop\我的專案\財富密碼\wakeup-test\實測結論.md","4430","2026/8/9 下午 07:06:51"
"C:\Users\TUF Gaming\Desktop\我的專案\財富密碼\待審核\d1s1-有聲.mp4","2646630","2026/8/9 上午 11:22:15"
"C:\Users\TUF Gaming\Desktop\我的專案\財富密碼\待審核\d1s1-有聲v2.mp4","2716478","2026/8/9 下午 06:24:52"
"C:\Users\TUF Gaming\Desktop\我的專案\財富密碼\待審核\d1s1-有聲v3.mp4","2703109","2026/8/9 下午 06:57:14"
"C:\Users\TUF Gaming\Desktop\我的專案\財富密碼\待審核\d1s1-畫面.jpg","56980","2026/8/9 上午 02:06:51"
"C:\Users\TUF Gaming\Desktop\我的專案\財富密碼\待審核\d1s1-說明.txt","642","2026/8/9 上午 02:06:51"
"C:\Users\TUF Gaming\Desktop\我的專案\財富密碼\待審核\d1s1.mp4","2646630","2026/8/9 上午 11:23:58"
"C:\Users\TUF Gaming\Desktop\我的專案\財富密碼\待審核\d2s1-巧克力-有聲.mp4","4214364","2026/8/10 上午 09:21:41"
"C:\Users\TUF Gaming\Desktop\我的專案\財富密碼\待審核\d3s1-15秒-淹水.mp4","21154808","2026/8/10 下午 02:33:34"
"C:\Users\TUF Gaming\Desktop\我的專案\財富密碼\待審核\d4s1-v2-畫面.jpg","67995","2026/8/11 下午 05:42:34"
"C:\Users\TUF Gaming\Desktop\我的專案\財富密碼\待審核\d4s1-最終版-畫面.jpg","71512","2026/8/11 下午 08:54:03"
"C:\Users\TUF Gaming\Desktop\我的專案\財富密碼\待審核\d4s1-甩身-有聲.mp4","8520655","2026/8/13 上午 04:51:21"
"C:\Users\TUF Gaming\Desktop\我的專案\財富密碼\待審核\d4s1-畫面.jpg","72900","2026/8/11 下午 05:03:18"
"C:\Users\TUF Gaming\Desktop\我的專案\財富密碼\待審核\d4s1-精剪7秒-畫面.jpg","71988","2026/8/11 下午 10:24:00"
"C:\Users\TUF Gaming\Desktop\我的專案\財富密碼\待審核\d4s1-麵粉-v2-無幻覺.mp4","13465774","2026/8/11 下午 05:42:33"
"C:\Users\TUF Gaming\Desktop\我的專案\財富密碼\待審核\d4s1-麵粉-最終版.mp4","14767664","2026/8/11 下午 08:54:02"
"C:\Users\TUF Gaming\Desktop\我的專案\財富密碼\待審核\d4s1-麵粉-有聲.mp4","12868843","2026/8/11 下午 05:02:47"
"C:\Users\TUF Gaming\Desktop\我的專案\財富密碼\待審核\d4s1-麵粉-甩身v5.mp4","7274297","2026/8/13 上午 01:25:54"
"C:\Users\TUF Gaming\Desktop\我的專案\財富密碼\待審核\d4s1-麵粉-精剪7秒.mp4","11469666","2026/8/11 下午 10:23:21"
"C:\Users\TUF Gaming\Desktop\我的專案\財富密碼\待審核\d5s1-岩漿-有聲.mp4","14605354","2026/8/11 下午 10:44:14"
"C:\Users\TUF Gaming\Desktop\我的專案\財富密碼\待審核\d5s1-岩漿-畫面.jpg","86753","2026/8/11 下午 10:44:14"
"C:\Users\TUF Gaming\Desktop\我的專案\財富密碼\待審核\審片-合規風險.md","19862","2026/8/11 下午 05:23:39"
"C:\Users\TUF Gaming\Desktop\我的專案\財富密碼\待審核\審片-對標比較.md","11082","2026/8/11 下午 05:21:17"
"C:\Users\TUF Gaming\Desktop\我的專案\財富密碼\待審核\審片-畫面品質.md","8003","2026/8/11 下午 05:21:52"
"C:\Users\TUF Gaming\Desktop\我的專案\財富密碼\待審核\測試-TopMediai-紅酒3秒.mp4","740745","2026/8/11 上午 09:58:00"
"C:\Users\TUF Gaming\Desktop\我的專案\財富密碼\本機生圖測試\cn0.60_cn0.60_00001_.png","1496247","2026/8/11 下午 02:12:19"
"C:\Users\TUF Gaming\Desktop\我的專案\財富密碼\本機生圖測試\cn0.60_cn0.60_depth_00001_.png","112104","2026/8/11 下午 02:12:19"
"C:\Users\TUF Gaming\Desktop\我的專案\財富密碼\本機生圖測試\cn0.85_cn0.85_00001_.png","1478803","2026/8/11 下午 02:12:19"
"C:\Users\TUF Gaming\Desktop\我的專案\財富密碼\本機生圖測試\對照-第1輪-IPAdapter掃描.jpg","93484","2026/8/11 下午 02:12:19"
"C:\Users\TUF Gaming\Desktop\我的專案\財富密碼\本機生圖測試\對照-第4輪-ControlNet突破.jpg","75550","2026/8/11 下午 02:12:19"
"C:\Users\TUF Gaming\Desktop\我的專案\財富密碼\本機生圖測試\對照-第5輪-cn_end.jpg","73836","2026/8/11 下午 03:41:25"
"C:\Users\TUF Gaming\Desktop\我的專案\財富密碼\本機生圖測試\對照-第6輪-cn_strength.jpg","83638","2026/8/11 下午 03:41:25"
"C:\Users\TUF Gaming\Desktop\我的專案\財富密碼\本機生圖測試\對照-第7輪-抹平深度圖.jpg","86374","2026/8/11 下午 03:41:25"
"C:\Users\TUF Gaming\Desktop\我的專案\財富密碼\本機生圖測試\最佳結果-clean2.png","1486947","2026/8/11 下午 03:41:25"
"C:\Users\TUF Gaming\Desktop\我的專案\財富密碼\本機生圖測試\獨立驗證-圖片評分.md","8837","2026/8/11 下午 04:45:36"
"C:\Users\TUF Gaming\Desktop\我的專案\財富密碼\本機生圖測試\獨立驗證-程式碼審查.md","18113","2026/8/11 下午 04:49:12"
"C:\Users\TUF Gaming\Desktop\我的專案\財富密碼\本機生圖測試\穩定性測試-四個seed.jpg","106651","2026/8/11 下午 04:38:52"
"C:\Users\TUF Gaming\Desktop\我的專案\財富密碼\每日體檢\2026-08-10-原始數據.txt","4525","2026/8/10 上午 07:00:55"
"C:\Users\TUF Gaming\Desktop\我的專案\財富密碼\每日體檢\2026-08-10-體檢報告-舊格式.md","2334","2026/8/10 上午 02:04:28"
"C:\Users\TUF Gaming\Desktop\我的專案\財富密碼\每日體檢\2026-08-10-體檢報告.md","3054","2026/8/10 上午 07:05:54"
"C:\Users\TUF Gaming\Desktop\我的專案\財富密碼\每日體檢\2026-08-11-原始數據.txt","5068","2026/8/11 上午 07:00:57"
"C:\Users\TUF Gaming\Desktop\我的專案\財富密碼\每日體檢\2026-08-11-體檢報告.md","2574","2026/8/11 上午 07:08:01"
"C:\Users\TUF Gaming\Desktop\我的專案\財富密碼\爆款研究\dataset.json","532146","2026/8/10 下午 08:23:53"
"C:\Users\TUF Gaming\Desktop\我的專案\財富密碼\爆款研究\README.md","4015","2026/8/10 下午 08:34:58"
"C:\Users\TUF Gaming\Desktop\我的專案\財富密碼\爆款研究\shorts-report.html","237657","2026/8/10 下午 08:25:05"
"C:\Users\TUF Gaming\Desktop\我的專案\財富密碼\爆款研究\爆款Shorts清單.csv","191871","2026/8/10 下午 08:23:53"
"C:\Users\TUF Gaming\Desktop\我的專案\財富密碼\爆款研究\scripts\build_html.py","15793","2026/8/10 下午 08:34:05"
"C:\Users\TUF Gaming\Desktop\我的專案\財富密碼\爆款研究\scripts\candidates.json","205316","2026/8/10 下午 08:34:05"
"C:\Users\TUF Gaming\Desktop\我的專案\財富密碼\爆款研究\scripts\crawl.sh","1723","2026/8/10 下午 08:34:05"
"C:\Users\TUF Gaming\Desktop\我的專案\財富密碼\爆款研究\scripts\enrich.py","1981","2026/8/10 下午 08:34:05"
"C:\Users\TUF Gaming\Desktop\我的專案\財富密碼\爆款研究\scripts\enrich2.py","1984","2026/8/10 下午 08:34:05"
"C:\Users\TUF Gaming\Desktop\我的專案\財富密碼\爆款研究\scripts\filter.py","1271","2026/8/10 下午 08:34:05"
"C:\Users\TUF Gaming\Desktop\我的專案\財富密碼\爆款研究\scripts\isshorts.json","24769","2026/8/10 下午 08:34:05"
"C:\Users\TUF Gaming\Desktop\我的專案\財富密碼\爆款研究\scripts\merge.py","3617","2026/8/10 下午 08:34:05"
"C:\Users\TUF Gaming\Desktop\我的專案\財富密碼\爆款研究\scripts\oembed.json","153625","2026/8/10 下午 08:34:05"
"C:\Users\TUF Gaming\Desktop\我的專案\財富密碼\爆款研究\scripts\report2.py","3978","2026/8/10 下午 08:34:05"
"C:\Users\TUF Gaming\Desktop\我的專案\財富密碼\爆款研究\scripts\stats.json","107682","2026/8/10 下午 08:34:05"
"C:\Users\TUF Gaming\Desktop\我的專案\財富密碼\爆款研究\scripts\verify2.py","1847","2026/8/10 下午 08:34:05"
"C:\Users\TUF Gaming\Desktop\我的專案\財富密碼\爆款研究\scripts\raw\00660be8e2.txt","14899","2026/8/10 下午 08:34:20"
"C:\Users\TUF Gaming\Desktop\我的專案\財富密碼\爆款研究\scripts\raw\0575f78dbc.txt","0","2026/8/10 下午 08:34:20"
"C:\Users\TUF Gaming\Desktop\我的專案\財富密碼\爆款研究\scripts\raw\0799529b5c.txt","1294","2026/8/10 下午 08:34:20"
"C:\Users\TUF Gaming\Desktop\我的專案\財富密碼\爆款研究\scripts\raw\09992ba04e.txt","12913","2026/8/10 下午 08:34:20"
"C:\Users\TUF Gaming\Desktop\我的專案\財富密碼\爆款研究\scripts\raw\1124d2392d.txt","362","2026/8/10 下午 08:34:20"
"C:\Users\TUF Gaming\Desktop\我的專案\財富密碼\爆款研究\scripts\raw\165eec419f.txt","11261","2026/8/10 下午 08:34:20"
"C:\Users\TUF Gaming\Desktop\我的專案\財富密碼\爆款研究\scripts\raw\16cf6e072b.txt","5539","2026/8/10 下午 08:34:20"
"C:\Users\TUF Gaming\Desktop\我的專案\財富密碼\爆款研究\scripts\raw\1a139db63d.txt","11625","2026/8/10 下午 08:34:20"
"C:\Users\TUF Gaming\Desktop\我的專案\財富密碼\爆款研究\scripts\raw\225f0905bf.txt","5170","2026/8/10 下午 08:34:20"
"C:\Users\TUF Gaming\Desktop\我的專案\財富密碼\爆款研究\scripts\raw\28285fd4ae.txt","12485","2026/8/10 下午 08:34:20"
"C:\Users\TUF Gaming\Desktop\我的專案\財富密碼\爆款研究\scripts\raw\293b5abf95.txt","6525","2026/8/10 下午 08:34:20"
"C:\Users\TUF Gaming\Desktop\我的專案\財富密碼\爆款研究\scripts\raw\2f548f61bd.txt","12941","2026/8/10 下午 08:34:20"
"C:\Users\TUF Gaming\Desktop\我的專案\財富密碼\爆款研究\scripts\raw\2f57741f6a.txt","2141","2026/8/10 下午 08:34:20"
"C:\Users\TUF Gaming\Desktop\我的專案\財富密碼\爆款研究\scripts\raw\3270fcfd3a.txt","13219","2026/8/10 下午 08:34:20"
"C:\Users\TUF Gaming\Desktop\我的專案\財富密碼\爆款研究\scripts\raw\362842c5bb.txt","12386","2026/8/10 下午 08:34:20"
"C:\Users\TUF Gaming\Desktop\我的專案\財富密碼\爆款研究\scripts\raw\3e47eb45a3.txt","3252","2026/8/10 下午 08:34:20"
"C:\Users\TUF Gaming\Desktop\我的專案\財富密碼\爆款研究\scripts\raw\475b45b6b3.txt","11099","2026/8/10 下午 08:34:20"
"C:\Users\TUF Gaming\Desktop\我的專案\財富密碼\爆款研究\scripts\raw\485c450c42.txt","12316","2026/8/10 下午 08:34:20"
"C:\Users\TUF Gaming\Desktop\我的專案\財富密碼\爆款研究\scripts\raw\48ccbaffbb.txt","11427","2026/8/10 下午 08:34:20"
"C:\Users\TUF Gaming\Desktop\我的專案\財富密碼\爆款研究\scripts\raw\49902f86d5.txt","482","2026/8/10 下午 08:34:20"
"C:\Users\TUF Gaming\Desktop\我的專案\財富密碼\爆款研究\scripts\raw\4c3ef60b86.txt","11594","2026/8/10 下午 08:34:20"
"C:\Users\TUF Gaming\Desktop\我的專案\財富密碼\爆款研究\scripts\raw\4e8b966f2e.txt","11187","2026/8/10 下午 08:34:20"
"C:\Users\TUF Gaming\Desktop\我的專案\財富密碼\爆款研究\scripts\raw\4fdc41ef3b.txt","11545","2026/8/10 下午 08:34:20"
"C:\Users\TUF Gaming\Desktop\我的專案\財富密碼\爆款研究\scripts\raw\51828b2884.txt","4674","2026/8/10 下午 08:34:20"
"C:\Users\TUF Gaming\Desktop\我的專案\財富密碼\爆款研究\scripts\raw\533127b98d.txt","497","2026/8/10 下午 08:34:20"
"C:\Users\TUF Gaming\Desktop\我的專案\財富密碼\爆款研究\scripts\raw\54b8617eca.txt","12372","2026/8/10 下午 08:34:20"
"C:\Users\TUF Gaming\Desktop\我的專案\財富密碼\爆款研究\scripts\raw\553338a880.txt","2669","2026/8/10 下午 08:34:20"
"C:\Users\TUF Gaming\Desktop\我的專案\財富密碼\爆款研究\scripts\raw\555d1dc8dc.txt","547","2026/8/10 下午 08:34:20"
"C:\Users\TUF Gaming\Desktop\我的專案\財富密碼\爆款研究\scripts\raw\5854d4b390.txt","10838","2026/8/10 下午 08:34:20"
"C:\Users\TUF Gaming\Desktop\我的專案\財富密碼\爆款研究\scripts\raw\5874a6573d.txt","12191","2026/8/10 下午 08:34:20"
"C:\Users\TUF Gaming\Desktop\我的專案\財富密碼\爆款研究\scripts\raw\5ad4828495.txt","1142","2026/8/10 下午 08:34:20"
"C:\Users\TUF Gaming\Desktop\我的專案\財富密碼\爆款研究\scripts\raw\5efdd39ff2.txt","5556","2026/8/10 下午 08:34:20"
"C:\Users\TUF Gaming\Desktop\我的專案\財富密碼\爆款研究\scripts\raw\5fcef6aafc.txt","11868","2026/8/10 下午 08:34:20"
"C:\Users\TUF Gaming\Desktop\我的專案\財富密碼\爆款研究\scripts\raw\605f1ecb0b.txt","11870","2026/8/10 下午 08:34:20"
"C:\Users\TUF Gaming\Desktop\我的專案\財富密碼\爆款研究\scripts\raw\6077c2f618.txt","1525","2026/8/10 下午 08:34:20"
"C:\Users\TUF Gaming\Desktop\我的專案\財富密碼\爆款研究\scripts\raw\65013f7fa7.txt","11724","2026/8/10 下午 08:34:20"
"C:\Users\TUF Gaming\Desktop\我的專案\財富密碼\爆款研究\scripts\raw\670c6bd695.txt","3438","2026/8/10 下午 08:34:20"
"C:\Users\TUF Gaming\Desktop\我的專案\財富密碼\爆款研究\scripts\raw\6a9664ee64.txt","12150","2026/8/10 下午 08:34:20"
"C:\Users\TUF Gaming\Desktop\我的專案\財富密碼\爆款研究\scripts\raw\6b8b80787a.txt","12182","2026/8/10 下午 08:34:20"
"C:\Users\TUF Gaming\Desktop\我的專案\財富密碼\爆款研究\scripts\raw\6cd0d539a8.txt","11958","2026/8/10 下午 08:34:20"
"C:\Users\TUF Gaming\Desktop\我的專案\財富密碼\爆款研究\scripts\raw\7141adf720.txt","11417","2026/8/10 下午 08:34:20"
"C:\Users\TUF Gaming\Desktop\我的專案\財富密碼\爆款研究\scripts\raw\720c14c9e2.txt","8075","2026/8/10 下午 08:34:20"
"C:\Users\TUF Gaming\Desktop\我的專案\財富密碼\爆款研究\scripts\raw\7be0e74a34.txt","12751","2026/8/10 下午 08:34:20"
"C:\Users\TUF Gaming\Desktop\我的專案\財富密碼\爆款研究\scripts\raw\7e759fa422.txt","12625","2026/8/10 下午 08:34:20"
"C:\Users\TUF Gaming\Desktop\我的專案\財富密碼\爆款研究\scripts\raw\8084133afa.txt","12201","2026/8/10 下午 08:34:20"
"C:\Users\TUF Gaming\Desktop\我的專案\財富密碼\爆款研究\scripts\raw\82784e06e2.txt","11408","2026/8/10 下午 08:34:20"
"C:\Users\TUF Gaming\Desktop\我的專案\財富密碼\爆款研究\scripts\raw\8471855344.txt","12654","2026/8/10 下午 08:34:20"
"C:\Users\TUF Gaming\Desktop\我的專案\財富密碼\爆款研究\scripts\raw\89c6a90ca6.txt","1754","2026/8/10 下午 08:34:20"
"C:\Users\TUF Gaming\Desktop\我的專案\財富密碼\爆款研究\scripts\raw\8f8ed722c1.txt","12315","2026/8/10 下午 08:34:20"
"C:\Users\TUF Gaming\Desktop\我的專案\財富密碼\爆款研究\scripts\raw\916782349e.txt","12735","2026/8/10 下午 08:34:20"
"C:\Users\TUF Gaming\Desktop\我的專案\財富密碼\爆款研究\scripts\raw\92230cd41e.txt","12556","2026/8/10 下午 08:34:20"
"C:\Users\TUF Gaming\Desktop\我的專案\財富密碼\爆款研究\scripts\raw\92f572bed3.txt","12614","2026/8/10 下午 08:34:20"
"C:\Users\TUF Gaming\Desktop\我的專案\財富密碼\爆款研究\scripts\raw\94e48bf735.txt","12916","2026/8/10 下午 08:34:20"
"C:\Users\TUF Gaming\Desktop\我的專案\財富密碼\爆款研究\scripts\raw\9b90ce82ac.txt","10594","2026/8/10 下午 08:34:20"
"C:\Users\TUF Gaming\Desktop\我的專案\財富密碼\爆款研究\scripts\raw\9b9edc1b60.txt","1467","2026/8/10 下午 08:34:20"
"C:\Users\TUF Gaming\Desktop\我的專案\財富密碼\爆款研究\scripts\raw\9c4d8c1e95.txt","11683","2026/8/10 下午 08:34:20"
"C:\Users\TUF Gaming\Desktop\我的專案\財富密碼\爆款研究\scripts\raw\9d4cb35de4.txt","12878","2026/8/10 下午 08:34:20"
"C:\Users\TUF Gaming\Desktop\我的專案\財富密碼\爆款研究\scripts\raw\a04abebc75.txt","467","2026/8/10 下午 08:34:20"
"C:\Users\TUF Gaming\Desktop\我的專案\財富密碼\爆款研究\scripts\raw\a395f01b17.txt","4089","2026/8/10 下午 08:34:20"
"C:\Users\TUF Gaming\Desktop\我的專案\財富密碼\爆款研究\scripts\raw\a430b87de7.txt","11407","2026/8/10 下午 08:34:20"
"C:\Users\TUF Gaming\Desktop\我的專案\財富密碼\爆款研究\scripts\raw\a5e7785650.txt","11481","2026/8/10 下午 08:34:20"
"C:\Users\TUF Gaming\Desktop\我的專案\財富密碼\爆款研究\scripts\raw\a9a7cdcdf4.txt","884","2026/8/10 下午 08:34:20"
"C:\Users\TUF Gaming\Desktop\我的專案\財富密碼\爆款研究\scripts\raw\ab16c2a7c1.txt","12447","2026/8/10 下午 08:34:20"
"C:\Users\TUF Gaming\Desktop\我的專案\財富密碼\爆款研究\scripts\raw\ab31c39829.txt","1331","2026/8/10 下午 08:34:20"
"C:\Users\TUF Gaming\Desktop\我的專案\財富密碼\爆款研究\scripts\raw\abe89fe045.txt","120","2026/8/10 下午 08:34:20"
"C:\Users\TUF Gaming\Desktop\我的專案\財富密碼\爆款研究\scripts\raw\afe090869d.txt","12394","2026/8/10 下午 08:34:20"
"C:\Users\TUF Gaming\Desktop\我的專案\財富密碼\爆款研究\scripts\raw\b023eb64c9.txt","2335","2026/8/10 下午 08:34:20"
"C:\Users\TUF Gaming\Desktop\我的專案\財富密碼\爆款研究\scripts\raw\b95997bbf3.txt","12451","2026/8/10 下午 08:34:20"
"C:\Users\TUF Gaming\Desktop\我的專案\財富密碼\爆款研究\scripts\raw\c06226ae73.txt","7178","2026/8/10 下午 08:34:20"
"C:\Users\TUF Gaming\Desktop\我的專案\財富密碼\爆款研究\scripts\raw\ca02a3a13b.txt","582","2026/8/10 下午 08:34:20"
"C:\Users\TUF Gaming\Desktop\我的專案\財富密碼\爆款研究\scripts\raw\cba3d3c470.txt","12347","2026/8/10 下午 08:34:20"
"C:\Users\TUF Gaming\Desktop\我的專案\財富密碼\爆款研究\scripts\raw\cd88111e43.txt","11138","2026/8/10 下午 08:34:20"
"C:\Users\TUF Gaming\Desktop\我的專案\財富密碼\爆款研究\scripts\raw\cefe7b4266.txt","13242","2026/8/10 下午 08:34:20"
"C:\Users\TUF Gaming\Desktop\我的專案\財富密碼\爆款研究\scripts\raw\d017234cca.txt","1228","2026/8/10 下午 08:34:20"
"C:\Users\TUF Gaming\Desktop\我的專案\財富密碼\爆款研究\scripts\raw\d1770aa8ae.txt","13068","2026/8/10 下午 08:34:20"
"C:\Users\TUF Gaming\Desktop\我的專案\財富密碼\爆款研究\scripts\raw\d329d2aaf6.txt","12033","2026/8/10 下午 08:34:20"
"C:\Users\TUF Gaming\Desktop\我的專案\財富密碼\爆款研究\scripts\raw\d51861cc94.txt","13714","2026/8/10 下午 08:34:20"
"C:\Users\TUF Gaming\Desktop\我的專案\財富密碼\爆款研究\scripts\raw\d7d912639a.txt","3037","2026/8/10 下午 08:34:20"
"C:\Users\TUF Gaming\Desktop\我的專案\財富密碼\爆款研究\scripts\raw\d9562f7fbd.txt","12792","2026/8/10 下午 08:34:20"
"C:\Users\TUF Gaming\Desktop\我的專案\財富密碼\爆款研究\scripts\raw\e5df5567f2.txt","1835","2026/8/10 下午 08:34:20"
"C:\Users\TUF Gaming\Desktop\我的專案\財富密碼\爆款研究\scripts\raw\ec613108ec.txt","11104","2026/8/10 下午 08:34:20"
"C:\Users\TUF Gaming\Desktop\我的專案\財富密碼\爆款研究\scripts\raw\efb8275a6c.txt","796","2026/8/10 下午 08:34:20"
"C:\Users\TUF Gaming\Desktop\我的專案\財富密碼\爆款研究\scripts\raw\f3b2cfad70.txt","12636","2026/8/10 下午 08:34:20"
"C:\Users\TUF Gaming\Desktop\我的專案\財富密碼\爆款研究\scripts\raw\f4de565a2a.txt","10723","2026/8/10 下午 08:34:20"
"C:\Users\TUF Gaming\Desktop\我的專案\財富密碼\爆款研究\scripts\raw\f4e81766e7.txt","4102","2026/8/10 下午 08:34:20"
"C:\Users\TUF Gaming\Desktop\我的專案\財富密碼\爆款研究\scripts\raw\fd443433ee.txt","509","2026/8/10 下午 08:34:20"
"C:\Users\TUF Gaming\Desktop\我的專案\財富密碼\爆款研究\scripts\raw\ff51491e64.txt","10708","2026/8/10 下午 08:34:20"
