animal,genre,views,likes,like_rate,dur,upload,channel,subs,title,hook,ai_made,url
貓,教學DIY,1159175328,18219586,1.57,20,2023-02-07,Raja and David,3450000,I Built A Cat Wall Playground,幫貓打造整面牆遊樂場,False,https://www.youtube.com/shorts/bg4I_NtOshE
貓,ASMR療癒,886078333,5533571,0.62,5,2023-05-06,Cute Baby Cats 267,1440000,Kitten meowing to attract cats,小貓叫聲能召喚你家貓,False,https://www.youtube.com/shorts/NsMKvVdEPkw
貓,搞笑意外,795215538,13602927,1.71,14,2022-07-29,Sonyakisa8 TT,19500000,How to trim your cat`s claws 💅,教你怎麼幫貓剪指甲,False,https://www.youtube.com/shorts/qu3GD9lDAHA
貓,搞笑意外,759655258,15730805,2.07,22,2023-07-26,Sonyakisa8 TT,19500000,There was no trace of Sonya's pranks 🐾 #cat #cats,貓咪惡作劇完全不留痕跡,False,https://www.youtube.com/shorts/b7EdOq3vRQI
貓,搞笑意外,712665310,10040690,1.41,15,2021-09-21,ねこチャックの日常,1670000,びっくりする猫,貓被嚇到整隻彈起來,False,https://www.youtube.com/shorts/cd0Fy92_w_s
貓,搞笑意外,630364658,5091068,0.81,9,2023-08-12,exlittlebeans,5760000,"Boom,Scared me! #exlittlebeans #funny_cats #cat #funny_videos",砰！這一下嚇死我了,False,https://www.youtube.com/shorts/KId3r5dVwGk
貓,劇情反轉,561970063,11524275,2.05,16,2023-07-09,Sonyakisa8 TT,19500000,💔 #cat #cats,貓咪的心碎瞬間,False,https://www.youtube.com/shorts/rs1kUmYJIvY
貓,可愛日常,530023152,4207144,0.79,5,2021-11-05,Pet Lovers,1070000,Little mao #cat #catvideos #shorts,小貓咪的可愛瞬間,False,https://www.youtube.com/shorts/23SoRjexSvo
貓,挑戰實驗,527559746,2794067,0.53,17,2024-10-22,Cat Lounge TV,282000,液体チャレンジ💧#猫は液体#猫#猫好き#雑学#ブリーダー #キャットラウンジ　#Catlounge #マンチカンブリーダー #cat,貓是液體？液體挑戰實測,False,https://www.youtube.com/shorts/uOEXJt6yXSE
貓,可愛日常,469737621,9132330,1.94,13,2023-05-01,Sonyakisa8 TT,19500000,How do you like my new hat? 🤔 #cat #cats,我的新帽子好看嗎,False,https://www.youtube.com/shorts/tT377yJJg38
貓,音樂舞蹈,459704605,1990592,0.43,6,2025-04-05,MagicStuff AI,599000,😻Dudi dudi dum dum  song #cat #catlover #baby  #shorts #babyexpressions,AI 貓唱洗腦神曲,True,https://www.youtube.com/shorts/ciH8p79mT8k
貓,搞笑意外,442058995,9729192,2.2,18,2023-07-26,catvid-19,2010000,😹Cats Doing Cat Things😹 (3),貓就是要做貓的事,False,https://www.youtube.com/shorts/3bhkYoMWTFE
貓,救援感人,436789939,,,12,2025-05-12,BN ki Masti,12300000,Saved Kitten 🐈‍⬛😫 #shorts #bnkimasti #trending,救出受困的小黑貓,False,https://www.youtube.com/shorts/cGuYSxsRONU
貓,挑戰實驗,427319992,14355483,3.36,30,2023-08-31,MrBeast,512000000,"Feeding A Cat $10 Vs $10,000 Sushi",10 元 vs 1 萬元壽司餵貓,False,https://www.youtube.com/shorts/SGzWIoLAzmY
貓,可愛日常,416866291,9876808,2.37,13,2023-06-03,Sonyakisa8 TT,19500000,🥹 #cat  #cats,貓咪讓人鼻酸的一幕,False,https://www.youtube.com/shorts/6U7gV7KDEOI
貓,可愛日常,415284794,6171169,1.49,17,2024-07-22,Princess Nika cat,12700000,Nika loves to eat chicken #cat #cats,妮卡最愛啃雞肉,False,https://www.youtube.com/shorts/qolQY2JaKwI
貓,劇情反轉,394388490,7566014,1.92,13,2023-06-16,Sonyakisa8 TT,19500000,Love Story💙 #cat #cats,貓咪的愛情故事,False,https://www.youtube.com/shorts/WwV1ikzS30k
貓,救援感人,374962265,10434157,2.78,15,2021-09-26,scottsreality,21100000,I was at the beach and found a LOST kitten 🐱💔,海灘上發現一隻走失小貓,False,https://www.youtube.com/shorts/1j4dvayvUp4
貓,搞笑意外,368513429,2186669,0.59,37,2025-04-29,Crazy Shiny cat,6550000,The evil durian was chasing me😵‍💫 #cat #cats,邪惡榴槤一路追著貓跑,False,https://www.youtube.com/shorts/-p614RRW3q8
貓,搞笑意外,307298598,,,20,2025-03-27,Ani Story,,Ranking Funny Cat Moment  #shorts  #funnycatsvideo  #memes,爆笑貓咪瞬間排行榜,False,https://www.youtube.com/shorts/4z8Hi_uQOkE
貓,搞笑意外,297316152,4090199,1.38,20,2024-07-23,Sonyakisa8 TT,19500000,It seems Sonya's choice was obvious! 😅 #cat #cats,貓咪的選擇也太明顯,False,https://www.youtube.com/shorts/tHXwaPm9X5E
貓,搞笑意外,290353293,1243525,0.43,12,2025-10-23,Crazy Kozak,445000,This cat is really alive! 🥰 #funny #cats #catvideos #tiktok  #social #usafunny #catlovers #funpage,這隻貓居然是活的,False,https://www.youtube.com/shorts/NdRgBmKPfcc
貓,可愛日常,289042160,2101416,0.73,14,2023-05-11,Raja and David,3450000,Raja Running Around The Living Room #cat #outdoorsavannah,藪貓在客廳狂奔,False,https://www.youtube.com/shorts/zHCA0kALewI
貓,搞笑意外,269945145,,,12,2023-03-16,Sonyakisa8 TT,19500000,How to trick a cat😂 #cat #cats,教你怎麼騙過一隻貓,False,https://www.youtube.com/shorts/mSDPoXK4L7o
貓,可愛日常,256623753,1049601,0.41,6,2025-07-17,little meow,149000,Cute cat 🐈🐈#cat #catvideo #funny #shorts #aicatstory #ai #aiart #shortsfeed #cartoon #viral #trend,AI 貓咪的超萌模樣,True,https://www.youtube.com/shorts/xFzLKMJwY3M
貓,搞笑意外,256301392,1348399,0.53,26,2025-06-22,Crazy Shiny cat,6550000,My cat scares me every day🍉😱 #cat #cats,我的貓每天都在嚇我,False,https://www.youtube.com/shorts/IVtbmn0U3yo
貓,ASMR療癒,254318118,10961562,4.31,60,2024-03-20,是曼玉不是鳗鱼 Littlemanyu,14000000,【ASMR】Manyu's Immersive Weekly Full-Body Cleaning SPA,每週一次的全身清潔 SPA,False,https://www.youtube.com/shorts/kiOhOoICT20
貓,救援感人,253815635,2933713,1.16,55,2025-06-13,The Roamer Amit,12100000,Naye mehmaan ♥️ | Cat rescue 😱 | #shorts #minivlog #cat,家裡來了新成員：救回一隻貓,False,https://www.youtube.com/shorts/qrMDXpa1EPQ
貓,搞笑意外,236460168,4669291,1.97,14,2022-05-28,牛奶是只猫 kitty milk,993000,【牛奶是只猫】猫毛出在猫身上😂,貓毛終究出在貓身上,False,https://www.youtube.com/shorts/uFuZd_lOdrQ
貓,可愛日常,228882083,6874858,3.0,78,2025-09-02,POVINME,3190000,What should we name him? 😂 he’s a talkative little kitty 🐱#pov #cats #newbornkittens #straycat,幫這隻話超多的奶貓取名,False,https://www.youtube.com/shorts/cgGkx_yl2VM
貓,搞笑意外,226662131,4240582,1.87,23,2024-07-04,Princess Nika cat,12700000,My cat mastered black magic #cat #cats,我家的貓學會了黑魔法,False,https://www.youtube.com/shorts/TyMnT0w23D4
貓,搞笑意外,221828835,840697,0.38,4,2025-08-28,Fact With Johi,1900000,Cat Videos 🤣| #babydance #cutebaby #funnyanimals #chicken #monkey #funnyvideo #viralshorts,這隻貓的反應太爆笑,False,https://www.youtube.com/shorts/GMXGinLmzKs
貓,ASMR療癒,218920076,3341225,1.53,22,2022-07-25,Chef Cat ChangAn ,10600000,Meow~Super Huge Watermelon Sago Dessert!🍉🍡|ASMR Summer Drinks | Cat Cooking-TikTok #Shorts,貓廚師做超大西瓜西米露,False,https://www.youtube.com/shorts/vz-NGoLfezw
貓,搞笑意外,216097045,3513310,1.63,44,2024-04-29,exlittlebeans,5760000,"Come and experience what Chinese idioms ""raising children to prevent old"" #exlittlebeans #funnycats",貓版養兒防老長這樣,False,https://www.youtube.com/shorts/gXxg-VWJXBY
貓,搞笑意外,206106223,1263681,0.61,9,2025-04-30,Manoranjan Tales,209000,Ai animation cat video #cat #pets #3danimation #wildlife #funny #animallife,AI 動畫貓咪的爆笑演出,True,https://www.youtube.com/shorts/GYZJsM7sOKU
貓,音樂舞蹈,194277691,1369739,0.71,8,2024-09-05,MTC Animal World,3510000,Cute Cat Dancing Video (2)😺😍 #cat #dog #dogdance #catdance,貓咪跳舞跳得比人還會,True,https://www.youtube.com/shorts/OQoukB1VB5k
貓,ASMR療癒,192410154,770804,0.4,5,2025-06-15,Cuty Kitty,640000,cat video ! cat voice ! cat sound ! cat meowing #shorts #short #youtubeshorts #cat #cats #catsound,聽小貓喵喵叫的療癒聲,False,https://www.youtube.com/shorts/tF_iOpytq4U
貓,可愛日常,191405677,3401791,1.78,9,2023-02-17,Ginger and Pepper,1700000,Cat Club! #shorts30 #viral #catclub #shorts28,歡迎光臨貓咪俱樂部,False,https://www.youtube.com/shorts/tY4FtT2whtc
貓,搞笑意外,189415386,990504,0.52,9,2025-03-18,NAGPURI LOVER,228000,cat ai short video 2025 cat funny video,AI 貓咪的爆笑短劇,True,https://www.youtube.com/shorts/E4sxmoEYhqg
貓,教學DIY,186056847,3664836,1.97,19,2022-02-05,Chef Cat ChangAn ,10600000,Cooking With Cat!Yummy Idea With Marshmallow | Marshmallow Sandwich Cookies | Cute Cat TikTok#Shorts,跟貓咪一起做棉花糖餅乾,False,https://www.youtube.com/shorts/z-GGS_hRW1s
貓,救援感人,183554798,991735,0.54,16,2025-08-17,Animal Bunch,395000,Cat’s Street Mishap! Rescue needed! ❤️🐱💎!#shorts #funny #cat #cute #animals #comedy,街頭貓咪出意外急需救援,False,https://www.youtube.com/shorts/9TKxHUqWAo4
貓,可愛日常,183313933,7360482,4.02,14,2023-04-03,Sonyakisa8 TT,19500000,CAT BED!👖 #cats #cat,牛仔褲變成貓咪專屬床,False,https://www.youtube.com/shorts/UFoz7601cQ4
貓,救援感人,182368798,544345,0.3,6,2025-05-22,Ăn Vặt Tuổi Thơ ,16600000,Duckling saves seriously injured cat 🐈#DuckRescue #CuteAnimals #AnimalRescue,小鴨救了重傷的貓咪,True,https://www.youtube.com/shorts/QawxF0am9o0
貓,搞笑意外,180255776,2051089,1.14,13,2025-06-07,小奶猫成长日记🍼 ,1090000,猫咪:呼吸!人:手段了得! #小奶猫的成长日记 #万物可爱计划 #猫猫真的好像个小宝宝,奶貓喊：讓我呼吸一下,False,https://www.youtube.com/shorts/b9z2HC4_v9E
貓,ASMR療癒,179315504,,,5,2025-06-14,cats for life,508000,Kitten meowing 😻 | Cat sound | Cat video | Cat | Cat voice | Persian cat sound | Persian cat | Cats,波斯小貓的喵喵療癒音,False,https://www.youtube.com/shorts/71_8w7volNY
貓,ASMR療癒,177950812,,,4,2025-06-21,cats for life,508000,Kitten meowing to attract cats 😻 / Cat sound | Cat Voice | Cat videos | Persian cat | Cats | Kitten,小貓叫聲能把貓咪引過來,False,https://www.youtube.com/shorts/odPXcj2id8k
貓,搞笑意外,176889186,1952276,1.1,12,2026-02-13,Tuna Meoww,90500,Hey!Be quiet in class!!! ROAD TO 1K FOLLOWERS! #viral #cat #shortvideos#trend,上課吵鬧的貓咪學生,False,https://www.youtube.com/shorts/NMsLyUKpYxs
貓,搞笑意外,176599002,2345915,1.33,32,2025-01-07,Ghaffar Bhai and 2 more,,        Billi Ne is Bacche ko Rula Diya #trending #shorts #g_factz,貓咪把這個小孩弄哭了,False,https://www.youtube.com/shorts/sI6OAkqr9z8
貓,可愛日常,176579546,3643714,2.06,57,2024-08-17,DJI,6450000,Cats Caught in Action 🐈 DJI Action 2 🎬 Video by DouShaBao #cat,運動相機拍下貓咪爆衝瞬間,False,https://www.youtube.com/shorts/if-qlFXR6pY
貓,救援感人,173480012,1376365,0.79,36,2025-10-17,Clean Girl,20900000,I Found an Abandoned Kitten in a Graveyard!,我在墓園撿到一隻棄貓,False,https://www.youtube.com/shorts/ZfDkRYj22pQ
貓,搞笑意外,171386574,6812250,3.97,39,2022-03-24,mmeowmmia,4560000,It was a huge jump🙀🙈🐾,貓咪這一跳距離太誇張,False,https://www.youtube.com/shorts/hnyxy2ZgDSk
貓,可愛日常,170678923,4014165,2.35,13,2023-06-13,“獨生子的日常”YouTube官方頻道,2860000,【小奶貓成長記】誰不想擁有一隻香蕉小貓呢 #獨生子的日常,誰不想養一隻香蕉小奶貓,False,https://www.youtube.com/shorts/vhve8vpGhj0
貓,可愛日常,170141176,3336209,1.96,40,2024-10-13,Lovento Films,1510000,Cute Kitten of Cat is doing Makeup for the First Time #cat #catstory #catlover,小貓第一次學化妝,True,https://www.youtube.com/shorts/DiEJQ3ZgQvI
貓,搞笑意外,169664985,851380,0.5,21,2025-04-23,Crazy Shiny cat,6550000,The cat stole my chips😂 #cat #cats,貓偷走我的洋芋片,False,https://www.youtube.com/shorts/-rw81FN6QuE
貓,搞笑意外,169195197,4216196,2.49,37,2024-05-27,Sonyakisa8 TT,19500000,Black Magic 🪄 by Petkit Pura Max #cat #cats,貓咪憑空消失的黑魔法,False,https://www.youtube.com/shorts/K-o02pv-nJY
貓,可愛日常,168688290,1926190,1.14,16,2025-01-21,Glampawmeow,109000,Catnip Toys Your Feline Friend Can’t Resist! #cat,貓咪完全無法抗拒的玩具,False,https://www.youtube.com/shorts/CAi5hgZBt2E
貓,搞笑意外,167007510,2298984,1.38,19,2023-06-01,Mr. Chopra Vines,2740000,आलसी बिल्ली का नटखट 😇 | cat and monkey comedy | #shorts | #funnyvideo | #viral,懶貓遇上調皮猴子,False,https://www.youtube.com/shorts/8cQ1mrfMnsg
貓,搞笑意外,164991334,765134,0.46,9,2024-07-05,Funny Reverse Cat,381000,Balls 😁🐱 Cat Barsik Reverse Video #funnyreversecat #cat #catfunny #funny #funnyreverse #kitten,倒放讓貓變成魔術師,False,https://www.youtube.com/shorts/acQKF6mRRqQ
貓,可愛日常,164227239,5044111,3.07,20,2023-05-31,Sonyakisa8 TT,19500000,🥲🥲🥲 #cat #cats,貓咪委屈到快哭的表情,False,https://www.youtube.com/shorts/QZHVhDjpEkE
貓,音樂舞蹈,162874684,,,6,2023-04-28,Chpetoo_05,190000,Dj Looks 😎😻🙀 #viral #youtube #trendingshorts #pets #meow #cat #dj,貓咪化身 DJ 超帥,False,https://www.youtube.com/shorts/02t1zh_AZa0
貓,寵物與人互動,161795546,,,47,2025-08-23,Sirf Shreyansh,15900000,Caty Ka Naya Phone  | Mini Vlog #shorts #minivlog #ashortaday #vlog #tranding #cats #cat,幫貓咪買了新手機,False,https://www.youtube.com/shorts/5AwBKfZ_ALw
貓,救援感人,161627703,1246456,0.77,10,2025-02-23,Story Arc Paws,530000,Heart-touching Cute Kitten Dance 🐾 #shorts #kittenrescue #animalrescue #kittenrevenge,被救小貓跳舞讓人揪心,True,https://www.youtube.com/shorts/1GDkjZm6coU
貓,搞笑意外,161233416,4182792,2.59,16,2023-10-23,Sonyakisa8 TT,19500000,What other tricks can I expect from Sonya?😳 #cat #cats,貓咪又要玩什麼新把戲,False,https://www.youtube.com/shorts/BvQpnSHw6Zg
貓,可愛日常,159744120,1142608,0.72,11,2025-07-04,Jelly Jam Studio,172000,Orange cat story video cartoon ai animation animal goat,橘貓與山羊的動畫故事,True,https://www.youtube.com/shorts/TCBrvoVf1Aw
貓,寵物與人互動,156868296,1042578,0.66,44,2025-04-24,Princess Nika cat,12700000,My cat run away from me🥹 #cat #cats,我的貓竟然離家出走,False,https://www.youtube.com/shorts/xpzt_z30apU
貓,搞笑意外,154831964,2870939,1.85,13,2024-03-03,Sonyakisa8 TT,19500000,And where do your pets hide their toys? 😂#cat #cats,你家寵物把玩具藏哪,False,https://www.youtube.com/shorts/2iQxQHF5fhw
貓,ASMR療癒,154368178,2032577,1.32,5,2022-04-08,movie treasure,315000,#short #status #cute #cat #sound #myau,軟綿綿的貓咪喵叫聲,False,https://www.youtube.com/shorts/hV2MRUFktcE
貓,可愛日常,152650081,579645,0.38,10,2025-07-06,CLAY SHREDDER,385000,CUTE AI cat evolution! 😽💖,AI 貓咪的進化過程,True,https://www.youtube.com/shorts/kN0VtpArNE4
貓,可愛日常,150076817,2309384,1.54,14,2023-09-15,Noodle and Bun,3340000,Thank you for 1 MILLION GIMME SNACK #cat #animation,百萬訂閱只想討零食,True,https://www.youtube.com/shorts/Y0Bfl9nIsbs
貓,教學DIY,147627472,806924,0.55,9,2024-05-16,Ari-Gato Cats,99100,"Adult Cat Toilet Trained in 11 Days |  Works for ALL Breeds, ANY Age! #arigatocats #viralcatvideos",11 天教會成貓上馬桶,False,https://www.youtube.com/shorts/pNaKpKAo7xM
貓,ASMR療癒,146367853,502634,0.34,5,2024-10-19,CAT MEOW AREA ,106000,kitten meowing to attract cats,用小貓叫聲召喚貓咪,False,https://www.youtube.com/shorts/GGuU9-zsUdU
貓,搞笑意外,144575338,2975133,2.06,12,2024-04-19,“獨生子的日常”YouTube官方頻道,2860000,【獨生子的日常】让小奶猫也体验一把鬼打墙#小奶喵 #铲屎官的乐趣,讓小奶貓體驗鬼打牆,False,https://www.youtube.com/shorts/axtdrBYRelY
貓,可愛日常,143798946,3224236,2.24,14,2023-08-17,Sonyakisa8 TT,19500000,Bath time 🛁 #cat #cats,貓咪的洗澡時間到了,False,https://www.youtube.com/shorts/5jqHZTz-2PM
貓,搞笑意外,134536808,626774,0.47,9,2025-08-28,Mr Fantos,7220000,Parle-G wali car tod di🤯#Catsoftiktok #CatLovers #cat #cute #FunnyCats #catcartoon #fyp,貓咪把餅乾車撞爛了,True,https://www.youtube.com/shorts/CRv5GvTFU7A
貓,可愛日常,134048274,771461,0.58,16,2025-06-18,Sonyakisa8 TT,19500000,Sonya😭✂️ #cat #cats,貓咪被剪毛的哀怨眼神,False,https://www.youtube.com/shorts/Bw4GpjErFpw
貓,可愛日常,132198346,,,4,2025-08-11,baby's lavishka Blog Ravi kumar ,2100000,"Pa💕Pa #remix #cute🤷🏼‍♀️😺#viral  #cat #cats #catlover #catvideos #cutekitty #meowmoe August 11, 2025",小貓開口喊爸爸,False,https://www.youtube.com/shorts/x1gm8dSeiXg
貓,搞笑意外,131030352,647531,0.49,8,2025-02-15,Happy Doggy Club,142000,Funniest cat video#shortsviral #shortvideo #funny #funnycat,史上最好笑的貓影片,False,https://www.youtube.com/shorts/y6kwZPbBw8o
貓,劇情反轉,128463951,852407,0.66,19,2025-10-11,MagiclightAI,218000,Monkey’s Mess Leads to White Cat’s Sweet Surprise! 🍎🍬🐾 #funny #cat #cartoon #monkey #animation #cute,猴子闖禍換來白貓驚喜,True,https://www.youtube.com/shorts/3eEUdq6uG1E
貓,寵物與人互動,127948383,2267803,1.77,17,2025-07-01,Sujal Thakral,41000000,Cute Cat Ke Liye Gift ~ Sujal Thakral #shorts #ytshorts #youtubeshorts #emotional #cat #cutecat,送給小貓的驚喜禮物,False,https://www.youtube.com/shorts/9af6dvIVFTA
貓,可愛日常,127779499,1175910,0.92,20,2024-06-01,もこまるファミリー【赤ちゃんと猫2匹との暮らし】,7410000,赤ちゃんと遊びたい猫が、ゲートを開けるために知恵を絞った結果w #cat #catlover #cats,貓為了找寶寶自己開門,False,https://www.youtube.com/shorts/24KKdA414Lw
貓,可愛日常,126626893,1907370,1.51,11,2023-09-15, Cute Cat🐱,332000,Cute kittens❤️【30】#shorts #cutecat520 #cat #kittens #pets,一連串可愛小貓合集,False,https://www.youtube.com/shorts/wdjpworLSk8
貓,音樂舞蹈,125988058,840989,0.67,10,2023-09-25,Name craft 🖍️,157000,# cat dance!!!# Mano billi,貓咪跳起舞來了,False,https://www.youtube.com/shorts/tcwLxqubUHA
貓,救援感人,122230025,1907898,1.56,28,2025-04-24,Hublot Baggins,6430000,"This cat lost all her kittens, but then.. 😢💔 #shorts",母貓失去所有幼貓後,False,https://www.youtube.com/shorts/PT3tdInvv3I
貓,救援感人,122012359,,,30,2025-04-19,The BN Family,10100000,Saved A Kitten 😳🥰 #shorts #thebnfamily #kitten #love,救回一隻小奶貓,False,https://www.youtube.com/shorts/wGuhtvMrskk
貓,搞笑意外,120794482,423048,0.35,8,2026-05-05,Cat the Star,2820000,Geometry dash Normal and Gugugaga Penguin (pizzaaa),貓咪闖關幾何衝刺,True,https://www.youtube.com/shorts/JlZ6Uoy5RQw
貓,可愛日常,120728559,2716074,2.25,54,2025-07-15,PARALLELGALAXY-TV,786000,#cartoon #cutecat #kitten #cute #funny #videos #animals #animation #cat #ai #cats #video,AI 小貓超萌動畫,True,https://www.youtube.com/shorts/yckFIB6fE5M
貓,知識科普,119679645,852968,0.71,46,2026-03-24,Princess Nika cat,12700000,Tulips are toxic to cats – keep your kitties safe🌷🚫 #cat #cats,鬱金香對貓有毒,False,https://www.youtube.com/shorts/rdwAXkfCh3g
貓,搞笑意外,119243440,4363655,3.66,43,2022-11-16,Panda Shorts,23500000,#Funny #Animals 😹,動物搞笑大合集,False,https://www.youtube.com/shorts/p4AGbTnsxs8
貓,可愛日常,118991235,653652,0.55,8,2025-01-13,Rohan01,124000,Mau Mau // billi // billi ki awaaz #cat #funny #sound #billi #billi #voice billi voice,貓咪的叫聲來了,False,https://www.youtube.com/shorts/yxnXJA4PimQ
貓,寵物與人互動,118275595,,,46,2025-01-03,Sirf Shreyansh,15900000,New Clothes And Cat House  | Mini Vlog #shorts #minivlog #ashortaday #vlog #tranding #cats #cat,幫貓買新家新衣,False,https://www.youtube.com/shorts/XKEKsgYnQZk
貓,可愛日常,117169327,,,15,2025-01-13,Kraftovie,7920000,What a cute baby😍😍😍 Cat mode😺😺😺,這小傢伙也太可愛,False,https://www.youtube.com/shorts/EB7nJxAELZA
貓,搞笑意外,115973860,,,34,2026-02-06,Alan ranks ,126000,Ranking Funny Cat Moments🤣 #shorts,爆笑貓咪時刻排名,False,https://www.youtube.com/shorts/TsIvLpSJQbk
貓,劇情反轉,115963142,507804,0.44,15,2025-08-01,Alpakarl animation,229000,After the cats failed at jump rope in Squid Game 3,貓咪跳繩失敗之後,True,https://www.youtube.com/shorts/_oHmS3JiGOQ
貓,搞笑意外,115510202,2247546,1.95,59,2024-09-30,Pets Funny Folder,701000,#88 Funny Cat videos 🐱🐱 #meowing #memes #cute,貓咪搞笑合集第88彈,False,https://www.youtube.com/shorts/-vzQdTvm2VA
貓,搞笑意外,114217323,2475552,2.17,21,2023-06-22,Ho salt,3910000,Stray cat in Block Blast,流浪貓闖進消消樂,False,https://www.youtube.com/shorts/-oGCf4No0so
貓,音樂舞蹈,110770573,786022,0.71,6,2024-05-05,Arvind sovshiya 007,371000,pink cat iscat found dancing #pinkcat #sbvfx #funny #sphynx #catdance #ytshorts #catsong,粉紅貓咪跳起舞,True,https://www.youtube.com/shorts/-kgkJFPUas8
貓,音樂舞蹈,109310451,,,8,2025-02-02,cat lover dubey,72800,Cute cat dance 😺 #reels #cat #catvideos #funnycatvideos #shorts #trendingshorts #ytcat #funny #cute,貓咪跳舞超可愛,False,https://www.youtube.com/shorts/UPySIokNM_I
貓,搞笑意外,108244903,616694,0.57,41,2026-03-28,Princess Nika cat,12700000,Don’t ignore your cats😱 #BlockBlast #cat #cats,別忽視你的貓,False,https://www.youtube.com/shorts/ppx8vzLfE7U
貓,可愛日常,106079013,4280834,4.04,16,2023-08-19,FurryFritz - Catographer,1060000,Kitty growing up 🐱📈#furryfritz #catographer #kitten #growingup #cat #mainecoon #tuxedocat,小貓長大縮時記,False,https://www.youtube.com/shorts/gyt8F3WpZbw
貓,挑戰實驗,106027360,1103355,1.04,31,2026-06-18,どうぶつランキング,138000,猫 VS 偽物ナイフ 反応ランキング🐱TOP6,貓對假刀的反應TOP6,False,https://www.youtube.com/shorts/19OLUdA-CtM
貓,可愛日常,105942741,1267682,1.2,15,2025-01-09,Sadia Rahman Nowshin ,886000,The kitten leaps toward you 💞😻 #cute #kitten #cat #meow,小貓朝你飛撲過來,False,https://www.youtube.com/shorts/SAfbpsFRREY
貓,可愛日常,100625526,525058,0.52,8,2025-05-19,NewFunStories,131000,Cutest Baby Dance compilation with cute cats,寶寶跟貓咪一起跳舞,False,https://www.youtube.com/shorts/OiEExW8mH6U
貓,搞笑意外,99556888,1087886,1.09,19,2024-09-24,Oscar's Funny World,16200000,Stop Cleaning!✋ Let's Save Our Dirty Rivers Now💧🍓 #catvideos #catmemes #trending,別掃地了，先救河川,True,https://www.youtube.com/shorts/zOp904FK8ms
貓,搞笑意外,98887462,1585608,1.6,45,2024-12-05,meowneow,1570000,The Kitten's Mess: 🐱💧 Digging Trouble and a Soaked Clean-Up 🌊🛁#cattales #catfunny #animation#cat,小貓闖禍弄得一團濕,True,https://www.youtube.com/shorts/kAPjO0u9SIU
貓,可愛日常,98550213,,,19,2025-04-09,Misti Happy Lifestyle Games & Shorts,28800000,Misti’ cat under the car😸🐈‍⬛🤪🤣🥰#shorts #funny #cutebaby #trending,貓咪躲在車底下,False,https://www.youtube.com/shorts/_kunFuIuXbM
貓,寵物與人互動,98119579,,,43,2025-04-04,Sirf Shreyansh,15900000,Caty Ka Naya Mahal  | Mini Vlog #shorts #minivlog #ashortaday #vlog #tranding #cats #cat,幫貓咪蓋一座新宮殿,False,https://www.youtube.com/shorts/v4i0zcfYBh0
貓,救援感人,97665790,,,34,2025-04-25,The BN Brothers,12400000,Saved A Kitten 🐈‍⬛ 😍 #shorts #thebnbrothers #kitten #love,路邊救回一隻小黑貓,False,https://www.youtube.com/shorts/LmmYrpR2O0I
貓,其他,96760963,1357792,1.4,31,2025-04-14,TheCatRanked,286000,Ranking Best Cat Veterinarian Videos,貓咪看獸醫影片大排名,False,https://www.youtube.com/shorts/8E6NNlyMG8U
貓,可愛日常,96374460,380215,0.39,5,2024-07-25,Baby Mom Official ,185000,Billi boli meow meow 😻🙀🐾🐈‍⬛😺😻🙈😺😻☔🌲🌽💯🔥💐🍒 #shorts #viral #funny #cat #billi,貓咪開口喵喵叫,False,https://www.youtube.com/shorts/FWLz9csvMb0
貓,搞笑意外,93983227,421586,0.45,16,2026-07-16,Paws & Vibes,48800,Cat Finds Food in the Puddle?! 😱🐾,貓在水窪裡撈到食物？,False,https://www.youtube.com/shorts/TdjqWSpr-Kc
貓,搞笑意外,92102311,4340666,4.71,19,2024-04-25,Sonyakisa8 TT,19500000,Sonya has made a mess again!😳 #cat #cats,貓又把家裡搞得一團亂,False,https://www.youtube.com/shorts/dIKw3x7iLUo
貓,寵物與人互動,91878224,808545,0.88,32,2025-05-25,Anaya Kandhal,74400000,Anaya Or Papa Laye Billi Ka Bacha 🐱🥹,爸爸帶回一隻小貓咪,False,https://www.youtube.com/shorts/yr27dYeySjI
貓,ASMR療癒,91651188,419179,0.46,8,2024-08-11,A Satisfying Video Family,1430000,Cat Barsik Beads 📿 Domino Reverse Video #cat #catvideos #asatisfyingvideofamily #funny,貓撞倒珠子的倒放畫面,False,https://www.youtube.com/shorts/NSWihO8N8W8
貓,搞笑意外,90846101,1076951,1.19,8,2023-01-02,SRH Funny cats,195000,🐱 Funny cat videos | cute cats | Try not to laugh | Cat videos Compilation #shorts  🐈,挑戰看貓不笑出來,False,https://www.youtube.com/shorts/Po098TRdOn4
貓,搞笑意外,89678214,1438490,1.6,43,2024-10-10,Shadows of Secrets,553000,Cat Drifting 😼 | #cat,貓咪甩尾漂移了,False,https://www.youtube.com/shorts/_nFOsHpVH_8
貓,可愛日常,89550091,815864,0.91,16,2024-04-28,Cristian andres,394000,KITTY CAT🐈🐈‍⬛🐈.                                    #fyp #foryoupage #explorepage #trending,小貓咪的療癒近拍,False,https://www.youtube.com/shorts/Vmc9R9fHnfY
貓,搞笑意外,89463730,,,8,2025-08-28,Mr Fantos,7220000,dinosaur wala jhula tod diya 🤯#Catsoftiktok #CatLovers #cat #cute #FunnyCats #catcartoon #fyp,貓把恐龍鞦韆玩壞了,True,https://www.youtube.com/shorts/HcDPDcu5uwo
貓,搞笑意外,88951639,954910,1.07,8,2024-03-14,Oscar's Funny World,16200000,😲How I Caught The Football With A Thrill?🏈|Tenge 🇺🇬🇳🇬 #funnycat #catmemes #trending,貓接美式足球的驚險瞬間,True,https://www.youtube.com/shorts/RhwItdJqibA
貓,可愛日常,88170677,760415,0.86,5,2025-09-29,Fluffy Box,117000,Tiny Rainbow Kittens in My Hand 🐾🌈,掌心上的彩虹小貓,True,https://www.youtube.com/shorts/HXWBDyusxlA
貓,搞笑意外,87889748,959287,1.09,20,2025-03-05,MY CAT NEW FUNNY INDIA,151000,Billi Ne Chori Kiya Baccha 🥺 #cat video #cute cats #funnyvideo #viralvideo,貓竟然把小寶寶叼走了,False,https://www.youtube.com/shorts/-DeXyOFd7gk
貓,音樂舞蹈,86894262,,,8,2024-11-04,Cute Animals,239000,Super cat dance 🥰 #cute #cat #catlover #funny #short #shorts #shortvideo #yt #ytshort #ytshorts,貓咪跳起超強舞步,False,https://www.youtube.com/shorts/ZvrWSP3kTXk
貓,可愛日常,86455127,721793,0.83,36,2025-10-11,Rabbitsea,343000,#cat cats ​​​#kitten ​​​#kittens ​​​#meow​​​ #kitty​​​ #catlovers   #shortfeed   #catstory,小奶貓的日常故事,False,https://www.youtube.com/shorts/bRhu8k1ELZo
貓,音樂舞蹈,85426540,1076329,1.26,10,2025-02-13,Story Arc Paws,530000,Heart-warming Cute Kitten Dance 🐾 #shorts #kittenrescue #animalrescue #kittenrevenge,小奶貓跳起療癒舞步,True,https://www.youtube.com/shorts/1DwmCKpRWMQ
貓,可愛日常,85019708,387436,0.46,6,2025-02-18,Poptart Cat ,95200,Kitty meowing to attract cats,小貓喵喵叫想召喚同伴,False,https://www.youtube.com/shorts/8jM4XT-5CUA
貓,劇情反轉,84054316,1319925,1.57,60,2025-09-11,Lively Meows,961000,Rich cat follows her poor maid... and changes her life forever! ✨😭❤️,富貓跟蹤窮女傭改變她一生,True,https://www.youtube.com/shorts/7NaLAnFisIM
貓,搞笑意外,83846329,3115919,3.72,13,2023-10-19,Sonyakisa8 TT,19500000,😼 #cat #cats,貓的一個表情笑死人,False,https://www.youtube.com/shorts/o-F8wZa8uv8
貓,寵物與人互動,83636346,1628628,1.95,60,2025-05-01,UL Cats,211000,Cats love to sleep with their owners❤️😻,貓咪都愛跟主人同床睡,False,https://www.youtube.com/shorts/oWoMsbicEug
貓,可愛日常,83115605,2926088,3.52,6,2021-10-06,RGNithalaYuJiRoHaNMa,369000,How beautiful is this cat after giving birth to kittens,生完小貓的貓媽媽有多美,False,https://www.youtube.com/shorts/EyqzozesQ4Q
貓,劇情反轉,82259546,1184392,1.44,32,2024-06-08,Super Emotional Stories,1340000,Kitten Party After Exhausted Mother Cat Meltdown #funny #catlover #cuteanimals #cartoon,貓媽媽崩潰後的小貓派對,True,https://www.youtube.com/shorts/MLMZK82lXqc
貓,搞笑意外,82225956,1502385,1.83,11,2022-02-15,Aymie and family,2860000,Surprising Penny awake compilation! #penny #pennythecat,突襲吵醒睡夢中的貓,False,https://www.youtube.com/shorts/SXKY5cg-c7U
貓,音樂舞蹈,81701295,1007320,1.23,10,2023-05-18,SIDDHARTH - JAIN -GAMING 😈,208000,billi ka dance Jo Mujhe Pyar Karega,貓咪聽到歌就開始跳舞,False,https://www.youtube.com/shorts/icCP9RY7iJU
貓,寵物與人互動,81549689,,,51,2025-04-05,Sirf Shreyansh,15900000,Caty Meri Icecream Kha Gaya  #shorts #minivlog #ashortaday #vlog #tranding #cats #cat,我的冰淇淋被貓吃光了,False,https://www.youtube.com/shorts/x0_2AqNpi8k
貓,可愛日常,81364927,423953,0.52,8,2024-08-19,Rocking fun with Nadeem,6600000,बिल्ली दूध पियेगी 🍼🥛😺,小貓要喝牛奶了,False,https://www.youtube.com/shorts/FT_xLdKX2Eo
貓,可愛日常,81303610,818853,1.01,14,2026-06-02,말랑티비,56300,자식 교육 잘 시키는 어미고양이 #고양이 #귀여운 #새끼고양이,貓媽媽這樣管教小貓,False,https://www.youtube.com/shorts/0-22PyCMpLM
貓,可愛日常,80541627,2430501,3.02,37,2022-10-31,DontStopMeowing,5510000,MY CAT LOVES TAKING A BUBBLE BATH #shorts #shorts30,我家貓超愛泡泡浴,False,https://www.youtube.com/shorts/4RiKz8NQFHs
貓,搞笑意外,79686145,1243746,1.56,5,2023-05-22,exlittlebeans,5760000,Cat jump rope,貓咪跳繩神技,False,https://www.youtube.com/shorts/HilY3Zqhlrg
貓,救援感人,78669029,288515,0.37,12,2025-08-07,Mr Azaza,976000,I saved a little kitten🚽💩🐈‍⬛,我從馬桶救出一隻小貓,False,https://www.youtube.com/shorts/jsrPKNvxMdw
貓,劇情反轉,78074512,350006,0.45,10,2025-08-06,Cat-alyst,50900,💚Evolution of baby:Pregnant Cat on hospital with Nurse      #cat #funny #cute #love #whale,懷孕母貓進醫院待產,True,https://www.youtube.com/shorts/Z_8Y-yIgsfw
貓,搞笑意外,77148790,2729612,3.54,18,2023-11-04,Sonyakisa8 TT,19500000,I won't joke with Sonya anymore🥲 #cat #cats,我不敢再跟貓開玩笑,False,https://www.youtube.com/shorts/9fGHamVe_qE
貓,可愛日常,75103135,1160286,1.54,7,2023-01-17,Cray Clips,385000,Baby cat #shorts,奶貓的萌樣,False,https://www.youtube.com/shorts/5WqLjXTuvyU
貓,音樂舞蹈,73696044,308738,0.42,4,2025-08-31,Fact With Johi,1900000,Funny Cat videos crazy dance🤣 #monkey #funny #cartoon #cat #babyvideos #viralshorts #0998,貓咪瘋狂跳舞,False,https://www.youtube.com/shorts/NFaSXJSpe1o
貓,劇情反轉,73538144,,,59,2025-03-12,Cat and Hat ,316000,Evil Cat Babysitter | Kitten Kids Escape | Cat Animation Short  #cat#kitten#cutecat#catlover,惡魔保姆貓與小貓逃亡,True,https://www.youtube.com/shorts/aqI_WCMFaIA
貓,搞笑意外,72914997,,,5,2023-02-02,Vaibhav,209000,बोलने वाली बिल्ली,會說話的貓,False,https://www.youtube.com/shorts/2uaLjWhH2xU
貓,搞笑意外,72089601,336670,0.47,9,2024-09-26,COSEFNASTYA SHORTS,9240000,Cat Stole Money 🐈❤️😢 #cats #cat,貓咪偷走了鈔票,False,https://www.youtube.com/shorts/O_bJuDvu0pk
貓,搞笑意外,72000952,,,20,2025-09-23,NITIN CARTOON ZONE ,543000,बिल्ली वाला वीडियो 😱Tool Items Viral Gadgets Smart Appliances Kitchen Utensils/Home Inventions,卡通貓咪的搞笑影片,True,https://www.youtube.com/shorts/zqwnjULBrkk
貓,可愛日常,71604607,962790,1.34,29,2026-06-11,Mugi Ranks,928000,Ranking Best Clingy Cat Moments,黏人貓時刻大排名,False,https://www.youtube.com/shorts/lVg6kNe2Wg8
貓,音樂舞蹈,70793990,413757,0.58,8,2025-10-07,kitty lado,59200,बिल्ली डांस | 💃 सुंदर गोरिया साजो शृंगार माँगत है | बिल्ली का जबरदस्त डांस 😻🔥 #funny #cat #trending,貓咪跳起激情舞蹈,False,https://www.youtube.com/shorts/wZrF8ffytnY
貓,寵物與人互動,70704937,531817,0.75,36,2025-08-29,Anaya Kandhal,74400000,Anaya Ke Papa Kya Karne Wale Hain Billi 🐈 Ke Sath 😢,爸爸要對這隻貓做什麼？,False,https://www.youtube.com/shorts/KPvcg8SMKkw
貓,劇情反轉,70616847,1168420,1.65,55,2025-05-17,Si Bocil - Bocah Cilik,21300000,Kucingnya Hilang 1 😱😭 #shorts #kucing,貓咪少了一隻，去哪了？,False,https://www.youtube.com/shorts/_hDuoPenzZo
貓,搞笑意外,70609373,2077284,2.94,28,2023-04-22,Sonyakisa8 TT,19500000,🐾😫 #cat #cats,貓咪一臉厭世的瞬間,False,https://www.youtube.com/shorts/PjIrYnuhWbo
貓,可愛日常,70057386,1414442,2.02,13,2023-03-17,“獨生子的日常”YouTube官方頻道,2860000,【小奶貓成長記】一直熟睡小奶貓的正確打開方式,熟睡小奶貓的正確打開方式,False,https://www.youtube.com/shorts/vGgfKNwfUXs
貓,寵物與人互動,69820180,1531381,2.19,37,2022-08-03,Aymie and family,2860000,I can’t believe Penny won’t dance in the rain with me🥺 #pennythecat #talkingcat,貓咪不肯陪我雨中跳舞,False,https://www.youtube.com/shorts/t6mWDJCGQvA
貓,搞笑意外,69742263,238800,0.34,5,2025-06-03,Baby Mom Official ,185000,Ye Billi dekh 🤪🤪🔥🙈🙈 #funny #shortsfeed #cat #meow #catvideos #cutecat #meowmeow,你看這隻貓在幹嘛,False,https://www.youtube.com/shorts/ZCtcCMXVaNk
貓,搞笑意外,69471143,914958,1.32,16,2023-09-15,KLR Productions,4120000,Demon Cat pt. 3,惡魔貓再次出動第三集,False,https://www.youtube.com/shorts/GQrVFnQgnWM
貓,救援感人,69108281,1776846,2.57,17,2022-12-22,Sonyakisa8 TT,19500000,Sonya and Kisa help homeless animals❤️,兩隻貓出門幫助流浪動物,False,https://www.youtube.com/shorts/tXcRnB3QjBM
貓,搞笑意外,69042524,1168008,1.69,33,2026-04-27,AniRank,777000,Ranking TOP CATS RUINING LIVE TV Core Moments!! 🐱📺,貓咪亂入直播現場排行榜,False,https://www.youtube.com/shorts/tmu7CRPJOQ8
貓,可愛日常,68706360,1634608,2.38,12,2023-06-24,一隻又廷🐱,1370000,【#一只又廷】小奶猫为了喝一口奶能有多拼！#小奶猫 #小奶猫的成长日记 #又廷一家,小奶貓為喝一口奶有多拼,False,https://www.youtube.com/shorts/Wn_SHEu6NcY
貓,可愛日常,68478401,1066220,1.56,60,2025-06-29,CallMeOnyxx,704000,Ranking Cutest Cats And Babies Moments,貓咪與寶寶的萌度排行,False,https://www.youtube.com/shorts/uKwBDOpnG78
貓,可愛日常,68132258,434838,0.64,54,2026-08-05,Princess Nika cat,12700000,I got Nika a new friend😬 #cat #cats,我幫貓找了新朋友,False,https://www.youtube.com/shorts/lQR2h80jb8I
貓,可愛日常,68042936,,,6,2022-09-12,Backpack Buddies Krishna  ( B.B.K  ),149000,बिल्ली वीडियो 😺 I Cute Cate Playing I बिल्ली करती मऊ मऊ I Billi Video I Funy Cate meme #cats #cat,貓咪喵喵叫著玩耍,False,https://www.youtube.com/shorts/RrTyVnBc90Y
貓,救援感人,67952181,684769,1.01,15,2025-06-14,Jetson Pets,727000,We lost our childhood pet💔🥺 #cat,陪我長大的貓走了,False,https://www.youtube.com/shorts/7BhxTDGtWIk
貓,搞笑意外,66739108,1803248,2.7,27,2023-05-08,mmeowmmia,4560000,What a huge jump😍,這一跳也太誇張了吧,False,https://www.youtube.com/shorts/2Jtap32RQMM
貓,可愛日常,66412747,1980216,2.98,16,2022-01-30,CHAMPOWOODS KENNEL,280000,Mother cat Feeding her cutest tribe kittens,貓媽媽餵一整窩小奶貓,False,https://www.youtube.com/shorts/wQzY59iVvCQ
貓,劇情反轉,65966564,,,32,2025-10-17,Birju ki story ,710000,चिंटू को 5 सर वाला सांप मिला  #meow #kitty #shorts,小貓遇上五顆頭的蛇,True,https://www.youtube.com/shorts/hEESb5UW9wQ
貓,可愛日常,65659897,2112279,3.22,58,2024-07-25,Cat Lovers Stories ,567000,happy life of a rainbow cat family😻💞 #pets #cute #cat,彩虹貓一家的幸福生活,True,https://www.youtube.com/shorts/74nTNPCJrEo
貓,搞笑意外,65268275,627824,0.96,12,2026-06-05,やさしい心,106000,猫の世界にも序列は存在する🐈 #動物 #猫 #shorts #viral,貓的世界也有階級之分,False,https://www.youtube.com/shorts/SuuDafuSPY8
貓,教學DIY,64717926,1312892,2.03,38,2022-12-07,Chef Cat ChangAn ,10600000,DIY Magic Wand And You Can Eat! ✨😻 | Chef Cat Cooking  #tiktok #Shorts,貓廚做出真能吃的魔法棒,False,https://www.youtube.com/shorts/moF5nWv8Jjw
貓,劇情反轉,64690173,1301386,2.01,53,2025-07-04,little fairy,443000,The Cat's Transformation，The Struggle of a Fat Cat #ai #cartoon#cat,胖貓的減肥逆襲變身,True,https://www.youtube.com/shorts/f7SF7tWQUuU
貓,寵物與人互動,64569362,1325136,2.05,17,2024-05-19,The geeta gurjar,43300000,amaira ko cat ka baby mila #shorts #thegeetagurjar,小女孩撿到一隻小貓,False,https://www.youtube.com/shorts/AU69PT0ygJM
貓,挑戰實驗,64003309,295353,0.46,25,2026-05-11,Ulyana and Mani,713000,The cat is a smart head🧠Subscribe tosupport❤️#cats #cat #americe,這隻貓的腦袋有多聰明,False,https://www.youtube.com/shorts/IjVJ9l5YLn0
貓,搞笑意外,63958074,668284,1.04,29,2024-07-04,BN ki Masti,12300000,Cat Lover Ya Cat Chor 🐈🥹 #shorts #funny #comedy #ytshorts #comedyshorts #funnyvideo #cat,是愛貓人士還是偷貓賊,False,https://www.youtube.com/shorts/cjNTo7xesBA
貓,救援感人,63821809,747699,1.17,20,2024-11-16,Cat and Dog Guardians,145000,Rescue cat 😥 Wait For the end #CatRescue #RescueCat,救援貓咪，結局別錯過,False,https://www.youtube.com/shorts/WEpFFjr6LTU
貓,搞笑意外,63663482,675483,1.06,16,2024-07-14,Sita gurjar official,18700000,Billi ko chai pina he😂😂,貓咪也吵著要喝奶茶,False,https://www.youtube.com/shorts/VYsCzIQPU3s
貓,音樂舞蹈,63364846,414113,0.65,9,2025-07-17,MeowMeow Kids ,78500,kittens funny dance 😸बिल्ली का डांस 😻#cat #cartoon #funny #funnycat #youtubeshorts #catvideos #ai,小貓跳起爆笑舞蹈,True,https://www.youtube.com/shorts/jBuh9qGiZt0
貓,救援感人,63054405,614647,0.97,43,2026-04-04,Sirf Shreyansh,15900000,Caty Kaise Bapas Aaya 🥺💔 | Mini Vlog #shorts #minivlog #ashortaday #vlog #tranding #cats #cat,走失的貓咪是怎麼回來的,False,https://www.youtube.com/shorts/gWneHkjsTXQ
貓,可愛日常,61245871,1155981,1.89,39,2025-01-21,Epic Animal Fails,178000,Cutest Kitten Moments,最萌小奶貓瞬間合輯,False,https://www.youtube.com/shorts/KAtH5U8n_tU
貓,音樂舞蹈,60850562,436700,0.72,6,2023-07-01,Panna Vlogs ,189000,Patli Kamariya bole hay hay 😂 Cat Dance video #catvideos #shorts,貓咪跟著神曲扭腰,False,https://www.youtube.com/shorts/VJPIKQ-Knmk
貓,可愛日常,60780687,1311336,2.16,12,2023-02-22,Sonyakisa8 TT,19500000,Birthday gift 🎁 #cat #cats,送貓咪的生日禮物,False,https://www.youtube.com/shorts/QdGdHmFZxII
貓,挑戰實驗,60545231,1943199,3.21,60,2023-09-18,Ani Cat,15700000,Mi GATITA BEBÉ escoge con CUÁL REGALO me quedo y cuál ABANDONO😺🤣 #shorts,讓小貓選要留哪個禮物,False,https://www.youtube.com/shorts/1oq3ljLmxoM
貓,救援感人,60383658,,,18,2025-07-11,Mr and Mrs Koranga ,11500000,Cutebaby Kitten Saved 😳😫 #shorts #kitten #trending #mrandmrskoranga,路邊小奶貓被救回來了,False,https://www.youtube.com/shorts/E9W0-xTqTP8
貓,教學DIY,60182765,4167149,6.92,33,2023-01-02,DEV Ke Tech,23600000,बिल्ली का नया Cat House,幫貓咪蓋一間新房子,False,https://www.youtube.com/shorts/JjLnKVTfO-I
貓,救援感人,59960928,3491570,5.82,54,2024-12-28,MAMA PAPA,1660000,mother's dance competition😱😭#catsoftiktok #cute #cat #aiart #ai #poorcat#catlover#fyp#shorts,貓媽媽拼命上場跳舞比賽,True,https://www.youtube.com/shorts/Fqthf0zxeV4
貓,可愛日常,59491391,317889,0.53,9,2025-10-08,Sadia Rahman Nowshin ,886000,Did you see a little kitten takes its first bath in the water!!😻💕#cute #kitten #cat #meow,小奶貓第一次下水洗澡,False,https://www.youtube.com/shorts/pb6BtmtnYDI
貓,ASMR療癒,59472734,,,5,2025-06-18,cats for life,508000,Kitten meowing 🥰 | Cat sound | Cat Video | Persian Cat sound | Cat voice | Cat | Persian Cat | Cats,波斯貓的療癒喵叫聲,False,https://www.youtube.com/shorts/_9JO6DR5L4Y
貓,挑戰實驗,59227823,1575692,2.66,61,2024-05-29,Lindsey Kuzmin,1720000,I Got My Cats Nerf Toys #shorts #pets #toys #sphynx #cats,買 Nerf 玩具給貓會怎樣,False,https://www.youtube.com/shorts/XvlTBzMZ1jI
貓,ASMR療癒,58281282,777735,1.33,65,2025-04-28,Bennett the Ragdoll,392000,Enrichment mat for my ragdoll cat! ASMR 🎧 #ragdollcat #catfeeding #catfood #asmr #asmrsounds #cats,布偶貓吃嗅聞墊 ASMR,False,https://www.youtube.com/shorts/_mZ4hOlY3L8
貓,搞笑意外,58007356,266257,0.46,19,2026-06-29,Tingora,121000,😆 Some Cats Never Change... Meet Gino! 🐱 #shorts,有些貓一輩子改不了,False,https://www.youtube.com/shorts/UN_vgh9GuVY
貓,搞笑意外,57608043,2081097,3.61,21,2023-11-22,Sonyakisa8 TT,19500000,Subscribe to our «MUSIC FOR CATS» playlist and your life won't be in danger😺Link in bio #cat #cats,不訂閱，你的命就危險了,False,https://www.youtube.com/shorts/WX8gntvNC60
貓,可愛日常,57154565,2380022,4.16,24,2022-04-14,DontStopMeowing,5510000,THIS IS SO ADORABLE. 🥺 #shorts,這畫面實在太可愛了,False,https://www.youtube.com/shorts/pCTFMkXYzfk
貓,搞笑意外,57097619,454972,0.8,11,2022-10-01,The Pet Collective,9550000,Amazing Cat Performs Magic Trick! #Cats #Tricks,貓咪竟然會變魔術,False,https://www.youtube.com/shorts/EM41yq0OUQ4
貓,救援感人,56780296,514826,0.91,59,2026-01-09,Si Bocil - Bocah Cilik,21300000,KUCING HILANG😭😭😭😭,貓咪不見了，哭著找,False,https://www.youtube.com/shorts/T-p-KMnDIX4
貓,搞笑意外,56044736,495796,0.88,13,2025-01-14,Dancing Cat,93100,🐱 Funny cat videos | cute cats | Try not to laugh | Cat videos Compilation #shorts  🐈,貓咪爆笑合輯，忍住別笑,False,https://www.youtube.com/shorts/1UgJI6O8T2U
貓,音樂舞蹈,55794487,333432,0.6,9,2025-05-14,Kitten Cuteness,77200,Kitten Dance Baby Shark 😼💋 #cat #kitten #meow #cutecat #dance #ai,小貓跳鯊魚寶寶,True,https://www.youtube.com/shorts/jcbytKEeJog
貓,可愛日常,55166524,1954374,3.54,20,2022-12-24,Tai Rebuilds,2080000,DO YOU THINK this CAT looks CUTE 😱 | Wholesome Moments,你覺得這隻貓可愛嗎,False,https://www.youtube.com/shorts/aSOxyR2396k
貓,音樂舞蹈,55055174,206018,0.37,5,2025-05-23,YOUR ARSH,45400,Billi bole meow meow cute cat danceshort video#automobile #song #funny #comedycartoon #30onTrending,貓咪喵喵叫著跳舞,True,https://www.youtube.com/shorts/NlxK6cEf_Pw
貓,可愛日常,55038218,449439,0.82,27,2024-06-20,The BN Family,10100000,Theekuchi ❤️🥰 cat lover 😾#shorts #viral #funny #cat #shortvideos #trending,貓咪 Theekuchi 的日常,False,https://www.youtube.com/shorts/_wyIKHAXZFI
貓,救援感人,55009193,563071,1.02,16,2025-06-11,Packy Films,4030000,Kitty adoption shelter😿🐈 #animation  #adoption #cats,小貓在收容所等人領養,True,https://www.youtube.com/shorts/JFZTJreD2kc
貓,音樂舞蹈,54674114,611846,1.12,8,2025-03-13,Aakib TV,182000,Alifun ba taun sa 🥰💥 Naat |Beautiful Naat ♥️ cute cat 😻 #cat #cutecat #catworld #islamicshorts,小貓配上動聽讚頌歌聲,False,https://www.youtube.com/shorts/2Dlz05QxDE0
貓,可愛日常,54371660,743664,1.37,34,2026-05-06,AniRank,777000,Ranking CUTE STREET CATS Core Moments!! 🐱🏙️,街貓最萌瞬間大排名,False,https://www.youtube.com/shorts/G1VHde35t58
貓,搞笑意外,54362702,,,8,2025-01-16,Daily Funnies,28900,Funny Cat Videos 😂 #funny #cat #funnycats,貓咪爆笑失控瞬間,False,https://www.youtube.com/shorts/Z5Cpwn60ySI
貓,可愛日常,54351438,,,11,2025-10-17,GV GAMING,7310000,Cutest Cat Gang Ever😺✨ #cats #cutecats #catlover #catvideos,史上最萌的貓咪幫派,False,https://www.youtube.com/shorts/XVKyVJxYuxw
貓,ASMR療癒,54230971,652382,1.2,16,2022-06-06,HeyThere,63900,Kitten meows. (Play this to make your cat go crazy),放這聲音讓你的貓抓狂,False,https://www.youtube.com/shorts/cspDcNkMUws
貓,搞笑意外,54131369,346877,0.64,4,2021-09-06,Mantio,52200,Talking cat comedy videos #talkingcat,會說話的貓開口吐槽,False,https://www.youtube.com/shorts/LDSRtOcd5YQ
貓,可愛日常,54040539,291085,0.54,9,2025-01-17,CHAMP ABHI,185000,Billi Ki Awaaz 😸 Biscuit Khana Hai Shabi Ko🥹#shorts #billi #meow #cartoon #trending #shortsfeed,貓咪喵喵叫著討餅乾,False,https://www.youtube.com/shorts/ITWkPIi2QIM
貓,搞笑意外,53412991,307011,0.57,10,2024-12-20,Meow Moments,105000,When you left your door open! 😱 #cat #caton #funny #kitten #animation #kitty #cute #catton#shorts,門沒關好貓就衝出去了,True,https://www.youtube.com/shorts/Ho1-rJDDr4I
貓,搞笑意外,52907195,2659606,5.03,16,2015-10-02,Loosh,102000,Cat politely declines being removed from blanket pile,貓禮貌拒絕離開毯子堆,False,https://www.youtube.com/shorts/Oyx3xkdi4uw
貓,音樂舞蹈,52901214,354721,0.67,9,2025-04-16,Tarun Kumar,88700,"""Billi Ka Cute Dance | Funny Cat Dance Video | Meow Ki Masti"" #cutekitty #kitty #catplay #catlaughs",貓咪跳起可愛小舞步,False,https://www.youtube.com/shorts/1p44OkkQvH8
貓,音樂舞蹈,52562260,264015,0.5,8,2025-09-19,AfiyaI.d,32300,बिल्ली डांस 🤩😍कैट डांस सबसे प्यारा बिल्ली नृत्य Cutest Cat videos funny dance Videos for cats #funny,最可愛的貓咪舞蹈,False,https://www.youtube.com/shorts/RA9wSBvBAGM
貓,ASMR療癒,52559681,239279,0.46,8,2024-09-21,Sweet Marbles Candy,141000,Cat Barsik 🦝 🐷 Xylophone ASMR Sound🌈 Ball Mallet ⭐️ Wooden Balls sound #xylophone #sweetmarblescandy,木琴小球敲出貓咪音效,True,https://www.youtube.com/shorts/hOIWnvbjk-0
貓,搞笑意外,52307785,248902,0.48,5,2025-05-02,JellyBao,1170000,Moti Billi #shorts #brawlstars #trending #animation,胖貓登場笑翻全場,True,https://www.youtube.com/shorts/wpOg3TlNHS8
貓,可愛日常,52155561,1461729,2.8,8,2023-07-10,一隻又廷🐱,1370000,【#一只又廷】有奶瓶了，不想和没奶瓶的喵说话了！#萌化了 #小奶猫的成长日记 #又廷一家,有奶瓶就不理沒奶瓶的貓,False,https://www.youtube.com/shorts/WN-miVfYLpk
貓,搞笑意外,52119312,271406,0.52,19,2026-06-29,DRAMAGIC,93900,Typical Orange Cat Behaviour 🐈😆,橘貓的日常迷惑行為,False,https://www.youtube.com/shorts/cry1x0WaOeY
貓,寵物與人互動,51547305,222172,0.43,12,2026-05-22,스트로베리 터틀,110000,집사 장난이 고양이 루틴에 추가되는 과정ㅋ,惡作劇變成貓的固定行程,False,https://www.youtube.com/shorts/6iF8fZg5zM4
貓,劇情反轉,51251812,313230,0.61,21,2025-07-09,Glenda 96,304000,सांप के काटने पर बिल्ली ने सांप को बना कर लिया बदला,被蛇咬的貓回頭復仇,False,https://www.youtube.com/shorts/YWdU0dVdFIw
貓,知識科普,50799818,1636162,3.22,27,2025-06-13,Zack D. Films,28000000,Would A Tiger-Sized Kitten Kill You? 😵,老虎大小的貓會殺了你嗎,True,https://www.youtube.com/shorts/aGdUNAmMV6s
貓,知識科普,50727724,2607731,5.14,33,2024-09-02,Zack D. Films,28000000,Don't Declaw Your Cat 😰,千萬別幫你的貓去爪,True,https://www.youtube.com/shorts/LUiJNmY-P48
貓,搞笑意外,50678631,1396563,2.76,63,2025-09-01,Funny Animals hub,120000,What does my cat do when I'm sleeping? 😂👈 #cat #cats #funny #funnyanimals #pet #petshorts #shorts,我睡著時貓到底在幹嘛,False,https://www.youtube.com/shorts/nvJAg7WCVm4
貓,教學DIY,50659374,955130,1.89,22,2022-04-16,Chef Cat ChangAn ,10600000,Meow~Colorful Fruit Juice Recipe For Summer! | Cat Cooking Show 2022 | Chef Cat TikToks#Shorts,貓廚師教你調夏日果汁,False,https://www.youtube.com/shorts/rQdXJy4XjUg
貓,搞笑意外,50624057,371295,0.73,36,2026-04-12,TootiLo,1330000,Cat Explains Foot Hygiene 🦶🏻🧼,貓咪開課講腳的衛生,False,https://www.youtube.com/shorts/IbTeoU3GT6E
貓,搞笑意外,50394946,386098,0.77,9,2024-05-01,Abil Family,3280000,Wow kucing lucu ngegas 😹,貓咪突然發火超好笑,False,https://www.youtube.com/shorts/ZWvWkrU7XRU
貓,搞笑意外,50154383,851276,1.7,10,2023-01-10,Noodle and Bun,3340000,Round cat wins gold at cat show,圓滾滾胖貓奪下貓展金牌,False,https://www.youtube.com/shorts/-m6I2JNXRO4
狗,搞笑意外,779735343,2192363,0.28,10,2025-08-30,편집중,256000,다음은 네 차례! 공포의 간식 시간￼🔥1탄 #강아지 #shortsfeed,下一個換你！恐怖點心時間,False,https://www.youtube.com/shorts/XHejBFJT5u0
狗,挑戰實驗,658804018,13576514,2.06,35,2025-03-23,MrBeast,512000000,"Find Your Dog, Win $10,000",找到自己的狗就拿一萬美金,False,https://www.youtube.com/shorts/69g-YcbmgQA
狗,挑戰實驗,649071358,16207411,2.5,27,2023-12-14,MrBeast,512000000,"Feeding A Dog $1 vs $10,000 Steak",1 元 vs 1 萬元牛排餵狗,False,https://www.youtube.com/shorts/ZVt9ZJfWV1c
狗,可愛日常,615352741,5368928,0.87,6,2022-12-15,Bhaiya Choudhary,1540000,Baby dog#cute puppy barking#4kviral#shorts,奶狗第一次學汪汪叫,False,https://www.youtube.com/shorts/dFg8Nu2X5Mo
狗,搞笑意外,564397884,5781908,1.02,24,2024-07-01,Nico_thepomeranian,17100000,Nico’s Plan to Eradicate Hunger #nico #smartnico #funny #dog #cute,狗狗消滅飢餓的大計畫,False,https://www.youtube.com/shorts/igCtEmL75Fk
狗,搞笑意外,532709051,6767025,1.27,18,2023-01-04,旺仔很忙🐶 Labrador Wangzai,1820000,這狗子吃個東西還挺講究,這狗吃東西還挺講究,False,https://www.youtube.com/shorts/c7YcSrXjdNA
狗,救援感人,489860449,,,18,2026-01-12,The BN Family,10100000,Saved Cute Dog 🐕 😳 #shorts #trending #thebnfamily #dog,救下一隻可憐小狗,False,https://www.youtube.com/shorts/-C2OKSjkv1M
狗,挑戰實驗,459334706,7392368,1.61,50,2020-10-01,TIKTOKIA,1270000,Dogs That Fly - Malinois & Alsatian Dogs Show Their Jumping Agility   #Shorts,會飛的狗，彈跳力驚人,False,https://www.youtube.com/shorts/UghXnU162Q4
狗,教學DIY,448599431,1417022,0.32,10,2025-06-27,yummyfarm,3890000,Innovative movable dog house #petsupplies #petlovers #dogtraining,會移動的創意狗屋,False,https://www.youtube.com/shorts/NZl0NlaimLM
狗,救援感人,393561953,10068584,2.56,25,2023-06-19,Noel Deyzel,7750000,I found a dog outside my gym 😳,健身房外撿到一隻流浪狗,False,https://www.youtube.com/shorts/vOThRCun5GY
狗,搞笑意外,346946452,3717690,1.07,12,2023-06-29,翠花的故事,1820000,狗：不是，你有病吧😡 #动物图鉴 #精神小狗,狗一臉「你有病吧」的表情,False,https://www.youtube.com/shorts/CPHQVigBLXE
狗,音樂舞蹈,312078034,2007653,0.64,12,2024-08-27,J House jr.,35700000,🐶Can you bark like a #puppy #dog ?!,你會學小狗汪汪叫嗎,False,https://www.youtube.com/shorts/WkHCwT8HNds
狗,挑戰實驗,311954840,3371733,1.08,18,2024-03-30,Mocha Pom,4240000,Adorable fluffy dog jumps over stacks of eggs 🥚 #easter #dog,毛絨狗狗跳過整排雞蛋,False,https://www.youtube.com/shorts/htd6-h9KCE4
狗,挑戰實驗,300448076,10893032,3.63,12,2024-05-16,MrBeast,512000000,World’s Smartest Dog,世界上最聰明的狗登場,False,https://www.youtube.com/shorts/YyNz4--6fro
狗,知識科普,296311432,9493164,3.2,40,2021-09-24,Dental Digest,21200000,Puppy Dog Toothbrush! #shorts,幫狗刷牙的正確方法,False,https://www.youtube.com/shorts/bbQNpJW_YJ8
狗,寵物與人互動,290486071,4699521,1.62,19,2022-11-28,Nico_thepomeranian,17100000,"Nico: mom, you hit me! #funny #dog #cute #smartnico",狗狗控訴媽媽打牠,False,https://www.youtube.com/shorts/dUGFpoPlBUE
狗,搞笑意外,277550768,1986249,0.72,60,2025-10-07,Pet Funny Vids,522000,Funny Dogs reaction to being frightened 🐶🐶 #funnyvideos #dog #pet #fyp #dogs #funnydog,狗被嚇到的爆笑反應,False,https://www.youtube.com/shorts/F14JuOJSyPg
狗,寵物與人互動,271754490,2326721,0.86,10,2025-10-14,babies&barks,274000,The tension in this conversation… I can’t 😭😂 | babies&barks,寶寶跟狗吵架的緊張氣氛,False,https://www.youtube.com/shorts/YvdrHjQhdLY
狗,ASMR療癒,268131673,3697890,1.38,65,2026-03-29,PetsGoodis,625000,My puppy is here to relax and be spoiled again 🐶✨#PuppyLife #FurBaby #CutePets #SpringPetCare,狗狗又來被寵幸放鬆了,False,https://www.youtube.com/shorts/rL6kbNivKws
狗,救援感人,263345493,1205653,0.46,15,2025-10-25,The geeta gurjar,43300000,Amaira n puppy bacha liye #shorts #thegeetagurjar,小女孩即時救下小狗,False,https://www.youtube.com/shorts/zR3xq9nTbUE
狗,寵物與人互動,259289595,2672337,1.03,10,2021-05-25,ViralHog,30200000,Kiddo Wants to Share Whipped Cream with Corgi || ViralHog,小孩想把鮮奶油分給柯基,False,https://www.youtube.com/shorts/q-Ko7wdglqo
狗,寵物與人互動,259084526,915870,0.35,9,2025-04-05,Rowdy Rotts😈 (Uk04),1410000,Rottweiler Daisy protecting Baby🚨✅suddenly attack ❌⚠️#rottweiler #shorts #baby #funny #attack,羅威納護嬰突然發動攻擊,False,https://www.youtube.com/shorts/DUBQNHdlkTQ
狗,搞笑意外,253017977,832880,0.33,8,2025-06-26,Ăn Vặt Tuổi Thơ ,16600000,Little brother returns puppy and duck 🐶😂🦆,弟弟把小狗和鴨子還回去了,True,https://www.youtube.com/shorts/y6A4tgFyWyc
狗,劇情反轉,251752972,1347998,0.54,17,2025-07-02,Pouty Frenchie,1340000,Why Did This Cute Dog Buy a Mermaid Costume? His Secret Plan is Revealed! 🧜‍♀️🐶,狗狗買美人魚裝要幹嘛？,True,https://www.youtube.com/shorts/9r5GJAYUFcY
狗,教學DIY,250326473,9924913,3.96,55,2021-08-25,Brodie That Dood,5550000,Building a Puppy Ball Pit! #shorts,幫狗狗蓋一座球池,False,https://www.youtube.com/shorts/9_gV1qznLmY
狗,寵物與人互動,235626111,1073529,0.46,19,2026-03-31,Kamal family reaction ,89100,Cute boy aur dog ki masti 🐶 | vfx ka kamaal #shorts,男孩和狗玩出 VFX 神效,True,https://www.youtube.com/shorts/WVOIemD9oI4
狗,恐怖驚嚇,227143217,710552,0.31,6,2025-05-07,The Animal Behavior Studio ,130000,Real Aggressive Dog Barking | Scary Dog Sound Warning!,最兇惡犬吠聲，注意音量,False,https://www.youtube.com/shorts/RFLmxKd2xoQ
狗,搞笑意外,226212020,3027996,1.34,17,2023-05-01,Nico_thepomeranian,17100000,Nico:Am i superman? #dog #nico #cutedoggies #funny #cute,博美飛撲：我是超人嗎？,False,https://www.youtube.com/shorts/aLxujpoxzA0
狗,搞笑意外,226025872,4572000,2.02,8,2024-04-13,LabPups.com,583000,Laugh Out Loud at These Funny Dog Moments! 😄,狗狗爆笑瞬間讓你笑出聲,False,https://www.youtube.com/shorts/x0iC-8ZnNwM
狗,可愛日常,224609933,6141924,2.73,12,2022-08-28,Mayapolarbear,2890000,My Dog Has a Pure Heart 🥺 #shorts #dog,我家狗狗心地太善良了,False,https://www.youtube.com/shorts/9biWC3pKzE0
狗,劇情反轉,216228010,1326766,0.61,17,2025-08-17,Pouty Frenchie,1340000,Dog's Secret Bubble Plan! Watch cute Pup Create a Rainbow Bath! 🛁🐶,狗狗偷偷放彩虹泡泡浴,True,https://www.youtube.com/shorts/7RO1G4rE0LI
狗,搞笑意外,212066762,5395038,2.54,10,2016-05-03,pugsnkisses84,736000,Pug chase!,巴哥狗全速追逐現場,False,https://www.youtube.com/shorts/XzJcQR2yA8E
狗,教學DIY,207895389,1493937,0.72,12,2025-06-01,Stadtwolftraining,344000,Hunderudel trifft Fahrrad #germanshepherd #animals,一群狼犬遇上腳踏車,False,https://www.youtube.com/shorts/RuxfduZFiBw
狗,搞笑意外,205499716,1390847,0.68,40,2025-06-23,Factomato,11400000,Naughty Dog Surprises His Owner😊,調皮狗給主人一個大驚喜,False,https://www.youtube.com/shorts/yRSwSXSMue4
狗,音樂舞蹈,200710894,1408040,0.7,8,2024-09-15,Animal World - Sereno Vive,,Dancing Puppy Deli 🐶😂 Cute Dog Shows Off Dance Moves,小狗跳起舞來停不下來,False,https://www.youtube.com/shorts/-Dhg-syHyPM
狗,搞笑意外,198837673,,,12,2023-11-19,Bubbles The Golden Retriever,732000,😂❤️ #dog #goldenretiever #shorts #puppy,黃金獵犬的爆笑瞬間,False,https://www.youtube.com/shorts/u4XbDY2BHCU
狗,搞笑意外,197787399,,,16,2022-12-08,The PAWmazing Friends,389000,Baby Labrador had a bad poop. #labrador #labradorretriever  #dog #doglover #puppy  #maltese #dogs,拉拉幼犬大便大出災難,False,https://www.youtube.com/shorts/W0OPxYjyHjA
狗,救援感人,196897744,2853811,1.45,18,2024-09-28,Marta and Rustam,41000000,She SAVED a CUTE PUPPY.. 😱🐶🚙 #shorts #khamitovy #martaandrustam,她從路邊救回一隻小狗,False,https://www.youtube.com/shorts/0eEWht_RSqw
狗,搞笑意外,195466331,4087253,2.09,10,2022-04-13,ViralHog,30200000,This is an Injustice || ViralHog,這實在太不公平了吧,False,https://www.youtube.com/shorts/sCvcZx_Ej0w
狗,寵物與人互動,192447360,,,11,2022-06-01,Varya The Corgi,424000,smart dog #dogtricks #corgitricks,柯基聰明到會做這些指令,False,https://www.youtube.com/shorts/TM-Uxcdo280
狗,寵物與人互動,191243452,3917704,2.05,140,2024-10-27,The Hayeks,3980000,it��s puppy bath time!,小狗洗澡時間到囉,False,https://www.youtube.com/shorts/0aIJcvoeIzM
狗,搞笑意外,189885797,3073143,1.62,13,2024-03-29,糖果木星,1190000,狗狗：好玩么？幼稚！Is it fun? Naive!,狗狗一臉嫌棄：幼稚！,False,https://www.youtube.com/shorts/QTPbflPav3U
狗,挑戰實驗,189551370,8131569,4.29,48,2023-05-21,Airrack,19000000,Would you sell me your dog for 100 dollars?,一百美金你賣不賣你的狗,False,https://www.youtube.com/shorts/z8AQ_oi11-0
狗,搞笑意外,186364541,2875905,1.54,16,2023-10-02,Nico_thepomeranian,17100000,Everything was seen through by Nico #nico #funny #dog #funnydog,什麼都被 Nico 看穿了,False,https://www.youtube.com/shorts/Fe8KDzVwMPo
狗,搞笑意外,179746830,681236,0.38,10,2026-06-28,Capo & Taya,135000,Dachshund never give up for a second #dog #dogs,臘腸狗一秒都不肯放棄,False,https://www.youtube.com/shorts/YC1njpXlGKY
狗,寵物與人互動,175711123,6043145,3.44,45,2023-04-26,Stokes Twins,144000000,SURPRISING MY TWIN WITH HIS DREAM PET!!,送雙胞胎弟弟夢想中的寵物,False,https://www.youtube.com/shorts/lobByNPDkHc
狗,可愛日常,174668850,1018206,0.58,12,2025-01-04,From the Roots Up,124000,Cute baby puppies! #puppies #sillyanimals #shorts,一窩小奶狗萌到融化,False,https://www.youtube.com/shorts/wBhWCFVL0WI
狗,搞笑意外,165421565,,,48,2025-08-18,Kanish Gahlawat,4900000,Very funny dog 😍🥰 #comedy #funny #funnyshorts #shorts,這隻狗太會搞笑,False,https://www.youtube.com/shorts/WmItV5E1kFQ
狗,搞笑意外,159326071,5163964,3.24,39,2023-12-12,ViralSnare Rights Management,12300000,Dog Fails While Testing Owner’s Treadmill,狗狗挑戰跑步機慘敗,False,https://www.youtube.com/shorts/bhr6iugESNE
狗,劇情反轉,156426031,1351609,0.86,25,2026-03-10,KITEM DOGS,1420000,Did the cute puppy go to heaven with the balloon? 😭,小狗抓氣球飛走了嗎,True,https://www.youtube.com/shorts/KAGtyqVflG8
狗,搞笑意外,154250252,1440284,0.93,32,2025-10-27,Funny Cute,,Dogs being idiots part 8: Trick dog take medicine #funnydog #funnypet #cutedog #dogshorts,騙狗吃藥全部失敗,False,https://www.youtube.com/shorts/MLPrbCBkOpE
狗,搞笑意外,153521194,787174,0.51,17,2025-04-09,Demariki,11800000,Smart Dog 😱🤣 #demariki,狗狗聰明到嚇死人,False,https://www.youtube.com/shorts/u2UOU54_fwc
狗,搞笑意外,150450149,2618170,1.74,13,2023-06-08,翠花的故事,1820000,狗：你让我觉得有点恶心🤬 #动物图鉴 #这操作都看傻了,狗一臉嫌棄你噁心,False,https://www.youtube.com/shorts/e0e_nMugFUg
狗,可愛日常,148331539,1616760,1.09,20,2025-07-22,FOU FOU PUPPY,3110000,स्मार्ट लुसी डॉग 🐶 White Fluffy Dog Cute Jump 😍 Dogs Training #fluffydog #cutedog #dog,白毛球狗聰明大跳躍,False,https://www.youtube.com/shorts/BwmSHJVBGa0
狗,寵物與人互動,143793005,872411,0.61,23,2026-04-07,The geeta gurjar,43300000,amaira ko mila dog 😍 #shorts #thegeetagurjar,小女孩終於養到狗了,False,https://www.youtube.com/shorts/P5vTJfM-xwE
狗,挑戰實驗,143503134,3012593,2.1,60,2023-02-23,M4 Tech,13900000,Kunjuttan Rocks Epi : 8 | Elephant Toothpaste | M4 Tech | #shorts,大象牙膏實驗遇上狗狗,False,https://www.youtube.com/shorts/F6ZPTQFDSAg
狗,挑戰實驗,142997540,5870898,4.11,40,2022-05-25,Ellie Golden Life,3600000,Leaving my dog with steak and chicken #goldenretriever #dog,把牛排留給狗會怎樣,False,https://www.youtube.com/shorts/ef-pvuP2IUc
狗,ASMR療癒,142939595,2743393,1.92,55,2024-09-02,The Hayeks,3980000,it’s bath time! #shorts #puppy #pink #asmr #asmrvideo #poodle,粉紅泡泡的洗澡療癒音,False,https://www.youtube.com/shorts/Rm6BOm9sbks
狗,救援感人,141038464,1211446,0.86,27,2025-08-08,Clean Girl,20900000,I Found Puppies in the Sewer 😔,下水道裡發現一窩小狗,False,https://www.youtube.com/shorts/YZwgr0aW6XQ
狗,可愛日常,139463627,1025017,0.73,60,2024-10-27,The PeaNut Vlogs,1180000,PeaNut's Bath #dog #goldenretriever #doglover #puppy #dogshorts #dogcantalk,黃金獵犬的洗澡實況,False,https://www.youtube.com/shorts/dbQAsK4pN1I
狗,寵物與人互動,135210109,5405361,4.0,16,2023-06-27,Brennan Rogers,3550000,This dog is so smart ❤️🥹 #shorts,這隻狗聰明到不可思議,False,https://www.youtube.com/shorts/vzV6cCXEfYU
狗,教學DIY,133539460,1503551,1.13,10,2022-07-09,Austin Sprinz,8570000,How to give you puppy a bath the SMART way 😂,聰明幫狗洗澡的偷吃步,False,https://www.youtube.com/shorts/B2cc5q43D90
狗,寵物與人互動,131458273,3249823,2.47,15,2023-05-14,Hugo The Malamute,1380000,Adorable Dog Cannot Stop Tackling His Dad #dogsofyoutube #dog #funnyanimals,狗狗撲倒爸爸停不下來,False,https://www.youtube.com/shorts/DN0kf4oG7vk
狗,可愛日常,128459776,3247801,2.53,13,2022-09-03,Mocha Pom,4240000,My Pomeranian Loves To Take Baths  #shorts #dog,博美超愛洗澡的樣子,False,https://www.youtube.com/shorts/C1BEEh5YncM
狗,搞笑意外,126723407,845680,0.67,16,2026-06-30,callum kingscroft,111000,蛐蛐狗1️⃣2️⃣4️⃣！！欠揍！！ #歡迎來到我的專業 #黑色拉布拉多 #萌寵拉布拉多 #雙血統拉布拉多,這隻黑拉布拉多超欠揍,False,https://www.youtube.com/shorts/uhUnK4DhKQ4
狗,寵物與人互動,125248523,614883,0.49,18,2025-07-11,The geeta gurjar,43300000,Amaira ko dog chaiye #shorts #thegeetagurjar,小女孩吵著要養狗,False,https://www.youtube.com/shorts/-pZ1UMEGfYg
狗,搞笑意外,124376252,630069,0.51,21,2025-09-30,PetLOL,48400,Dogs React to the Funniest Animal Moments 😂🐶,狗狗看爆笑影片的反應,False,https://www.youtube.com/shorts/foBbZWS1V8Y
狗,搞笑意外,123552468,1481370,1.2,38,2023-03-29,เจไจ๋แปน J Jai Pan,13300000,The Sigma Sniper‼️ and His Roblox Nerf Gun and a Mad Dog😂👹 | JJaiPan #shorts #tiktok,玩具槍對決瘋狗,False,https://www.youtube.com/shorts/sPGB9kixGk8
狗,可愛日常,123369533,1029377,0.83,6,2023-05-19,ShihTzu Diaries,337000,shihtzu Dog Barking| ShihTzu barking #dogs #shihtzupuppies,西施犬對你狂吠,False,https://www.youtube.com/shorts/hWlh8JHElmE
狗,搞笑意外,123099181,2099278,1.71,22,2022-07-27,糖果木星,1190000,狗子有多胆小，木星：我就演给你看,狗子有多膽小，演給你看,False,https://www.youtube.com/shorts/qw5y4VN0tes
狗,搞笑意外,122938503,,,8,2022-10-02,Kanchan Joshi 2.0,1520000,dog playing balloon cricket 🎈🏏 #shorts #lakdikikathi,狗狗打氣球板球,False,https://www.youtube.com/shorts/wGnglopBtwE
狗,可愛日常,122725642,2545199,2.07,6,2022-06-04,Nguyễn Trang TV,387000,Dog and duck so cute #shorts #dogandduck,狗狗和小鴨的萌友情,False,https://www.youtube.com/shorts/oqK_B-ac7oA
狗,寵物與人互動,122480435,529507,0.43,9,2024-11-29,Eating Dogs,854000,"The temperature is rising again, let’s cook! Cute pet debut plan Labrador Oh my god it smells so g",天熱了煮飯給狗吃,False,https://www.youtube.com/shorts/0lPcYwQ9OaI
狗,寵物與人互動,122117653,3257340,2.67,19,2023-10-17,Nick DiGiovanni,44600000,Starbucks Puppuccino,星巴克狗狗奶泡,False,https://www.youtube.com/shorts/8FoeNHOqiIA
狗,搞笑意外,120682561,2012716,1.67,20,2023-01-12,旺仔很忙🐶 Labrador Wangzai,1820000,原來狗子也會後悔～,原來狗子也會後悔,False,https://www.youtube.com/shorts/X_PU6t6IS38
狗,搞笑意外,120544414,857080,0.71,6,2024-07-16,S H O W   O F F  0 7 9,151000,Funny video #dog #funny #puppy #pets #animal #arabic #music #tontonight #viral #trending,狗狗的爆笑瞬間,False,https://www.youtube.com/shorts/jjV4a_WpBjE
狗,搞笑意外,120291961,314186,0.26,10,2025-09-02,PopoDogy,25900,Picking up dog poop 🐶💩,撿狗大便的日常,False,https://www.youtube.com/shorts/SQJja591vaw
狗,可愛日常,116705052,1789720,1.53,6,2022-11-25,Dhvija Angel Vlogs,401000,Puppy sound #shorts #puppy #dog,小奶狗的叫聲,False,https://www.youtube.com/shorts/COyhV80Mewo
狗,搞笑意外,114250565,1147280,1.0,9,2025-06-03,MisterMainer,3970000,Pookie wasn’t happy! #dogs #sad #nose #meme,Pookie 不開心了,False,https://www.youtube.com/shorts/24E_OO4SCII
狗,ASMR療癒,109381887,1890877,1.73,59,2024-09-29,The Hayeks,3980000,it’s puppy bath time! #puppy #shorts #asmr #blue #poodle #asmrvideo,小狗洗澡時間到,False,https://www.youtube.com/shorts/q7Yhk9oKRow
狗,ASMR療癒,108501366,4384288,4.04,59,2023-09-03,是曼玉不是鳗鱼 Littlemanyu,14000000,ASMR | 曼玉Manyu沉浸式身体护理SPA  #柴犬 #豆柴 #抖音 #柴犬可愛い,柴犬的沉浸式SPA,False,https://www.youtube.com/shorts/3-9sG4G-m38
狗,搞笑意外,107740650,831878,0.77,68,2025-12-13,Funny *_*,119000,funny dogs Fail #shorts,狗狗失敗大合集,False,https://www.youtube.com/shorts/vfT7zkNY1Wg
狗,寵物與人互動,105907386,1646274,1.55,60,2025-03-19,Aruj Raghuvanshi,5860000,Indian Dad And Pet 🐶 Wait For Last 🥹✨️ #shorts #pets #reltable #aruj #indianfamily,印度老爸和狗，看到最後,False,https://www.youtube.com/shorts/LPEkYuGctuk
狗,劇情反轉,104847860,654340,0.62,17,2025-06-28,Pouty Frenchie,1340000,"Saddest Dog of the Year! His Popsicles Melted, But He Found a Sweeter Friendship! 🍦💖",冰棒融了的最慘狗狗,False,https://www.youtube.com/shorts/6wWZn9huKW4
狗,搞笑意外,103237844,532955,0.52,6,2024-04-21,N# STUDIO,1420000,dog barking sound loud #viral #angrypuppy #cutepet #dog #cat #dogsound #animals #angry #angryanimal,超大聲狗吠來了,False,https://www.youtube.com/shorts/rMFxnf5AZr0
狗,可愛日常,103232315,495034,0.48,17,2025-04-02,The geeta gurjar,43300000,Amaira ka cute dog #shorts #thegeetagurjar,小女孩的可愛狗狗,False,https://www.youtube.com/shorts/ruxH3DIs9wc
狗,搞笑意外,102161237,747623,0.73,39,2026-03-13,Fluffy Shorts,83000,Ranking Funniest Dog Treats Catching Fails Ever! #funny #dogs #viralshorts,狗狗接零食失敗排名,False,https://www.youtube.com/shorts/dbvlcRFMHmA
狗,搞笑意外,101776927,3544474,3.48,22,2024-02-21,Agirlandadoodle,4000000,Thank me later #dog #funnydog #dating,帶狗去約會的絕招,False,https://www.youtube.com/shorts/8ReLUJleJbQ
狗,搞笑意外,101327077,1846469,1.82,16,2020-08-18,Harpreet SDC,12800000,American bully Dog ko Ullu Banaya | Funny Dog Video |#shorts | Harpreet SDC,惡搞美國惡霸犬,False,https://www.youtube.com/shorts/B-0UhY5DzKg
狗,寵物與人互動,101110685,1036211,1.02,19,2023-02-18,Nico_thepomeranian,17100000,What's your favorite fruit?#cute #dog #funny #nico #smartnico,狗狗最愛哪種水果,False,https://www.youtube.com/shorts/Q-Bsxs8rRmc
狗,搞笑意外,100801545,544211,0.54,11,2026-06-30,tin duongloc,190000,#搞笑萌寵#萌娃和萌寵#狗狗迷惑行為#搞笑,狗狗的迷惑行為,False,https://www.youtube.com/shorts/DFdhVUEEuY0
狗,搞笑意外,100447462,2733342,2.72,20,2023-05-25,Brennan Rogers,3550000,The way she immediately froze 😂❤️ #shorts,她瞬間石化的樣子,False,https://www.youtube.com/shorts/_FTd-Sx7Orc
狗,搞笑意外,99573260,,,6,2025-02-26,Az animals,203000,Dog with crocodile mouth #dog #animals #shorts #fyp #video #viralshorts #short,長著鱷魚嘴的狗,False,https://www.youtube.com/shorts/DoaPkRtGzhg
狗,可愛日常,98165288,300834,0.31,6,2026-07-01,Mahamud_0.5,117000,Rumi picked up the lovely teacup dog.,單手就能捧起的茶杯犬,False,https://www.youtube.com/shorts/oyeWy6S_JvM
狗,搞笑意外,97730442,509172,0.52,11,2026-03-20,TRAF,73900,Happy Dogs #dog #funny,開心到失控的狗狗們,False,https://www.youtube.com/shorts/NcyGMygWXqg
狗,救援感人,97629022,1622854,1.66,28,2023-02-07,Wolf Game,5370000,😭 Save the Poor Sled Dogs! #straydogs #dog #wolf #animalrescue,快救救可憐的雪橇犬,True,https://www.youtube.com/shorts/FOLq_Xkwe8o
狗,搞笑意外,97539041,1430322,1.47,8,2021-09-18,Hammy and Olivia,6910000,Talking Dog Thinks He is a TOMATO! #shorts #corgi,柯基堅持自己是顆番茄,False,https://www.youtube.com/shorts/1tojp2IwOXA
狗,搞笑意外,96564474,1436409,1.49,18,2022-04-27,Hammy and Olivia,6910000,CORGI CATCHES FIRE! #fail #dog,柯基竟然著火了？,False,https://www.youtube.com/shorts/gbKJjwI1Ajw
狗,搞笑意外,96235007,,,44,2025-04-17,Grd Bhai ,1130000,Other Family Dog Protection vs This Dog ☠️ | #edit #trollface #usa #newyork #dog,別人家的狗 vs 我家的狗,False,https://www.youtube.com/shorts/G-qxU377QkU
狗,音樂舞蹈,95635850,424414,0.44,9,2025-04-28,MTC Animal World,3510000,Funny Dog Dancing Video 😂 #dog #puppy #dogdance #puppydance,狗狗尬舞停不下來,False,https://www.youtube.com/shorts/iON4ME0Lvrk
狗,搞笑意外,95469681,3987721,4.18,42,2022-10-19,Mr Faizan,1380000,Animal funny video | #shorts #funnyvideo #dog #creativemosho,動物爆笑瞬間集錦,False,https://www.youtube.com/shorts/aAyoNzvDQgA
狗,可愛日常,94760658,479553,0.51,6,2025-08-17,Cute puppy ,195000,Cute teacup dog puppies😍 #cute #baby #cutebaby #barkingbliss #babyanimals #toys #pets #babydogs #dog,掌心大的茶杯幼犬,False,https://www.youtube.com/shorts/JiXzXhcrL9Y
狗,ASMR療癒,93899905,870839,0.93,60,2025-09-02,The Hayeks,3980000,puppy’s apartment setup! #puppy #dog #viral #asmrsounds #shorts,幫幼犬打造專屬小公寓,False,https://www.youtube.com/shorts/7sOpEQRgo2c
狗,搞笑意外,93699457,3090118,3.3,36,2024-07-02,Agirlandadoodle,4000000,Just a couple differences 👀 #dogs #dogcomedy,兩隻狗的差別有多大,False,https://www.youtube.com/shorts/TGXZvDO_Y0k
狗,可愛日常,93376782,460845,0.49,6,2025-07-04,Dog World,219000,cute puppies adorable video #puppy #cute #cutedog #dog #shorts,一窩小奶狗萌到融化,False,https://www.youtube.com/shorts/loNTb5KPXek
狗,寵物與人互動,93313385,762319,0.82,28,2026-06-23,笑ンク,328000,飼い主にそっくりな犬が可愛い！,狗和主人長得一模一樣,False,https://www.youtube.com/shorts/9tc_xqNhGtY
狗,ASMR療癒,92404211,1306973,1.41,59,2025-03-15,The Hayeks,3980000,2 puppies�� apartment upgrade  #puppy #poodle #puppylife #shorts #funnydog #cutepuppy,兩隻幼犬的公寓大升級,False,https://www.youtube.com/shorts/muZzhf7gMAM
狗,寵物與人互動,92244909,2762790,3.0,125,2026-01-04,daily_dose_of_memes_fyp,207000,"Like owner, like dog: the dog imitates its owner 🤣#funny #dog #funnydog #funnyvideos #usa_tiktok",狗完全複製主人的動作,False,https://www.youtube.com/shorts/zt1ovC9nMBM
狗,其他,91325288,679699,0.74,11,2023-03-23,Village Life786,539000,Super Dog Race #greyhoundracing,狗狗賽跑衝刺瞬間,False,https://www.youtube.com/shorts/_a2eeCRa8uE
狗,可愛日常,89923211,254861,0.28,12,2026-03-24,Lumacraft,21400,#hund #haustiere,狗狗的日常小片段,False,https://www.youtube.com/shorts/2U7eB0BiCvk
狗,救援感人,89778799,1705049,1.9,41,2022-12-18,Reader's Digest,2630000,Girl Surprised with Adorable Puppy on her Birthday,生日驚喜竟是一隻小狗,False,https://www.youtube.com/shorts/FkIVoA8MdEk
狗,搞笑意外,89529214,526021,0.59,11,2022-07-01,AirCast,85500,Funny cute Puppy falling down,小狗走一走就跌倒,False,https://www.youtube.com/shorts/76W1ZtZfgFk
狗,搞笑意外,86610116,849157,0.98,8,2022-10-16,Marble Truck,2360000,"Best funny videos prank by Tanya, Senya and Misha - funny dogs #shorts",整人惡作劇加爆笑狗狗,False,https://www.youtube.com/shorts/f_htuMWtxks
狗,搞笑意外,85547868,694561,0.81,12,2022-09-08,Hammy and Olivia,6910000,Super Corgi Fails!,柯基超人失敗合輯,False,https://www.youtube.com/shorts/W_IhSnQTw1A
狗,挑戰實驗,85503211,1173964,1.37,31,2025-05-01,Hublot Baggins,6430000,Owner tests which dog is the smartest ❤️ #shorts,測測哪隻狗最聰明,False,https://www.youtube.com/shorts/rmhrWiL0xsY
狗,搞笑意外,85481790,825326,0.97,8,2023-03-06,旺仔很忙🐶 Labrador Wangzai,1820000,狗子：你以為我很傻很天真嗎…,狗子：你以為我很傻嗎,False,https://www.youtube.com/shorts/Jal5s1HR3Do
狗,挑戰實驗,84909312,1641549,1.93,32,2026-04-29,MrBeast,512000000,"Would Your Dog Pick $10,000 or Steak?",狗會選一萬美金還是牛排,False,https://www.youtube.com/shorts/EdT5Z16Y5WE
狗,音樂舞蹈,84706714,2686113,3.17,15,2021-08-15,Brodie That Dood,5550000,Puppy Drums #shorts,小狗自己打起鼓來,False,https://www.youtube.com/shorts/l3qobJDgNUQ
狗,挑戰實驗,83619077,4456447,5.33,60,2022-09-08,Ellie Golden Life,3600000,Puppy vs adult dog jump challenge #goldenretriever #dog,幼犬對決成犬跳高挑戰,False,https://www.youtube.com/shorts/4CDvcGlTcKA
狗,搞笑意外,83048196,376827,0.45,6,2026-01-24,BufferFace,107000,How to Pet a Dog vs a Rabbit 🐶🐰,摸狗跟摸兔子差在哪,False,https://www.youtube.com/shorts/aeIiIahkC0Y
狗,可愛日常,82801158,460804,0.56,9,2024-08-31,CV TV,62900,#dog #labrador #puppy #pets #funny #animals #babymonkey #cute #fruit #mongkey,幼犬搶食水果的畫面,False,https://www.youtube.com/shorts/Sfepifs-WF8
狗,挑戰實驗,82567126,447286,0.54,16,2025-07-17,Pouty Frenchie,1340000,"Dog's EPIC Pool Makeover! Buys Orbeez, Turns Pool into a GIANT Ball Pit! 🤯💦#shorts #cute #dog",把狗狗泳池變成巨型球池,False,https://www.youtube.com/shorts/64sizhA6LOs
狗,可愛日常,81914644,336912,0.41,6,2023-03-12,Auditor Appasaheb Patil,45400,"small dog voice ,chhota dog soundpappyawajdogvoicedogsound shortsviralvideothe voicethe",小狗的叫聲有多迷你,False,https://www.youtube.com/shorts/v4YqqarLadU
狗,搞笑意外,81759390,1866948,2.28,36,2025-05-04,Agirlandadoodle,4000000,Warning: May result in commitment #dogs #dating #dogcomedy,警告：看完你會想養狗,False,https://www.youtube.com/shorts/fTr3iQfxLTg
狗,搞笑意外,80582151,783359,0.97,4,2023-05-14,Tanisha Jha 3.0,964000,Dog: Just because I'm good-natured doesn't mean I won't bite! funny dog videos,別以為我脾氣好就不咬人,False,https://www.youtube.com/shorts/fL4kLWjYYl4
狗,可愛日常,79745050,333155,0.42,6,2025-01-25,Pets and Animals Antics Hub,662000,cutest puppy barking adorable video #dog #doglover #dogbarking #puppy #dogs #barking #dogsound,奶狗叫起來有多可愛,False,https://www.youtube.com/shorts/1OyOLeu6S9E
狗,挑戰實驗,79409454,2652271,3.34,15,2024-04-13,LabPups.com,583000,Meet the Genius Dog That Masters Fetch Without You!,這隻狗自己會撿球玩,False,https://www.youtube.com/shorts/8CinuRG1aoo
狗,教學DIY,78741086,2625806,3.33,20,2021-09-22,The Dog Daddy,4020000,The Best Trick I’ve Taught My Dogs. Dog Daddy,我教過狗最厲害的一招,False,https://www.youtube.com/shorts/bX60fiOaNq8
狗,寵物與人互動,78426072,1262537,1.61,21,2023-06-13,Daisy & Maple,691000,"I am your doggy, you listen to me! 😏 #puppy #goldenretriever #dogs #puppies #dogshorts #dog",我才是老大你要聽我的,False,https://www.youtube.com/shorts/NU1DXw297KA
狗,救援感人,76869390,1020374,1.33,13,2025-07-31,Kokan NGO India,601000,Every Life Matters | Dog Rescue | #shorts #ambulance #dog 🐾🚑❤,每一條生命都值得被救,False,https://www.youtube.com/shorts/bnXq6YuiiPI
狗,搞笑意外,76373097,2747245,3.6,61,2023-09-26,ChristopherxBush,413000,Cheese time #dog #doberman #puppy #doglover #funnydog,起司時間杜賓犬秒衝,False,https://www.youtube.com/shorts/Dl-XnWYRMTo
狗,可愛日常,76361894,301238,0.39,11,2026-07-04,oscar blackbridge,27800,#萌寵出道計劃 #泰迪犬 #可愛的小狗狗 #0-3歲兒童啟蒙早教 #這也太萌太可愛了吧,泰迪幼犬萌到犯規,False,https://www.youtube.com/shorts/r12Cqb-V-pk
狗,搞笑意外,76275539,1486318,1.95,76,2026-03-12,The Pet Vibes ,112000,Dog funny moment 😂 very interesting funny video 🤣😂 #funnymemes #funnypets #funnydog #animalfunny #pi,狗狗的爆笑瞬間合輯,False,https://www.youtube.com/shorts/YRgm71V5Qnc
狗,搞笑意外,75036001,363408,0.48,15,2025-04-18,Demariki,11800000,Smart Dog 😱🤣 #demariki,這隻狗聰明到不可思議,False,https://www.youtube.com/shorts/zoHwhR2l5-Y
狗,搞笑意外,74545982,4309120,5.78,20,2022-11-29,Dylan Anderson,14700000,This dog will walk in slow motion and then scare his owner 😂 @NicholasJamesEmmizzie,狗慢動作走路嚇壞主人,False,https://www.youtube.com/shorts/d530JiV_TKw
狗,寵物與人互動,74449709,855134,1.15,29,2024-01-28,The geeta gurjar,43300000,Amaira ke pas aya dog 😍 #thegeetagurjar #shorta,狗狗跑來找小女孩,False,https://www.youtube.com/shorts/nGIex4XQIxo
狗,可愛日常,73246129,2124062,2.9,54,2024-03-16,ayush gaur vlogs,176000,labrador baby #youtubeshorts #labradorpuppy #puppy #labradorlovers #doglover #shortvideo #shortsfeed,拉布拉多幼犬的一天,False,https://www.youtube.com/shorts/e3-7Uec98fM
狗,可愛日常,73073428,190101,0.26,6,2026-02-21,Mini Paws AI,91800,Teacup Dog Breeds/ Teacup Puppies 🐕 #puppy #cuteanimals #shorts #comedyeffect #animals #fyp,茶杯犬到底有多小,True,https://www.youtube.com/shorts/yKe_4F-8U2s
狗,搞笑意外,72974589,567424,0.78,13,2024-04-07,Bulldog Reaction 🐾 Zephyrka girl 🐕,836000,French bulldog fart 😁  #bulldog #animals #mreviatar #dog #dogs #animal #animalshorts #shorts #funny,法鬥放屁被當場抓包,False,https://www.youtube.com/shorts/WjJpTNuZdkc
狗,可愛日常,72877923,276844,0.38,11,2026-07-12,javier lakeley,59400,#萌寵出道計劃 #泰迪犬 #可愛的小狗狗 #0-3歲兒童啟蒙早教 #這也太萌太可愛了吧,泰迪小狗的可愛日常,False,https://www.youtube.com/shorts/5Ce7GhC0DvE
狗,搞笑意外,72849485,1042548,1.43,14,2021-07-20,Anant Rastogi,19000000,smart dog leo❤ #shorts,聰明狗狗Leo的表演,False,https://www.youtube.com/shorts/m1FZL2D6o-E
狗,救援感人,72755167,703304,0.97,60,2026-02-09,Paws & Hearts,5260000,Saving Sweet Baby #animals #lovestory #rescue #cute #animalrescue#dog #puppy #rottweiler,救回奄奄一息的小狗,False,https://www.youtube.com/shorts/sZ0nBx2XZe8
狗,其他,71418628,417991,0.59,10,2025-06-12,BestFrienDogs USA,32400,"Your dogs will thank you — and so will you, trust me! Double anti-tangle leash is a game-changer 😍",雙頭防纏繞牽繩太好用,False,https://www.youtube.com/shorts/kslRNvY8TJ4
狗,音樂舞蹈,71318144,501530,0.7,14,2026-04-02,benjamin feres,603000,這隻小狗有點音樂細菌在身上😅 #可愛小狗 #萌寵日常 #動物搞笑,這隻小狗超有音樂細胞,False,https://www.youtube.com/shorts/dwPLdDeiVPk
狗,知識科普,70997319,,,10,2024-08-24,Vloger Miraj,283000,Dog Pat Market Kolkata /lowest price puppy dog/Gallif Street dogs,加爾各答最便宜的狗市場,False,https://www.youtube.com/shorts/jE0FslMc7f0
狗,可愛日常,70790429,783318,1.11,10,2024-04-14,Basem Hunt,697000,Which dog do you like the most?       #basemhunt #dog #rottweiler,你最喜歡哪一隻狗,False,https://www.youtube.com/shorts/tcIaV6llXVM
狗,可愛日常,69795616,854023,1.22,53,2025-08-07,Keshav Shashi Vlogs,22900000,घर में आया नन्हा मेहमान 😜🤪 Keshav Shashi Vlogs #trending  #shorts #viral #dog #vlog,家裡來了小小新成員,False,https://www.youtube.com/shorts/AHPzfp5oISQ
狗,救援感人,69428898,1502543,2.16,21,2023-01-14,Wolf Game,5370000,"😡Humans Abuse Dog, Wolves Save Dog😢#straydogs #dog #wolf #animalrescue",人類欺負狗，狼群趕來救援,True,https://www.youtube.com/shorts/N_BntwvTmjs
狗,可愛日常,69422660,1427669,2.06,11,2022-07-06,Utah Doodles,452000,Petite Mini Goldendoodles 🐶 Cute or nah? #minigoldendoodles #goldendoodle #puppies #puppylove,迷你貴賓犬到底可不可愛,False,https://www.youtube.com/shorts/c_ADnG7_kJY
狗,知識科普,69093537,1947601,2.82,52,2025-05-27,FactoHolic,21300000,The Richest Dog 😱,世界上最有錢的狗是誰,False,https://www.youtube.com/shorts/W_ihLcZEZok
狗,寵物與人互動,68076820,518473,0.76,16,2024-07-08,Kritika Channel,40300000,Dog Lover🐕❤️#Kritikachannel#Shorts#youtubeshorts#viral video,愛狗人士看了會融化,False,https://www.youtube.com/shorts/3IeUoyw_wY0
狗,寵物與人互動,67575859,1234756,1.83,32,2023-10-10,Lady and the Blues,1710000,My Baby and Dog Recreate LILO AND STICH!!,寶寶和狗重現星際寶貝,False,https://www.youtube.com/shorts/uFjmN35mJQc
狗,寵物與人互動,67331219,1330249,1.98,60,2025-05-14,Argeo Donatien,473000,Husky protects unborn brother ❤️#baby #love #dog #pets #dogtime,哈士奇守護還沒出生的弟弟,False,https://www.youtube.com/shorts/HPLsB5iHJA4
狗,搞笑意外,65471564,,,16,2021-07-23,PowerPointAwesome,90700,🐯Prank Dog 😂 | Dog Wear Tiger Mask Fake Tiger So Funny Dogs Prank Try To Stop Laugh 2024 🐕,狗戴老虎面具嚇同伴,False,https://www.youtube.com/shorts/721NPu5Ypas
狗,寵物與人互動,65320726,427657,0.65,13,2025-03-17,Amaira gurjar vlogs,2910000,Kya apko bhi dog pasand h🥹🥹 #shorts #amairagurjar,你也喜歡狗狗嗎？,False,https://www.youtube.com/shorts/a4tCwO-TVgQ
狗,可愛日常,64404332,346115,0.54,16,2025-08-22,Pouty Frenchie,1340000,"Heartwarming Cute Dog! From Shy to Making New Friends, The Magic of Pogo Stick Friendship! ❤️🐶",害羞狗狗交到新朋友,False,https://www.youtube.com/shorts/B77regUpRoU
狗,救援感人,64396984,3037831,4.72,20,2023-02-12,Dylan Anderson,14700000,This dog saved a baby’s life ❤️👏,這隻狗救了寶寶一命,False,https://www.youtube.com/shorts/lpjjOqG03g4
狗,搞笑意外,64386363,2540169,3.95,16,2023-06-14,Agirlandadoodle,4000000,He won’t find it otherwise 🥲 #dog #goldendoodle,不這樣做他根本找不到,False,https://www.youtube.com/shorts/xnNcQ3biTI0
狗,其他,64257969,351015,0.55,15,2025-07-20,Arslan khan_007,8880000,Commando par dog ka attack #pakarmyzindabad #indianarmy #indianmilitary #army #militaryeverything,軍犬撲向突擊隊員,False,https://www.youtube.com/shorts/kBqLsugKWpo
狗,救援感人,64173008,470561,0.73,10,2025-07-26,SnapBrick Pets,986000,I’m sorry I couldn’t save you in time baby…😭💔#puppy #doggielife #dogs #doglove #fyp,對不起，沒能及時救你,True,https://www.youtube.com/shorts/Zx9W-LPTHLU
狗,搞笑意外,62378362,1567600,2.51,60,2025-06-20,Adria and Oatmeal,2350000,he looks like the toughest kid in swim club #PoolTime #waterwings #funnydog,狗戴浮臂像泳隊小霸王,False,https://www.youtube.com/shorts/Ky0XcJxkMq4
狗,可愛日常,61566419,395922,0.64,10,2025-10-14,KEP GHAK ART,127000,Cutest Baby and Puppy,寶寶與小狗的最萌同框,True,https://www.youtube.com/shorts/MOvaDu3PSQg
狗,可愛日常,60975479,1947829,3.19,60,2024-10-10,The Husky Fam,2200000,Morning Routine On My Mini Farm! @openfarmpet #openfarmpartner,迷你農場的早晨日常,False,https://www.youtube.com/shorts/lflQ8u3dANE
狗,搞笑意外,60886612,1923379,3.16,17,2021-12-20,Hammy and Olivia,6910000,Dog Thinks He’s a POTATO! #fail #cute,這隻狗以為自己是馬鈴薯,False,https://www.youtube.com/shorts/nbLNaXOF12Y
狗,搞笑意外,60499091,3076601,5.09,57,2023-01-05,Relax My Dog - Relaxing Music for Dogs,2040000,Funniest thing you’ll see today 😆 the last one though…,今天最好笑的一幕，最後那個,False,https://www.youtube.com/shorts/QOM_uUH75r4
狗,寵物與人互動,60453528,2285565,3.78,61,2024-03-24,MASSI_e_MINO,884000,Mino e Sophie ❤️🥰.       #animal #dog #love #baby #bebe #dogs #americanbaby,狗狗和寶寶的黏膩互動,False,https://www.youtube.com/shorts/l0Y6zkweDyk
狗,寵物與人互動,59761111,982536,1.64,11,2023-11-07,Localish,2180000,Dog protects baby from bath,狗狗擋著不讓寶寶洗澡,False,https://www.youtube.com/shorts/u-FfodbVniY
狗,救援感人,59024093,136854,0.23,10,2025-10-16,Witness History,37700,Dog saved baby 👶 #dog #mother  #vuralvideo #village #youtubeshorts,狗狗救了那個嬰兒,False,https://www.youtube.com/shorts/PJfsE9hXFXY
狗,搞笑意外,57903595,333949,0.58,15,2026-07-04,Rendi goodboy,3160000,Dog Chases a Squirrel... But This Escape Is Unbelievable! 🐿️🐶 #trending #animals #wildlife #shorts,狗追松鼠，逃生方式太扯,False,https://www.youtube.com/shorts/01g5rWfBWiw
狗,可愛日常,57744062,213215,0.37,6,2025-03-02,Shantanu Ki Masti,14400000,chips surprise cute Dog 🐕 puppy  #shorts,用洋芋片給狗狗驚喜,False,https://www.youtube.com/shorts/JAa42P-KH7Q
狗,救援感人,57303692,307268,0.54,15,2025-06-05,Pouty Frenchie,1340000,Dog's Little Heroic Act: Biggest Lollipop for the Brightest Smile! 😢➡️😊 #shorts #cute #dog,狗狗送出最大的那根棒棒糖,False,https://www.youtube.com/shorts/I4gRN_Yc4Ug
狗,搞笑意外,57077433,281477,0.49,14,2025-06-09,Demariki,11800000,Smart Dog 🛩🤣 #demariki,聰明狗狗的神奇操作,False,https://www.youtube.com/shorts/rrFT83xk4F4
狗,救援感人,56761843,330091,0.58,12,2025-10-14,Dog lover god,1410000,So sad😭😇🐕#labrador #shorts #dogbreed #short#dog,拉布拉多的悲傷結局,False,https://www.youtube.com/shorts/rAkcuR3wCHs
狗,搞笑意外,56567259,1040067,1.84,34,2025-08-14,The Johnson Brothers,6480000,POV: What the puppy sees… #theboys #viral #shorts #puppy #aot,用小狗的視角看世界,False,https://www.youtube.com/shorts/7VqYWZhfmUw
狗,可愛日常,56387838,1943828,3.45,10,2024-05-03,Theo & Olaf,106000,Samoyed in the window for sale?! 🥹 #dog #cute #fluffy #doglover,櫥窗裡的薩摩耶要賣嗎,False,https://www.youtube.com/shorts/6o5EFKzyguY
狗,知識科普,55876401,2711256,4.85,29,2025-03-18,Zack D. Films,28000000,The Hero War Dog 😮,這隻戰爭英雄軍犬,True,https://www.youtube.com/shorts/uLBiwIPkp_U
狗,ASMR療癒,55604645,375926,0.68,55,2025-06-12,The Hayeks,3980000,it’s bath time! #puppy #dog #doglife #bathtime #puppy #poodle #asmr #shorts,小貴賓的洗澡時間到了,False,https://www.youtube.com/shorts/XcB7qVvdtLM
狗,搞笑意外,55297538,1189300,2.15,16,2024-02-05,Hugo The Malamute,1380000,Dog sled fail? #dogsofyoutube #funnyanimals,狗拉雪橇失敗現場,False,https://www.youtube.com/shorts/yC7XSqpLL_A
狗,知識科普,55073979,1754813,3.19,32,2026-03-10,Zack D. Films,28000000,What Happens When A Military Dog Breaks A Tooth 🤔,軍犬斷了一顆牙會怎樣,True,https://www.youtube.com/shorts/mZ5NaDqTDs0
狗,搞笑意外,54815125,,,11,2025-10-05,UtkaRsaN,33400,कुत्ते की आइसक्रीम पार्टी 🎉🐶 || #ai #cat #funny #animation #india #gamtng #shortsfeed #shorts,狗狗開起冰淇淋派對,True,https://www.youtube.com/shorts/WnxeEkDzhSM
狗,搞笑意外,54297049,1105711,2.04,60,2026-06-25,FluffyFailsDaily,63700,A Dog Tail Has Its Own Personality #viral #funny #animallife #dog #doglife,狗尾巴自己有個性,False,https://www.youtube.com/shorts/rYA9gVnMQvs
狗,寵物與人互動,54284241,709432,1.31,52,2025-09-03,Justice Buys,2110000,10 Things I Bought My DOGS #shorts #justicebuys #products,我幫狗買了十樣東西,False,https://www.youtube.com/shorts/7xGBgbBWBHs
狗,寵物與人互動,54156355,2563959,4.73,41,2021-08-18,Brodie That Dood,5550000,Puppy Paintings #shorts,狗狗親自動爪作畫,False,https://www.youtube.com/shorts/MKZbo6FVelg
狗,挑戰實驗,53613242,882403,1.65,60,2024-01-05,TheEngineeringFamily,6280000,Assistant Builds A Lego Maze to Challenge her Funny Dog Waffles #Dog #FunnyDog,樂高迷宮考驗狗狗,False,https://www.youtube.com/shorts/F0gcBkfq2Mc
狗,音樂舞蹈,53272745,628975,1.18,61,2026-07-31,猎魔女团核心猎手,291000,请大家记住这只小狗的名字“芒果”#shorts #k-pop #WitchHunters,請記住這隻小狗的名字,False,https://www.youtube.com/shorts/_e6S__sVjfA
狗,可愛日常,53125559,2767864,5.21,13,2023-10-27,Dylan Anderson,14700000,The greatest surprise at a red light ❤️,等紅燈時遇到最棒驚喜,False,https://www.youtube.com/shorts/lw4X1vDlH1M
狗,搞笑意外,53020026,,,6,2023-08-31,Animals Fun,133000,Angry And Cute Dog 🐶❤️ #shorts #dog #short,又兇又萌的反差狗狗,False,https://www.youtube.com/shorts/WIKZ79fFScE
狗,搞笑意外,52785065,255547,0.48,11,2026-04-24,benjamin feres,603000,一隻好學的小狗😂 #萌寵運動員,小狗認真學動作超好笑,False,https://www.youtube.com/shorts/U6Vw9nhB1c8
狗,搞笑意外,52754821,1107292,2.1,18,2021-02-13,Harpreet SDC,12800000,Bhago Bunny ka Bhaiya Brody aa Gya 😂 Funny Dog Short Video | Harpreet SDC,快跑！兔兔的狗哥來了,False,https://www.youtube.com/shorts/fLa27B_Vfgk
狗,搞笑意外,52559662,2062977,3.93,38,2022-02-04,Aymie and family,2860000,Now will I ever get it back? #penny,被牠叼走還拿得回來嗎,False,https://www.youtube.com/shorts/JjdqlglRxrU
狗,搞笑意外,51358561,1448770,2.82,10,2023-12-14,Noodle and Bun,3340000,Dogs will eat anything,狗真的什麼都敢吃,False,https://www.youtube.com/shorts/sshC387FhCw
狗,搞笑意外,51239440,579194,1.13,16,2023-05-24,翠花的故事,1820000,都是狗子怎么区别对待呢😠 #动物图鉴 #这操作都看傻了,同樣是狗待遇差這麼多,False,https://www.youtube.com/shorts/o_eUpxvowRk
狗,搞笑意外,50850425,490922,0.97,13,2026-04-02,benjamin feres,603000,罵得挺難聽的😂 #動物的迷惑行為 #這狗成精了看一遍笑一遍 #動物搞笑,這隻狗罵人罵得超難聽,False,https://www.youtube.com/shorts/E0dGih5ufM0
狗,寵物與人互動,50509795,388696,0.77,27,2024-12-05,Riley the Golden Retriever,438000,The sound of our son growing up with golden retrievers ❤️ #toddler #goldenretriever,兒子在黃金獵犬陪伴下長大,False,https://www.youtube.com/shorts/ZU6QUVzxkdM
狗,搞笑意外,50216213,1137235,2.26,56,2023-08-23,Anant Rastogi,19000000,My dog’s reaction on remote control car😂 #shorts #minivlog | Anant rastogi,狗看到遙控車的反應,False,https://www.youtube.com/shorts/7GdeJ6_pjng
貓狗同框,教學DIY,493207252,,,33,2025-09-29,Siuu Factory,2840000,Mi primer paseo en el increíble coche de cartón con mi perrito y gatita🤯 #shorts #ytshorts,紙箱做車載貓狗兜風,False,https://www.youtube.com/shorts/AMxdmxljTyI
貓狗同框,音樂舞蹈,183281495,824286,0.45,9,2025-06-03,MTC Animal World,3510000,Viral Cats and Dogs Dance 🐕🐈 #cat #dog #puppy #dogdance #puppydance #catdance,貓狗一起尬舞太魔性,True,https://www.youtube.com/shorts/e1nUnkDS80Y
貓狗同框,搞笑意外,150446581,371638,0.25,11,2025-10-17,popping_cat,131000,Max! What have you done? #cute #funny #pets #dog #cat #cat #funny #cute #animals #cat #dog #Max #Mia,Max 你到底闖了什麼禍,False,https://www.youtube.com/shorts/6Zas6BBFk7w
貓狗同框,救援感人,94656857,1314956,1.39,18,2024-08-20,Fabiosa Best Lifehacks,25800000,Incredible Dog Rescues Kittens from Bus - Inspiring Story #shorts,狗狗從巴士救出小貓,False,https://www.youtube.com/shorts/wuqF9vll6Cg
貓狗同框,搞笑意外,76926765,454501,0.59,26,2025-05-19,Natkhat Maha,21200000,Dog & cat funny video,貓和狗的爆笑互動,False,https://www.youtube.com/shorts/VnDFcx1zesE
貓狗同框,搞笑意外,62919763,2288001,3.64,59,2024-05-12,Pets Universe,649000,#35 Funniest Cats And Dogs videos 🐶🐱 #funny #animals #cuteanimals,貓狗爆笑合輯第 35 彈,False,https://www.youtube.com/shorts/BKocnHls9XI
貓狗同框,搞笑意外,57966267,303661,0.52,8,2025-10-06,Mufasa,35900,Billi😼Pitbull🐕Chasing Chuha🐁,貓和比特犬聯手追老鼠,False,https://www.youtube.com/shorts/Fbu1YoVxuzA
猴子,可愛日常,237187077,1018472,0.43,6,2025-05-31,Bomlolo Monkey ,630000,Cute monkey's laugh is everything! 🐵❤️,小猴子的笑聲太療癒,False,https://www.youtube.com/shorts/gf0rDw226VY
猴子,寵物與人互動,236812855,967367,0.41,7,2025-04-06,Divyansh Aur Langur Ki Yaari,587000,Patri kamarya more part1 series10 🖖🖖🤘 #hanuman #divyanshaurlangurkiyaari #monkey,男孩與野猴的兄弟情,False,https://www.youtube.com/shorts/tvORctA3IwY
猴子,搞笑意外,231065381,1257686,0.54,9,2024-08-10,prettysiya1M,506000,Funny Monkey viral video..🤣🤣🤣  #funny #comedy #trending #viral #shorts,這隻猴子笑死人不償命,False,https://www.youtube.com/shorts/kqQaME_vOsg
猴子,搞笑意外,215474687,1092296,0.51,8,2025-07-29,Fun Factory 07,236000,Monkey makeup 🐵💄#viralvideo #funny #shorts #makeup,猴子化妝畫出驚人成果,False,https://www.youtube.com/shorts/NwHBHRGrQLA
猴子,搞笑意外,187585683,806859,0.43,5,2025-05-20,Puga Gaga,487000,Baby Monkey Tastes a Lollipop… Then Bursts Into Laughter! 🍭😂,小猴第一次吃棒棒糖狂笑,False,https://www.youtube.com/shorts/dvYypoec4e0
猴子,搞笑意外,179341832,3011471,1.68,39,2024-04-09,Me & My Bro Monkey,2470000,Monkey and CHILL lifeguard🤣,猴子當救生員超級擺爛,False,https://www.youtube.com/shorts/qFRTtt-CBiI
猴子,可愛日常,177684785,693512,0.39,7,2025-03-03,Monkey BoBo🐵,166000,Bibi monkey,小猴 Bibi 的日常太可愛,False,https://www.youtube.com/shorts/Z1gxS3Ac4q0
猴子,音樂舞蹈,172104960,643639,0.37,4,2025-07-31,Fact With Johi,1900000,#monkey #babydance #cutebaby #funnyanimals #trending #dancevideo #funnyvideo #viraldance #857,小猴子跟著音樂尬舞,False,https://www.youtube.com/shorts/MFOzJphvc3g
猴子,搞笑意外,166314195,1502938,0.9,61,2025-09-10,FluffyFriendsTV,167000,Tax avoidance gorilla #funny #gorilla #monkey,大猩猩也懂逃稅,False,https://www.youtube.com/shorts/zMleQWuW-_c
猴子,搞笑意外,148356891,769581,0.52,8,2023-10-16,baby official Mom,126000,bandar mama#dawat #bandarmama #banadar #monkey,猴子舅舅上門作客,False,https://www.youtube.com/shorts/quotPksdpnc
猴子,搞笑意外,118593979,506220,0.43,11,2025-04-20,SULTANGANJ KA SHIV MANDIR ,73700,Two monkey 🐒 public comedy 😁😉 Hanuman 🙏 #trending #shortvideo,兩隻猴子街頭爆笑,False,https://www.youtube.com/shorts/crG0DmXL1UM
猴子,音樂舞蹈,117307233,,,11,2024-09-20,SMART FACT,194000,Bandar bandariya ka Nach gana #monkey #funny #comedy #cute #animals,猴子夫妻載歌載舞,False,https://www.youtube.com/shorts/7CBAsUKW2AU
猴子,可愛日常,95453771,456975,0.48,10,2025-05-19,Mario Monkey,140000,Drink milk #trending #monkey #youtubeshorts #pets #shorts #viralreels #funny #cute #tiktok #video,小猴子抱奶瓶喝奶,False,https://www.youtube.com/shorts/8AjLZn4OCz8
猴子,搞笑意外,92385408,437818,0.47,9,2025-10-07,LD crazy,123000,Bandar Dhol baja ta hai 🤣|| monkey funny video 🤣|| #ldcrazy #funny #comedy #trending #monkey #shorts,猴子搶著打鼓超搞笑,False,https://www.youtube.com/shorts/ECJfpfv55mc
猴子,搞笑意外,90851529,466825,0.51,12,2024-12-20,Vrindavan daily Vlogs ,66900,बंदर मामा शादी में आ गए | monkey man,猴子舅舅來參加婚禮了,False,https://www.youtube.com/shorts/Ah60xShX90s
猴子,搞笑意外,87876017,359524,0.41,5,2024-06-23,Abhishek 1m,99600,Bandar mama pahan pajama 💥😘💥💥😘💥😃#funny monkey,猴子穿睡衣的滑稽模樣,False,https://www.youtube.com/shorts/3iuiGTsh5uo
猴子,知識科普,81880051,3857442,4.71,30,2024-07-11,Zack D. Films,28000000,Monkey Head Transplant 🐒 (explained),猴子換頭手術真的做過,True,https://www.youtube.com/shorts/blIpTvoClzo
猴子,搞笑意外,81783800,589440,0.72,17,2024-12-29,Minsa Saim Omer,11400000,monkey  or saim school chale gye #animals #comedy #shorts #short #viralvideo #monkey,猴子跟著小孩上學去,False,https://www.youtube.com/shorts/n5tjuPVZ-yE
猴子,可愛日常,75426954,,,7,2025-06-09,Funny Club TV,11400000,baby monkey in the car 🚗,小猴子坐車出門,False,https://www.youtube.com/shorts/G7n-_yI7HTs
猴子,搞笑意外,72637098,896586,1.23,5,2023-05-19,ms animal shorts 1391,210000,monkey short video monkey very nice seen monkey funny videos #viral #subscribe,猴子的搞笑一幕,False,https://www.youtube.com/shorts/TEyMryt7Lfg
猴子,劇情反轉,69914433,740695,1.06,57,2025-10-29,Bandar bhaii,113000,The monkey along with the dog brought a big tortoise for his mother.#ai #shorts @sirffai #monkey,猴子和狗抬巨龜回家給媽媽,True,https://www.youtube.com/shorts/SmzDVtCrsRE
猴子,寵物與人互動,69733882,268539,0.39,6,2025-06-15,MADKILLERISLIVE ,45400,cycle ride for monkey baby and enjoy Matka kulfi #viral #funny #cute #monkey #monkey #babymonkey .,小猴子坐腳踏車還吃冰,False,https://www.youtube.com/shorts/r3DAVIuWsNI
猴子,寵物與人互動,65829528,378506,0.57,6,2024-09-06,Taraksh Sharma,5300000,Taraksh ne Monkey ko Khilaya Banana 🐒🍌,小男孩餵猴子吃香蕉,False,https://www.youtube.com/shorts/t6CAJ5EbtV8
猴子,知識科普,65760249,3351533,5.1,35,2023-05-15,Dylan Anderson,14700000,The smartest orangutan ever 👏,史上最聰明的紅毛猩猩,False,https://www.youtube.com/shorts/rn9Uu7K-fgc
猴子,可愛日常,63864460,258035,0.4,5,2025-05-09,BOoMLELOo,114000,monkey eating banana 🍌,猴子專心吃香蕉,False,https://www.youtube.com/shorts/edW-rGVX9RA
猴子,可愛日常,61126080,,,5,2025-06-08,Funny Club TV,11400000,baby monkey eating gummy eyeballs 😋,小猴子吃眼球軟糖,False,https://www.youtube.com/shorts/B3uv7I066EI
猴子,搞笑意外,58007634,287392,0.5,9,2025-10-02,monkey 🐒 🐈 cat,29400,"""Monkey Driving Tractor & Cat Escapes! 🚜🐒🐈💨",猴子開拖拉機，貓咪落跑,True,https://www.youtube.com/shorts/yOPQk-ySkn4
猴子,搞笑意外,54248602,,,5,2025-06-30,Funny Club TV,11400000,Cute monkey won’t share chocolate cake 😤🍰,小猴死不分享巧克力蛋糕,False,https://www.youtube.com/shorts/oi9FqC5vZac
猴子,救援感人,54009658,,,20,2024-10-16,m_ahmed_b,8000000,Cute monkey Crying 🥲❤️|,小猴子哭了讓人心疼,False,https://www.youtube.com/shorts/I4xfQ6OcO1c
猴子,可愛日常,53207592,901546,1.69,11,2022-11-04,ANIMAL FEEDING 2.8,473000,🚩Jai bajrang 🚩 bali_🙏_🐒.video #trending #monkey,猴子做出神奇的舉動,False,https://www.youtube.com/shorts/jl4AxDY19mM
猴子,搞笑意外,52908340,258708,0.49,14,2025-04-04,Advit & Advay,2500000,Advit ko mila monkey 🙉 Tom & Jerry #shorts #funnyshorts #monkey #advitadvay,小男孩遇上調皮猴子,False,https://www.youtube.com/shorts/dM-eWjfd5Ns
猴子,劇情反轉,52671964,378629,0.72,31,2025-04-24,Virtual world,204000,Grandma and the monkey planted a coconut tree 🌴🥥 tree was destroyed 😭 #ai #monkey #grandmother,奶奶和猴子種的椰子樹毀了,True,https://www.youtube.com/shorts/z5fx1XDS8WI
猴子,音樂舞蹈,52293534,661716,1.27,7,2023-03-23,JeetuFunTec,134000,Monkey & Dog Dance Patli Kamariya #shorts #youtubeshorts #trendingshorts #shortsfeed #shortsvideo,猴子和狗一起尬舞,False,https://www.youtube.com/shorts/FJGGxeeD-xg
猴子,可愛日常,51039023,121571,0.24,12,2025-10-28,D9 PARADISE,63200,Chimpanzee | Singapore Zoo,動物園黑猩猩的驚人舉動,False,https://www.youtube.com/shorts/ZxD92gNQrbQ
猴子,劇情反轉,50843806,238646,0.47,16,2025-08-31,Legends & Lives,240000,Monkey Blames Corgi — But Orange Cat’s Spring Trap Sends Him Flying! 🐒💥🎨  #cutdog #funny #cat,猴子誣賴柯基卻被橘貓彈飛,True,https://www.youtube.com/shorts/0I20YCy55p8
鳥類,挑戰實驗,913279791,8627323,0.94,9,2025-05-31,MrBeast,512000000,Can I Teach a Penguin To Subscribe?,能教企鵝按訂閱嗎,False,https://www.youtube.com/shorts/KCRLP-zBacU
鳥類,救援感人,564378898,5802300,1.03,55,2024-03-22,Toys and Colors,82900000,Flying Free: Eva's Heartfelt Discovery & Friendship Story,女孩撿到小鳥的友情故事,False,https://www.youtube.com/shorts/2tebe3boEvg
鳥類,救援感人,434573650,6001278,1.38,60,2025-09-03,Paws & Hearts,5260000,Save a duck egg  #lovestory #animals #cute #rescue #pets #love#duck #egg #animalfriendshipgoals,救下一顆被拋棄的鴨蛋,False,https://www.youtube.com/shorts/zh5YFWngvn0
鳥類,其他,217219645,1934779,0.89,22,2023-05-29,LCareTV,254000,Man catches parrot in a hole tree,男子從樹洞裡抓出鸚鵡,False,https://www.youtube.com/shorts/JzJLdQfugcI
鳥類,搞笑意外,207558989,2955586,1.42,34,2024-02-18,Bibib Family,5910000,Detective Bibib!🕵️ #funnyanimals #owl #funnyvideo #funny #animals #cute #cuteanimals #owls,貓頭鷹偵探出動辦案,False,https://www.youtube.com/shorts/ESW3oam9eGQ
鳥類,搞笑意外,190291331,3842405,2.02,50,2024-01-16,TooTurntTony,7270000,SHARK ATTACKED MY DUCK! 🦈,鯊魚居然攻擊我的鴨子,False,https://www.youtube.com/shorts/H5e-C8Fu1mE
鳥類,可愛日常,183902187,,,20,2023-01-14,Hicham and Hana Fun and Learning,82900,Hana feedings the ducks 😋🦆 #ducks #dubai #seagull #fivelittleducks #hana,小女孩在杜拜餵鴨子,False,https://www.youtube.com/shorts/sf6-uw-OSfI
鳥類,救援感人,178988530,3978435,2.22,54,2025-09-25,Saturn Edits,2930000,"This woman helped a sick owl, when the owl recovered and was released... #helping #respect #shorts",她救活貓頭鷹，放飛那天…,False,https://www.youtube.com/shorts/aLFUA9pLaSw
鳥類,搞笑意外,173911832,4554955,2.62,60,2025-04-17,SmolWild,938000,Parrot impersonation show 🤣🤣 #funnyshorts #funny #funnyanimals #pets #fyp #foryou #cute #parrot,鸚鵡模仿秀笑到停不下來,False,https://www.youtube.com/shorts/pYuwFS8B6bw
鳥類,知識科普,156282594,3603457,2.31,30,2026-01-05,NeuroVerse,83400,Owls Make No Sound When They Fly,貓頭鷹飛行為何沒聲音,False,https://www.youtube.com/shorts/For0NsnCYDw
鳥類,知識科普,153727035,993630,0.65,18,2025-09-02,nature.science_official,177000,Saqaltay - Vulture #naturelovers #animals #planetearth #zoo #birds #animallife #wildlife #travel,近看禿鷲的震撼真面目,False,https://www.youtube.com/shorts/vqItfWyhB1c
鳥類,搞笑意外,150012846,1758823,1.17,8,2022-03-02,seDUCKtive,3320000,Running Duck (outline trend tiktok),跑步鴨子的爆紅特效,False,https://www.youtube.com/shorts/F61CsYgKV5w
鳥類,教學DIY,148555214,1316015,0.89,5,2024-09-09,Trap Post,1350000,Unique Creativity Parrot Trap #shorts,手工自製鸚鵡陷阱,False,https://www.youtube.com/shorts/nl18yh3e_QQ
鳥類,搞笑意外,147650254,1994214,1.35,9,2024-07-06,Packy Films,4030000,When phone is at 1% 😩 #humor #babyduck #shorts,手機剩 1% 電的絕望,True,https://www.youtube.com/shorts/HrXvnINcdPc
鳥類,可愛日常,142049281,1643069,1.16,11,2022-01-25,Mithu,371000,ye mithu talking parrot cute ❤️,會講話的鸚鵡太可愛,False,https://www.youtube.com/shorts/N0sEj6Dn2tA
鳥類,搞笑意外,137833829,182776,0.13,5,2025-07-26,Villagegear,6230000,The DUCK LORD has Arrived! 👑Feeding His Quacking Army! #ducks #funnyanimals #farminglife #omg #epic,鴨子大王率軍搶食,False,https://www.youtube.com/shorts/iCilYB7lhRc
鳥類,救援感人,132182251,2033972,1.54,60,2025-05-07,FADY Fily,7340000,This man rescued the poor abandoned baby parrots and then this happened,他救起被棄養的鸚鵡寶寶,False,https://www.youtube.com/shorts/85yoo4q22Ng
鳥類,搞笑意外,129702727,920589,0.71,34,2026-05-11,Capybluh,3040000,noob vs gugugaga penguin,菜鳥對決咕嚕嘎嘎企鵝,True,https://www.youtube.com/shorts/0b0fDJIyzNU
鳥類,可愛日常,128889804,2083594,1.62,51,2025-03-10,Miller,192000,Those penguins are so cute! #edit #mrpopperspenguins,這群企鵝也太可愛,False,https://www.youtube.com/shorts/bXAPc3_BAeQ
鳥類,可愛日常,128148616,1230991,0.96,10,2024-07-02,Packy Films,4030000,Kindness Behavior Of Baby Duck (Animation Memes) #animation #shots #memes,小鴨暖心的善良舉動,True,https://www.youtube.com/shorts/vECjp_TNlrA
鳥類,搞笑意外,126530965,2982736,2.36,15,2023-04-25,Dusty Douglas,5150000,"🦜🤸‍♀️ 🎥: pus_pupusya (IG), #shorts",鸚鵡表演高難度體操,False,https://www.youtube.com/shorts/RpQlHrgoRjo
鳥類,寵物與人互動,125374434,871487,0.7,15,2025-10-04,Kennyslowbird,,My parrot BEHIND THE SCENES #parrot #parrots #bike #bts #bmx #bikelife #pets #cycling #cyclist #meme,鸚鵡騎車影片的幕後,False,https://www.youtube.com/shorts/QNZQCrkpf5Q
鳥類,救援感人,123877593,4005064,3.23,60,2024-12-13,AnimalLove Stories,10200000,The man found an owl inside his house and then...,男子在家中發現貓頭鷹,False,https://www.youtube.com/shorts/EBoQoI7OfPI
鳥類,寵物與人互動,118817885,4308413,3.63,52,2022-05-27,Lexi Hensler,5390000,I bought a duck.,我買了一隻鴨子,False,https://www.youtube.com/shorts/KiNRDtqguvM
鳥類,可愛日常,112724320,3308633,2.94,29,2024-12-09,Moody Gardens,108000,Marley the Penguin Making Art with Janie,企鵝和人一起作畫,False,https://www.youtube.com/shorts/K4cn6OYG6NY
鳥類,可愛日常,107929035,528420,0.49,5,2025-07-06,wildlife sanju,348000,amazing talking parrot 🦜 mithu 🍏💚🦜 #parrot #talkingparot #petbird #nonstoptalkingparrot #shortvideo,會說話的鸚鵡米圖,False,https://www.youtube.com/shorts/ry-3yHs52QY
鳥類,寵物與人互動,102810754,1760454,1.71,24,2023-05-29,The Churco Family,5230000,WE GOT DUCKS,我們家有鴨子了,False,https://www.youtube.com/shorts/jjaBP3NFppI
鳥類,可愛日常,100519387,1292186,1.29,10,2022-08-29,seDUCKtive,3320000,"Quack, quack (cute duck)",呱呱叫的可愛鴨子,False,https://www.youtube.com/shorts/54-8Ti_9qFg
鳥類,搞笑意外,100367348,375669,0.37,5,2025-06-03,wildlife sanju,348000,talking parrot felling angry 👿😡😡 #parrot #talkingparot #funny #nonstoptalkingparrot #talkingbird,鸚鵡發火開罵,False,https://www.youtube.com/shorts/-cVux5lZh-g
鳥類,搞笑意外,99249654,1082134,1.09,12,2024-06-30,Packy Films,4030000,When you left your door open! 😱 #shorts #funny #duck,門沒關牠就進來了,False,https://www.youtube.com/shorts/kDGEKGJIWNM
鳥類,搞笑意外,98723330,1058309,1.07,33,2026-01-12,KTzz Editz,3250000,Other owls vs Last one 💀,別的貓頭鷹和最後一隻,False,https://www.youtube.com/shorts/icdi7-XlWzQ
鳥類,救援感人,98454839,1193225,1.21,60,2025-06-16,Paws & Hearts,5260000,Beautiful ostrich hatching #wildliferescue #animals #ostrich #rescue #lovestory #love #birds  #cute,鴕鳥蛋破殼而出的瞬間,True,https://www.youtube.com/shorts/P6BdX0mErN8
鳥類,可愛日常,97417596,387083,0.4,17,2025-09-24,cute duck Lele,643000,The little duck didn’t buy crispy noodles just to eat them dry? Check out its creative way of eating,小鴨吃泡麵的創意吃法,False,https://www.youtube.com/shorts/hHxxbFGLlAQ
鳥類,寵物與人互動,93864632,2332247,2.48,45,2024-06-08,Bibib Family,5910000,Hadiah untuk Bimbim part 1‼️🎁🦉#cute #funnyvideo #owls #videolucu #funny #animals,送禮物給貓頭鷹的反應,False,https://www.youtube.com/shorts/NlI_QH6N_Lo
鳥類,寵物與人互動,92982180,2850842,3.07,35,2023-06-27,Bibib Family,5910000,Hadiah untuk Bibib Part 1 #burunghantu #owl #animal #funny #funnyanimal,貓頭鷹收到禮物的反應,False,https://www.youtube.com/shorts/gvd1VpgszHc
鳥類,知識科普,89734907,1143412,1.27,45,2025-06-04,Unique Sphere ,798000,Falcon’s Fight Owl’s Revenge,獵鷹挑釁後貓頭鷹反擊,False,https://www.youtube.com/shorts/AvHkBODOxmQ
鳥類,可愛日常,85797851,764863,0.89,8,2023-02-20,Parrot Media,586000,Parrot Calling Mithu Mithu,鸚鵡一直喊米圖米圖,False,https://www.youtube.com/shorts/5ZDcMROXPcQ
鳥類,搞笑意外,84828795,2348996,2.77,15,2024-07-04,Naomi Kyra,730000,Boy Uses Parrot for Tooth Extraction!,男孩讓鸚鵡幫他拔牙,False,https://www.youtube.com/shorts/G1CGEWs21Qc
鳥類,知識科普,84782595,2964257,3.5,25,2023-05-11,Natural Habitat Shorts,6190000,Owls typically feed their strongest babies first. (In reality though it’s usually the older chicks),貓頭鷹只餵最強的幼鳥,False,https://www.youtube.com/shorts/NDkF47oakuY
鳥類,知識科普,82243252,1563573,1.9,54,2026-04-25,Fact Sky Shorts ,1690000,Things Call Ducks Won’t Tell You 🦆🤫 (Part 2),呼叫鴨不會告訴你的事,False,https://www.youtube.com/shorts/fihzP1CviIs
鳥類,可愛日常,81548397,406033,0.5,22,2026-07-04,Pets Baithak,224000,Baby Parrot Ko Dadi Lene Agai😱 #babyparrot #parrot #chicks  #pets #shorts,奶奶來接小鸚鵡回家,False,https://www.youtube.com/shorts/TYieHzCP8OE
鳥類,搞笑意外,80545689,195068,0.24,5,2025-07-08,Muhamad Yansen,84100,OMG!😱😳 Duck So Angry When I grabbed 👉🐵🌴My Brr Brr Patapim😫#duck #shorts #funny,搶走玩具鴨子當場暴走,False,https://www.youtube.com/shorts/zrkIfhWEL_E
鳥類,ASMR療癒,77808946,410081,0.53,5,2023-05-26,Parrot Ecstasy,173000,Parrot Calling Sound#1#shorts #parrot,鸚鵡的呼喚聲,False,https://www.youtube.com/shorts/NAk7f2QfBnk
鳥類,可愛日常,77167332,2822433,3.66,56,2023-09-22,TooTurntTony,7270000,MEET MY NEW BABY DUCK 🫶🐥,介紹我的新寵物小鴨,False,https://www.youtube.com/shorts/mEo36Uv7Rdw
鳥類,搞笑意外,76593506,2692460,3.52,61,2022-12-01,Ozzy Man Reviews,6310000,Release the Owls! Ozzy Man Quickies,放飛貓頭鷹的爆笑現場,False,https://www.youtube.com/shorts/SOUF1uaIHUs
鳥類,知識科普,76346953,1446566,1.89,12,2025-07-31,THE GREEN LENS,45800,Owl Turning it's head 270 degrees,貓頭鷹的頭能轉270度,False,https://www.youtube.com/shorts/aqhrkUZkK-c
鳥類,搞笑意外,76137747,914681,1.2,26,2024-03-06,Bibib Family,5910000,Ouch!! But Bibib save my life!! #animals #funnyvideo #cute #funny #owl #pets #cuteanimals #funnypets,貓頭鷹出手救了我,False,https://www.youtube.com/shorts/qIMkwXS7__c
鳥類,搞笑意外,76053438,996700,1.31,15,2024-09-23,Packy Films,4030000,Ways to end a friendship 😤🃏 #humor #babyduck #UNOcards,玩UNO玩到友盡,False,https://www.youtube.com/shorts/ni8BtYAo7uY
鳥類,搞笑意外,75492582,1646341,2.18,47,2025-07-09,Loverkitten6,83000,Part 12:Don't underestimate the jealousy of parrots😂  #fyp #pet #foryou#bird  #funnyparrot#parrot,別小看鸚鵡的吃醋功力,False,https://www.youtube.com/shorts/PF_i5PX_tEk
鳥類,救援感人,74300046,857162,1.15,59,2025-05-13,Wild Animals Love,698000,"girl saves parrot from difficult birth, and then #parrot #animals #shorts",女孩救下難產的鸚鵡,False,https://www.youtube.com/shorts/IZmoVd9nepM
鳥類,可愛日常,72236384,313015,0.43,20,2026-06-22,Pets Baithak,224000,Baby Parrot Ko Dada Jee Lene Agaye😱 #babyparrot #parrot #chicks  #pets #shorts,爺爺來接小鸚鵡回家,False,https://www.youtube.com/shorts/ytcKsBsR49c
鳥類,搞笑意外,70720337,765489,1.08,37,2025-02-09,Bibib Family,5910000,Ssshh!!🤫 Jangan beritahu Bibib!👌😌 #owl #funnyanimals #funnyvideo #cute #pets #funnypets,噓，別告訴貓頭鷹,False,https://www.youtube.com/shorts/2fm3CMgFAFE
鳥類,救援感人,69594894,121763,0.17,10,2025-06-04,SNA CREATOR  ,70100,A disabled duckling helps his cat friend 🐥 #DuckRescue #CuteAnimal #AnimalRescue,殘疾小鴨出手幫貓朋友,True,https://www.youtube.com/shorts/DuOIrQFrD8s
鳥類,搞笑意外,67032024,544884,0.81,6,2024-10-25,AanyaVeena,373000,cute toucan 🦤💞 & monkey 🐒 funny 🤣#funnyvideos #toucan #monkey #viral #video #funny #cute #shorts,大嘴鳥和猴子的爆笑互動,False,https://www.youtube.com/shorts/kRiU0Z52pRc
鳥類,寵物與人互動,64993986,255049,0.39,22,2026-06-15,Pets Baithak,224000,Baby Parrot Ko Lene Agaye😱🦜 #babyparrot #parrot #birds #pets #shorts,出發去接小鸚鵡回家,False,https://www.youtube.com/shorts/JukF6mGFjmc
鳥類,知識科普,64306002,1044304,1.62,35,2023-08-17,Bibib Family,5910000,Kaki burunghantu bisa sepanjang ini?? #burunghantu #owl #animal #animalfunny #funny #funnyanimal,貓頭鷹的腿竟然這麼長,False,https://www.youtube.com/shorts/eMXo_ccxwO8
鳥類,音樂舞蹈,63760381,678197,1.06,13,2024-11-16,Mocki Show,233000,Funniest Parrot Moments Synced to Viral Music #birds #funny #pets #parrot,鸚鵡卡點神同步爆紅神曲,False,https://www.youtube.com/shorts/CvKu2OSvncs
鳥類,劇情反轉,63060437,329327,0.52,19,2025-06-17,Ak Ultra,18800000,AU 🦆 Gold Coins Duck 😁|,會吐金幣的神奇鴨子,True,https://www.youtube.com/shorts/RwXnrX4FgPw
鳥類,挑戰實驗,62995339,286230,0.45,26,2026-02-16,Bibib Family,5910000,Tes Kesetiaan Burunghantu Bibib!💔😅 #funny #cuteanimals #cute #animals #pets #cat #owl,測試貓頭鷹到底忠不忠心,False,https://www.youtube.com/shorts/mPv0TnSCmHQ
鳥類,知識科普,62533877,1333344,2.13,112,2025-05-26,Curiousworld,426000,Owl vs peregrine falcon#animals #wildlife #fyp,貓頭鷹對決遊隼誰更強,False,https://www.youtube.com/shorts/pQyV1C4z1tU
鳥類,知識科普,61112686,736008,1.2,18,2025-10-20,Rendi goodboy,3160000,"Daytime Victim, Nighttime Predator — The Owl’s True Power 🌙🦉 #trending #animals #wildlife #owl",白天被欺負，夜晚變獵手,False,https://www.youtube.com/shorts/wbWx_o3Q9MM
鳥類,知識科普,60859232,1216259,2.0,28,2025-07-23,Zack D. Films,28000000,How To Spin Your Head Like An Owl 😳,教你像貓頭鷹一樣轉頭,True,https://www.youtube.com/shorts/MAMrIt8QNto
鳥類,搞笑意外,60806282,896215,1.47,34,2025-04-16,Hublot Baggins,6430000,This Parrot Talks with an AI 😳 #shorts,鸚鵡跟 AI 聊起天來,False,https://www.youtube.com/shorts/AyIXKYIpT1M
鳥類,知識科普,60484817,1570685,2.6,39,2025-09-22,Sam Scott,287000,What Happens If You Pet a Penguin?,摸企鵝會發生什麼事？,False,https://www.youtube.com/shorts/q17yrK0KRM8
鳥類,搞笑意外,60470872,1518271,2.51,11,2023-04-12,CRAZY GREAPA,29100000,Penguins of Madagascar #funny #tiktok,現實版馬達加斯加企鵝,False,https://www.youtube.com/shorts/hxd7vlJNHGo
鳥類,可愛日常,58973530,275211,0.47,4,2025-05-16,wildlife sanju,348000,mummy papa talking parrot 🦜🦜🦜🌿🌿 #parrot #petbird #nonstoptalkingparrot #talkingbird #talkingparot,鸚鵡一直喊爸爸媽媽,False,https://www.youtube.com/shorts/RlTCf4pFEIg
鳥類,搞笑意外,58949650,286354,0.49,32,2025-10-28,Bibib Family,5910000,Bimbim Mimpi Buruk!😱😨🦉#owl #funny #funnyanimal #animals #cute #cuteanimals #pets#cat,貓頭鷹好像做惡夢了,False,https://www.youtube.com/shorts/W5MJSui9KV0
鳥類,可愛日常,58756704,437513,0.74,15,2025-08-28,Happy parrots,290000,This parrot knows to go poop and wash its face in the morning. #parrots #birds #pets #animals,鸚鵡早上自己上廁所洗臉,False,https://www.youtube.com/shorts/HHC-OTj7St8
鳥類,救援感人,57255931,1027339,1.79,60,2025-08-03,Animal Hustle,1250000,Rescue Hawk Cub #animals #wildliferescue #lovestory #rescue #wildlife #animalrescue#birds #hawk,救回一隻落單的小鷹,False,https://www.youtube.com/shorts/Ijd6fYqctpY
鳥類,搞笑意外,57061083,368535,0.65,8,2023-03-02,Zeetool Presents,63700,Cute Parrot funny video,鸚鵡的爆笑反應,False,https://www.youtube.com/shorts/uaJdrikoSfs
鳥類,救援感人,56408745,465819,0.83,60,2025-04-20,AnimalLove Stories,10200000,A kind family rescued a baby bird fallen outside their window,一家人救了窗外墜落的雛鳥,False,https://www.youtube.com/shorts/x6Tk25W_iaA
鳥類,救援感人,55650416,299949,0.54,35,2025-10-03,Rosniyara,230000,Duck Saved Life 🦆 Heart Touching ❤️#shorts #emotional,鴨子救了一條命,False,https://www.youtube.com/shorts/PUyZuP7m0Vs
鳥類,可愛日常,55617881,261645,0.47,28,2026-02-21,Bibib Family,5910000,Bulu Burunghantu selebat ini ya?!🦉🙄 #owl #funny #cute #cat #animals #pets #funnyvideos #pets,貓頭鷹的毛竟然這麼蓬,False,https://www.youtube.com/shorts/8HObelgKLog
鳥類,可愛日常,54611818,,,22,2025-07-25,Goalisting,1970000,This Girl Got a Baby Chick From the Zoo 🐥❤️,女孩從動物園帶回小雞,False,https://www.youtube.com/shorts/_Wy5Id1d5OY
鳥類,可愛日常,54484856,252074,0.46,26,2026-04-23,Pets lover ,339000,Mini parrot ko Kia hoa #youtubeshorts,這隻迷你鸚鵡怎麼了,False,https://www.youtube.com/shorts/zxMvyhGARhU
鳥類,搞笑意外,54172762,,,18,2025-08-22,Factology ,325000,Duck race 🦆 #shorts,鴨子賽跑開跑了,False,https://www.youtube.com/shorts/9DvCH4A7g4M
鳥類,可愛日常,53336747,1030411,1.93,15,2025-08-21,ViralHog,30200000,Barn Owl Rests on Sea-Goer's Straw Hat || ViralHog,貓頭鷹停在遊客草帽上,False,https://www.youtube.com/shorts/oaaqD78ETnM
鳥類,其他,52995137,1616265,3.05,14,2025-03-05,Rendi goodboy,3160000,owl vs Falcon #trending #animals #wildlife #birds #falcon #owl #fight #shorts #short #youtubeshorts,貓頭鷹對上獵鷹誰會贏,False,https://www.youtube.com/shorts/R0f-Aw_MSaE
鳥類,救援感人,52751196,2289961,4.34,27,2025-04-07,Zack D. Films,28000000,Rescued Penguin Returns Every Year ☺️,被救的企鵝每年都回來,True,https://www.youtube.com/shorts/ZydlOyhog14
鳥類,教學DIY,52510574,1394741,2.66,25,2023-07-29,Kitchen Garden,609000,How to attract Parrots to your balcony #shorts #viralvideo,這樣做鸚鵡就飛來陽台,False,https://www.youtube.com/shorts/uyZHq_mieIc
鳥類,搞笑意外,51375921,1779942,3.46,48,2018-07-13,Cindy Lu McMorrough,184000,Injured owl vs cat,受傷貓頭鷹對上家貓,False,https://www.youtube.com/shorts/BZ1_l8iiDqg
鳥類,救援感人,51110105,1277433,2.5,60,2025-07-02,FADY Fily,7340000,This family rescued a small owl that was stuck in a wire fence and then...,卡在鐵絲網的小貓頭鷹,False,https://www.youtube.com/shorts/L-V2VVX9FWw
鳥類,救援感人,51086107,1236775,2.42,61,2024-12-26,AnimalLove Stories,10200000,This kind man saved abandoned parrots,他救了被遺棄的鸚鵡們,False,https://www.youtube.com/shorts/z6QZyt0hBmY
馬,可愛日常,101557047,1923964,1.89,61,2025-09-26,PawsOfLove,179000,Friendship that needs no language 🥰🥹 #foryou #funny  #cuteanimal #pets #animals #fyp #cute #horse,不需言語的跨物種友情,False,https://www.youtube.com/shorts/OgDlsfcD18s
馬,寵物與人互動,57849339,268092,0.46,12,2026-06-16,The Advika Sharma,4430000,Advika ne horse ko khaana khilaya 🐎 #shorts,小女孩親手餵馬吃飯,False,https://www.youtube.com/shorts/24uSddCPQEs
牛羊豬農場,搞笑意外,730985794,1845843,0.25,5,2025-04-13,Villagegear,6230000,WILD PIG CHASE! 🐖 Farmer vs Beast - WHO WINS?! 🤯 #pigchase #dangerousjobs #parkour #viral,豬狂追農夫，誰會贏,False,https://www.youtube.com/shorts/TueucYK1CwA
牛羊豬農場,音樂舞蹈,504447424,6349300,1.26,16,2024-07-15,J House jr.,35700000,🐷Old McDonald had a pig! #kidssong,王老先生有隻豬,False,https://www.youtube.com/shorts/6z3estmPX-Y
牛羊豬農場,寵物與人互動,408697394,16799410,4.11,37,2024-02-27,Anaya Kandhal,74400000,Anaya Or Gau Mata Ke Liye Kon-Kon Like Krega 🤗,小女孩和牛媽媽的溫馨互動,False,https://www.youtube.com/shorts/dJNNjbmbvdU
牛羊豬農場,搞笑意外,310547988,1783711,0.57,18,2025-06-16,Fun For Pets ,192000,Bull Ne Sab Ki Band Baja Di #funny #viralvideo #cow #foryou #funnyvideo #shorts #viral,公牛一衝全場亂成一團,False,https://www.youtube.com/shorts/lGBpnkpK4_A
牛羊豬農場,可愛日常,265247794,3490126,1.32,15,2022-12-10,ViralHog,30200000,Pig With Her Piglets || ViralHog,豬媽媽帶著一窩小豬,False,https://www.youtube.com/shorts/ZeO3KEG5XZg
牛羊豬農場,搞笑意外,241843729,,,4,2024-01-10,Animal on the Way,292000,Cow baby Voice 😘😘funny Sound/#shorts #cowbaby #funnyshorts #cute #baby  #viral,小牛的叫聲太好笑了,False,https://www.youtube.com/shorts/s1D1fpvl-A0
牛羊豬農場,救援感人,211483569,2697318,1.28,60,2025-09-06,Animal Hustle,1250000,Rescue a piglet #lovestory #animals #rescue #funny #pets #cute #animalrescue #piglet #pig,救出一隻走投無路的小豬,False,https://www.youtube.com/shorts/lzdhvq8POIU
牛羊豬農場,救援感人,208249572,2233394,1.07,60,2025-07-22,Animal Hustle,1250000,Adopt a piglet #animals #lovestory #cute#pig #piglet #pets #friendship,領養一隻小豬回家後,False,https://www.youtube.com/shorts/E3iU9AeCpck
牛羊豬農場,知識科普,201765091,910383,0.45,8,2025-02-16,Worker Vision,2310000,The pig farmer cleverly drives the aggressive black pig into the iron cage. #farmerwork #work,一招把暴衝黑豬趕進鐵籠,False,https://www.youtube.com/shorts/cdIfEm10cPo
牛羊豬農場,知識科普,180209994,273417,0.15,13,2025-08-31,Cebucityfarm,178000,mother pigs work #farmer #pig #hogger #pigbreeding #farming #pigfarming #animals #farmlife,母豬的工作日常大公開,False,https://www.youtube.com/shorts/stcxVNlIMUk
牛羊豬農場,寵物與人互動,146580925,1207168,0.82,38,2024-07-14,The BN Brothers,12400000,Cow Lover 😍🙏 #shorts #trending #viralvideo #ytshorts #videoshorts #cow,他跟牛感情好到黏住,False,https://www.youtube.com/shorts/HVKnZ0xj1SU
牛羊豬農場,搞笑意外,135356863,281949,0.21,6,2025-05-18,Villagegear,6230000,This Farmer vs. ATTACK PIG is Pure Comedy GOLD! 🐗😂 Shield Bro for the Win! #funnyanimals #pig #farm,農夫對戰暴衝豬,False,https://www.youtube.com/shorts/t19OX8zBnRQ
牛羊豬農場,搞笑意外,134860908,622076,0.46,14,2026-06-28,Trang Trâuu,198000,The Girl Teases a Cow… and Regrets It! 🐄😂😱#shorts,女孩逗牛後悔莫及,False,https://www.youtube.com/shorts/wSw9H6l1GwQ
牛羊豬農場,搞笑意外,123364064,574917,0.47,10,2024-11-04,Animals Lover Rifat ,660000,Pagla guro 🔥🐂#cow #animals #shorts #viralvideo #foryou #2024,這頭公牛瘋了,False,https://www.youtube.com/shorts/fpAVk6sjcto
牛羊豬農場,救援感人,122616979,1503102,1.23,60,2025-06-05,Paws & Hearts,5260000,Pig Pet #animals#pet #animalfriendshipgoals#lovestory #love #pets #pig #cute #piglet #piglets,小豬也能當寵物,True,https://www.youtube.com/shorts/PFE5W-d23l0
牛羊豬農場,可愛日常,120264646,1475088,1.23,9,2022-08-09,ViralHog,30200000,Little Girl Sings To Baby Calf || ViralHog,小女孩對小牛唱歌,False,https://www.youtube.com/shorts/Yl65JzffgII
牛羊豬農場,搞笑意外,112934619,463570,0.41,8,2024-07-18,Find A Beauty,563000,Josh cow #shorts,這頭牛超有勁,False,https://www.youtube.com/shorts/UIlCUS5U3w4
牛羊豬農場,搞笑意外,107490720,515255,0.48,18,2025-05-29,Ak Ultra,18800000,Moo 🐮 Hunger To Burger 🥰|,從牛叫聲到漢堡,False,https://www.youtube.com/shorts/BfLquLj4Kzw
牛羊豬農場,寵物與人互動,104585045,516556,0.49,16,2025-08-15,Dekho Boom,127000,Sweet Vendor Feeds Cow Like Never Before,小販餵牛的特別方式,False,https://www.youtube.com/shorts/AMjlF4qNlwA
牛羊豬農場,搞笑意外,101487272,556136,0.55,11,2024-09-01,सुनहरी कृष्ण की  गाय ,2110000,🫡😅 jai gau mata jai shree Krishna #viralvideos #youtube #shorts #short #viral #reels,神牛的搞笑瞬間,False,https://www.youtube.com/shorts/48z4D9cOhHI
牛羊豬農場,可愛日常,98356026,980873,1.0,11,2022-04-25,Harman Diary Farm,162000,#cow #cowbaby #cute #shorts #cowfarm,小牛犢近距離萌樣,False,https://www.youtube.com/shorts/-fvELEBp-Ws
牛羊豬農場,搞笑意外,98205325,411934,0.42,9,2025-05-06,Jaman Vlogs BD,297000,Cow videos 432😅 #shortsvideo #funnyshorts #funny #cowGoru #cowcow #funnycow #animals,牛突然來這一招笑翻,False,https://www.youtube.com/shorts/iPfvo_4IpQY
牛羊豬農場,可愛日常,97392039,447129,0.46,10,2025-04-30,Animals Lover Rifat ,660000,cow Lovers new short video 👌🔥#cow #animals #shorts #viralvideo #foryou #2025,愛牛人必看的畫面,False,https://www.youtube.com/shorts/KE8ttdAL-0A
牛羊豬農場,ASMR療癒,97081260,364274,0.38,9,2024-12-25,Veterinary Training  Cow Disease and Treatment ,1010000,Cow mooing sound#animal sound#cattle Moo sound,純正牛叫聲一聽入迷,False,https://www.youtube.com/shorts/wahTol6FULk
牛羊豬農場,知識科普,95284491,1176143,1.23,10,2022-08-24,Mini Cows,2040000,Miniature Punganuru Cattle # Below 10inc height # Just Born Babi Punganuru #nadipathy Goshala,不到 10 吋高的迷你牛,False,https://www.youtube.com/shorts/xlhKDCNm6b8
牛羊豬農場,可愛日常,88016045,,,31,2025-08-26,Loula's Little Nursery,585000,www.loulaslittlenursery.co.uk 💛 #babyanimals #minipig #piglet #babypig #micropig #animals #pig,迷你小豬崽超級療癒,False,https://www.youtube.com/shorts/d1iVpk-kZfY
牛羊豬農場,搞笑意外,81818771,369453,0.45,5,2024-10-07,Kailash_vlog_YT,92500,Cow 🐂 video #animals #comedy #funny #cow #cartoon,牛的爆笑瞬間,False,https://www.youtube.com/shorts/9WiKxjuoeGI
牛羊豬農場,可愛日常,73266137,269838,0.37,8,2025-06-22,Jmk Vet,41200,Cow videos || trending reels || #cow #animals #reels,牛牛的日常畫面,False,https://www.youtube.com/shorts/AOyxyJ5fgkQ
牛羊豬農場,救援感人,73182329,1663768,2.27,60,2024-10-26,FADY Fily,7340000,This man adopted a cute little piglet and raised it with love #animalshorts #shortvideo,男子收養小豬用愛養大,False,https://www.youtube.com/shorts/eWsczRW1Cok
牛羊豬農場,搞笑意外,71389257,355687,0.5,8,2024-03-01,Find A Beauty,563000,Joke with cow #shorts,跟牛開玩笑的下場,False,https://www.youtube.com/shorts/N4RChEyuldo
牛羊豬農場,可愛日常,68662423,398713,0.58,8,2024-08-21,30th Parallel North Farm,368000,Show it to the cutest person #goat #cuteanimal #babylamb #cutefarmanimal #cute #animals,把小羊拿給最可愛的人看,False,https://www.youtube.com/shorts/nNFzkpIM4OA
牛羊豬農場,其他,66786878,,,19,2024-04-11,By Labeeq,86300,Pig Life in China #china #wildpig,中國的豬過著什麼生活,False,https://www.youtube.com/shorts/FYbd95sRYa0
牛羊豬農場,救援感人,66048543,636661,0.96,60,2025-10-17,Paws & Hearts,5260000,Pig Rescue #animals #lovestory #cute #pets#pig #rescue #love #wildliferescue #funny,受困小豬的獲救全程,False,https://www.youtube.com/shorts/dePMOdhp9m8
牛羊豬農場,搞笑意外,64662935,648165,1.0,25,2022-05-13,Vfx Mantu Barman,8570000,"May 13, 2022 Funny video - train & man vs cow",火車前的男人和牛對決,True,https://www.youtube.com/shorts/pG3DEtLTykU
牛羊豬農場,可愛日常,64001028,1843755,2.88,28,2023-07-14,The Husky Fam,2200000,Baby cow chooses her forever name! #shorts,小牛自己選定一生的名字,False,https://www.youtube.com/shorts/cUCMLdxPxig
牛羊豬農場,其他,62825691,245890,0.39,6,2025-05-30,53FAMiLYBAZAR,54300,kurbani Guru 😭😭😭 qurbani Mubarak #cow #tiktok #shortsfeed #shorts #viral #voice #islam #ytshorts,宰牲節前的牛讓人不捨,False,https://www.youtube.com/shorts/gxUbtthXcaE
牛羊豬農場,搞笑意外,62396388,645576,1.03,9,2022-08-26,Mahadeva Reddy Bull's👑,501000,khillar cow jump like horse 🐎💥.#subscribe,這頭牛跳得像馬一樣高,False,https://www.youtube.com/shorts/QTULxKTMaL8
牛羊豬農場,可愛日常,61580586,235763,0.38,8,2025-07-13,pet vlogs by chandu,52400,#babycow​ #shortsfeed​ #calf​ #shortvideo​ #cow​ #ytshorts​ #cowvideos​ #shorts​ #cowvideo​,小牛犢的萌樣近距離看,False,https://www.youtube.com/shorts/Qc-DUAfhhlU
牛羊豬農場,知識科普,61414317,2389972,3.89,19,2023-07-15,TyAmongAnimals,2470000,Why are Haus’ horns so big?!? #animals #coolanimals #animalfacts #learnaboutanimals,牠的角為什麼這麼大？,False,https://www.youtube.com/shorts/aK9RAzcJSVc
牛羊豬農場,音樂舞蹈,58906890,220804,0.37,5,2025-09-04,Little Neni,354000,Baby and cow dancing #ai #aidance #baby #cow,寶寶跟牛一起跳舞,True,https://www.youtube.com/shorts/yNsO7bYmzD8
牛羊豬農場,可愛日常,57931130,,,16,2025-05-18,Ak Ultra,18800000,Uh 🐮 Loving Favourite Cow 😍|,最愛撒嬌的那頭牛,False,https://www.youtube.com/shorts/QEGp5vSwdmM
牛羊豬農場,可愛日常,57354201,602127,1.05,60,2025-05-02,Animal.wonderlands,148000,Farm kids#animal#animallover#farm#farmlife#kids #fyp,農場裡的小小動物們,False,https://www.youtube.com/shorts/cPJ6NLT6Fbg
牛羊豬農場,搞笑意外,56523086,436738,0.77,6,2023-07-03,keshav ki masti,942000,short#cow#vairal chiladcow video #cow chilad masti vairal video #cow chilad vairal,這頭牛玩瘋了,False,https://www.youtube.com/shorts/0KiXMSnBBso
牛羊豬農場,可愛日常,55493404,252492,0.45,13,2025-06-07,2N Shorts,6200000,rezoo ki cow 🐄 videos,Rezoo 家的那頭牛,False,https://www.youtube.com/shorts/vqO3Gr3S2dE
牛羊豬農場,搞笑意外,55039994,600555,1.09,56,2025-01-10,SmolWild,938000,Funny pig 🐖 #funny #funnyanimls #funnyshorts #pets #aniamls #cute #fyp,這隻豬的爆笑日常,False,https://www.youtube.com/shorts/LI4hsCTlnww
牛羊豬農場,其他,52946426,309599,0.58,10,2024-09-11,Karachi cow mandi ,73800,#cow videos /cow mandi  2026#shortvideo#  cow 2026 #cow #funny video malir mandi 2026 gay,牛市場上超猛巨牛登場,False,https://www.youtube.com/shorts/6eg3NOCmP7c
牛羊豬農場,搞笑意外,51570052,212881,0.41,9,2025-09-02,Arun Sharma22,1340000,Bhaiya wo dekho cow 🐮🥰 #shortvideo #viralvideo #shortsfeed,哥你看那頭牛在幹嘛,False,https://www.youtube.com/shorts/0nSmiwyGGnQ
牛羊豬農場,搞笑意外,51155362,215209,0.42,8,2024-11-12,SonaMoni TV,390000,Cow fashion show | Cow Videos | TikTok Cow Funny Video 2025 | Cute Baby Cow Funny Video #Short,小牛走秀比誰最可愛,False,https://www.youtube.com/shorts/gxp8NvSHCHI
牛羊豬農場,搞笑意外,50948531,62145,0.12,5,2025-07-11,Modern life,51700,"boo absurd video, original video, funny roast pig, rural joy, share interesting videos",鄉下烤豬的荒謬名場面,False,https://www.youtube.com/shorts/cOAl7W9xwck
牛羊豬農場,寵物與人互動,50179149,365538,0.73,22,2025-08-21,MR TUSHAAN,1280000,Man Caring for Cows with Love #shortsvideo,男人用愛照顧他的牛,False,https://www.youtube.com/shorts/RcopYepdTXc
兔鼠倉鼠,可愛日常,398705555,2429899,0.61,15,2023-02-03,Animal Planet 兔子,1730000,"RABBIT MOM 🐇🐰 you can't guess how many to go in, Videos Cute moment you never know before #yt #625",猜猜兔媽媽窩裡有幾隻,False,https://www.youtube.com/shorts/BCmalakiIXQ
兔鼠倉鼠,挑戰實驗,324250633,11799335,3.64,48,2022-03-07,NichLmao,42100000,DISNEY WORLD vs PET SQUIRREL (left or right) #shorts,迪士尼 vs 寵物松鼠，選左還右,False,https://www.youtube.com/shorts/1pv_WJ4Z-Jg
兔鼠倉鼠,可愛日常,283375319,2802835,0.99,7,2023-05-02,Chipmunksandfriends,1230000,Chipmunk N Long peanut! 😁🐿 #tiktokviral,花栗鼠遇上超長花生,False,https://www.youtube.com/shorts/H7thlIdUACs
兔鼠倉鼠,可愛日常,186619341,2093014,1.12,13,2023-01-27,Animal Planet 兔子,1730000,"RABBIT MOM 🐇🐰 you can't guess how many to go in, Videos Cute moment you never know before #yt #604",兔媽窩裡到底藏了幾隻,False,https://www.youtube.com/shorts/cW7Qbzw0joo
兔鼠倉鼠,可愛日常,175313557,1466280,0.84,9,2021-11-27,Animal Planet 兔子,1730000,"RABBIT, OMG Animals SOO Cute! AWW Cute baby animals, CUTEST moment of the Animal Planet 兔子 #573",小兔子可愛到讓人尖叫,False,https://www.youtube.com/shorts/1uSopbywEV8
兔鼠倉鼠,知識科普,174137444,281097,0.16,6,2025-06-22,Rabbit Life vlog,88700,rabbit giving birth to eggs #animals #cute #pig #kitten #babyanimals #funnycute #rabbitgivingbirth,兔子生出來的像蛋一樣,False,https://www.youtube.com/shorts/MjHX15HZAd4
兔鼠倉鼠,知識科普,166831389,3494315,2.09,39,2024-02-19,King HosS,1690000,Rabbit Growth - Baby Animals 1 To 16 Days,兔寶寶 16 天長這麼大,False,https://www.youtube.com/shorts/6wMyN2suqiU
兔鼠倉鼠,可愛日常,159400027,4685315,2.94,23,2023-05-13,Chipmunks of TikTok,1060000,"Behold the super cheek powers of Boris, fill the cheeks #shorts #boris #chipmunks",花栗鼠塞爆頰囊的超能力,False,https://www.youtube.com/shorts/iHn7mJtwAh0
兔鼠倉鼠,挑戰實驗,156248556,412966,0.26,6,2026-05-24,ANYA KOVA,26600000,OMG Can Player escape from the Hamster?,你逃得出倉鼠迷宮嗎,False,https://www.youtube.com/shorts/5ZBctNaCmDA
兔鼠倉鼠,搞笑意外,140486174,681639,0.49,6,2025-04-02,FAUNATZ,390000,"Hamster: ‘I got this, guys!’ 🐹🔥😆",倉鼠自信說我可以,False,https://www.youtube.com/shorts/tE7AOck_oj4
兔鼠倉鼠,知識科普,97070591,1359227,1.4,11,2025-05-07,Science Explained,1300000,This is how a hamster gets an eye drop,倉鼠怎麼點眼藥水？,False,https://www.youtube.com/shorts/0oiXbJDI3D8
兔鼠倉鼠,知識科普,95457454,367472,0.38,14,2025-07-25,兔子警官,12600000,What do rabbits eat?#Short #Officer Rabbit #angel,兔子到底吃什麼？,False,https://www.youtube.com/shorts/lqY5PzSrI4g
兔鼠倉鼠,知識科普,93588306,1133111,1.21,25,2018-11-16,Shannon The Wildlife Vet,129000,Cuterebra removal from a squirrel,松鼠皮下的寄生蟲被夾出,False,https://www.youtube.com/shorts/tHNo--Uuegk
兔鼠倉鼠,其他,90761526,297701,0.33,6,2025-02-04,Wisdom Pouchannel,10000000,Catch And Transfer A Squirrel To The Cage,徒手抓松鼠關進籠子,False,https://www.youtube.com/shorts/LCljRgeYJOI
兔鼠倉鼠,劇情反轉,85177507,2297614,2.7,57,2024-05-10,cute cat plus,524000,"Fight for daddy, 🐰🆚🐶revenge #cute #rabbit #cat       #dog #shorts",兔子對狗展開爭寵復仇,True,https://www.youtube.com/shorts/AOPZjESSlBA
兔鼠倉鼠,搞笑意外,84688825,392600,0.46,20,2025-06-22,Ruhul Shorts,11600000,Rabbit Ko to chapri colour kardya,兔子被染成浮誇的顏色,False,https://www.youtube.com/shorts/s1ftGQqqppk
兔鼠倉鼠,可愛日常,83673685,1213879,1.45,9,2023-04-23,Subscribe me,7200000,Rabbit Cute And Me   April 2023 Part  273 #giangpi #tiktok #rabbit #viral,跟兔子相處的可愛日常,False,https://www.youtube.com/shorts/jcBC6Kkwvsw
兔鼠倉鼠,挑戰實驗,80316662,681169,0.85,15,2023-07-03,Pets Grow,429000,Hamster Maze Escape 😍,倉鼠迷宮大逃脫,False,https://www.youtube.com/shorts/jOGbBPw7vNI
兔鼠倉鼠,可愛日常,77185347,881874,1.14,17,2024-03-28,Harris Smith,225000,Mice with their babies are the cutest animals!  #babyanimals #animals,老鼠媽媽帶寶寶超療癒,False,https://www.youtube.com/shorts/UKvNzG-bp_E
兔鼠倉鼠,搞笑意外,74958019,3057832,4.08,51,2023-01-16,NichLmao,42100000,Buying MY GIRLFRIEND A HAMSTER?! (Prank) #shorts,送女友倉鼠的整人計畫,False,https://www.youtube.com/shorts/RM1-269NFYE
兔鼠倉鼠,可愛日常,73612846,,,6,2025-02-16,wow videos,128000,Cute baby rabbit 😱😱 #rabbit #khargosh #bunny #shorts,超萌小兔子現身,False,https://www.youtube.com/shorts/al1CX9jWH0c
兔鼠倉鼠,搞笑意外,68237686,653148,0.96,37,2025-11-21,Pets Rankings,110000,Ranking The Funniest Hamster Moments | Pets Rankings #shorts #ranking #hamster #funny,倉鼠爆笑瞬間大排名,False,https://www.youtube.com/shorts/vbP8rdI-cHQ
兔鼠倉鼠,救援感人,64131345,609334,0.95,28,2025-05-06,Hublot Baggins,6430000,This man saves rabbit friend ❤️ #shorts,男子伸手救回兔子朋友,False,https://www.youtube.com/shorts/Agmy5xPBYgs
兔鼠倉鼠,搞笑意外,63906362,913414,1.43,9,2024-09-03,Channing Roach,95700,DON’T GRAB THE SQUIRRELS!! 🐿️🥜,千萬別伸手去抓松鼠,False,https://www.youtube.com/shorts/slj4Q-pUT-U
兔鼠倉鼠,救援感人,61424389,1064767,1.73,18,2025-02-18,Petipoki,649000,Best gift for her is… #emotional #petlossgrief #memorial #pets #griefislove #hamsters #cute,給離開的牠最後一份禮物,False,https://www.youtube.com/shorts/nzr9yrCydk8
兔鼠倉鼠,可愛日常,57161222,660529,1.16,7,2026-02-01,Bob the Bear,72100,What Hamster Relaxation Actually Looks Like,倉鼠放鬆時長這樣,False,https://www.youtube.com/shorts/aj25n9zMdrY
兔鼠倉鼠,搞笑意外,57027672,74243,0.13,5,2025-04-22,Villagegear,6230000,IRL Loot Drop! ✨ Momma Rabbit Activated Bundle Spawn! 😂🐇 #cuteanimals #funny #gaming  #satisfying,兔媽媽現實版掉寶了,False,https://www.youtube.com/shorts/k8E8WhP0W2w
兔鼠倉鼠,ASMR療癒,56338673,1400121,2.49,15,2024-06-29,Thành Tâm Farm,261000,#rabbiteating #rabbit #cute #cuteanimals #pet #pets #short #shorts,兔子吃東西的療癒聲,False,https://www.youtube.com/shorts/iq9rTDa2sY0
兔鼠倉鼠,救援感人,55720344,1204427,2.16,18,2024-12-15,Petipoki,649000,She miss Toby very much so I gave this to her. 😭 #hamsters #rip #memorablemoments,牠很想念 Toby，我給了牠這個,False,https://www.youtube.com/shorts/sytBcheBhHA
兔鼠倉鼠,知識科普,54385039,770810,1.42,57,2025-05-26,Jakmelly,4130000,Kelinci yang tidak pernah berhenti beranak,這隻兔子生小孩生不停,False,https://www.youtube.com/shorts/68KlYgCEtNg
兔鼠倉鼠,搞笑意外,53427675,776986,1.45,47,2023-04-12,Jerry Piko ,2370000,Kelinci ini Emosi ketika dia tahu Aku makan Sate!! #ngeshortsdulu,兔子發現我在吃沙嗲後暴怒,False,https://www.youtube.com/shorts/WZOT61dcoPQ
兔鼠倉鼠,救援感人,52447944,259061,0.49,21,2025-07-19,Queen OF Hell,71200,Badmash Gunnu is no more 🥺 #pet #petlove #hamster #mice #sad #fyp,調皮的倉鼠 Gunnu 走了,False,https://www.youtube.com/shorts/0Z8ACcZKQhA
兔鼠倉鼠,可愛日常,52246467,1569282,3.0,21,2023-04-16,Guinutil,2660000,Easter Bunny,復活節兔子現身,False,https://www.youtube.com/shorts/o3NXirGNsgY
兔鼠倉鼠,知識科普,52152633,1578764,3.03,26,2022-04-14,Zack D. Films,28000000,Creepy Giant Bunny EXPLAINED 😱 (decomposing),詭異巨兔的真相解密,True,https://www.youtube.com/shorts/KTMhAyNvTJU
兔鼠倉鼠,救援感人,51181502,483890,0.95,12,2024-09-03,兔子警官,12600000,The rabbit's foot was almost crushed#Short #Officer Rabbit #angel,兔子的腳差點被壓斷,False,https://www.youtube.com/shorts/jXbG0s9KdgQ
野生動物,挑戰實驗,1025975602,29695654,2.89,38,2023-05-01,MrBeast,512000000,Would You Pet a Cheetah in Africa?,你敢伸手摸獵豹嗎,False,https://www.youtube.com/shorts/8kggT2ej-lo
野生動物,挑戰實驗,772408629,6848006,0.89,46,2026-05-05,MrBeast,512000000,Guess The Animal,猜出這是什麼動物,False,https://www.youtube.com/shorts/rqsRdfdN4uI
野生動物,挑戰實驗,736380804,17906079,2.43,39,2024-07-19,MrBeast,512000000,"Spot The Fake Animal For $10,000",找出假動物就賺一萬美金,False,https://www.youtube.com/shorts/8bTQMDM4qvY
野生動物,恐怖驚嚇,547949851,5559567,1.01,25,2025-05-01,Sohail big animals ,1200000,Food time 😱😡#lion #tiger #zoo #animals #wildliferescue  #lion #sohailbiganimals #shortvideo,獅虎搶食的驚人瞬間,False,https://www.youtube.com/shorts/cJFPNrnkNNs
野生動物,挑戰實驗,543407300,6582917,1.21,53,2026-01-06,MrBeast,512000000,Guess the Animal,猜猜這隻動物是什麼,False,https://www.youtube.com/shorts/mktYW177p6U
野生動物,救援感人,314569135,,,27,2024-08-16,Ak Ultra,18800000,THIS Giant Elephant Crying 🥺🐘|,巨象居然當場落淚,False,https://www.youtube.com/shorts/B5E3J9Eog9Y
野生動物,可愛日常,259074169,1917851,0.74,9,2024-02-11,San Antonio Zoo,666000,Baby kangaroo is peeking out of the pouch 🥰🦘 #animals #cuteanimals #shorts,小袋鼠從育兒袋探出頭,False,https://www.youtube.com/shorts/6pRNg7Z-4QU
野生動物,恐怖驚嚇,257512870,1175936,0.46,20,2025-07-31,Nikita Agrawal,4430000,देखो Raanya कैसे Tiger से बचके भागी 🐅🏃‍♀️ #tiger #trendingshorts #raanya,看小女孩怎麼逃離老虎,False,https://www.youtube.com/shorts/H9fMEpWI0mg
野生動物,搞笑意外,241178665,7019543,2.91,41,2021-11-25,Corbin Maxey,5330000,How The Animals Eat On Thanksgiving 😋🦃 #shorts #thanksgiving,感恩節動物們怎麼吃大餐,False,https://www.youtube.com/shorts/ztyX1airkPg
野生動物,其他,231212229,3581977,1.55,14,2023-11-06,dreams followers,701000,what a scary chasing. the fox want to hunt squirrel #campinglife #bushcraft #nature #naturecamping,狐狸緊追松鼠的驚險追逐,False,https://www.youtube.com/shorts/wNMl_7YRCJQ
野生動物,挑戰實驗,226005581,3246518,1.44,45,2026-04-17,MrBeast,,Guess The Animal,猜中這隻動物就有獎金,False,https://www.youtube.com/shorts/mFWpUx3FiyU
野生動物,搞笑意外,220999976,3083018,1.4,16,2021-06-21,Landon Scherr,1500000,Elephant Steals my Watermelon ! #SHORTS,大象直接搶走我的西瓜,False,https://www.youtube.com/shorts/ig622-8faEw
野生動物,恐怖驚嚇,198697585,914344,0.46,8,2024-11-06,Minaz Shaikh,13800000,"King Kong , Dinosaur 🦖 , Crocodile 🐊 & Ostrich 😱 #shorts",金剛恐龍鱷魚同時出現,True,https://www.youtube.com/shorts/NXqy3ZjSHYY
野生動物,可愛日常,194073977,4554600,2.35,20,2023-10-05,TyAmongAnimals,2470000,Which of the animals like hugs? #animalsofyoutube #animals #awesomeanimals,哪些動物其實喜歡被抱？,False,https://www.youtube.com/shorts/yyv2rlZa3Nw
野生動物,知識科普,189027009,4131425,2.19,13,2023-04-30,Myrtle Beach Safari,2340000,"The worlds largest cat. Guinness, book of world records three times.  Liger MyrtleBeachSafari",金氏紀錄世界最大貓科動物,False,https://www.youtube.com/shorts/gxC1dF404q8
野生動物,可愛日常,184829843,1202338,0.65,21,2025-09-14,isuru Speedy,83100,Elephant Eat Watermelon 🍉🐘,大象一口吞下整顆西瓜,False,https://www.youtube.com/shorts/f5rkG9H_xZw
野生動物,挑戰實驗,183776979,3800708,2.07,19,2023-07-14,The Shepard Family,813000,Can Dior jump over the door? #shortsviral #servals #love #viral  #youtubeshorts #shorts #shortvideo,藪貓跳得過這道門嗎？,False,https://www.youtube.com/shorts/VSSSbP9aPes
野生動物,救援感人,182410388,,,18,2024-12-24,m_ahmed_b,8000000,Cute Elephant Crying 😭❤️|,小象哭了看得人好心疼,False,https://www.youtube.com/shorts/_whiTqwgikc
野生動物,搞笑意外,161651533,2862485,1.77,9,2022-04-06,Bilall cooking,500000,Me At The Zoo | Bilall Cooking,重現史上第一支 YouTube,False,https://www.youtube.com/shorts/6nm-RGRL-VY
野生動物,知識科普,154578783,430252,0.28,8,2025-04-02,Anju Yadav,262000,Patthar ka anda deta hai #zoo#animals #pets #animallover #petlover #lion #burjkhalifa,這動物竟然會下石頭蛋,False,https://www.youtube.com/shorts/I3hnN6gVQOw
野生動物,搞笑意外,139980164,740352,0.53,19,2026-06-24,Ankit show,119000,Aasman se panda 🐼 #shorts,天上掉下一隻熊貓,False,https://www.youtube.com/shorts/S3CYyFYQtmg
野生動物,救援感人,127715168,2869543,2.25,37,2025-04-23,Hublot Baggins,6430000,This elephant was bullied so he painted his feelings 🥺❤️ #shorts,被霸凌的大象畫出心情,False,https://www.youtube.com/shorts/B_p7ZNPKVcw
野生動物,知識科普,127038557,1117996,0.88,10,2023-10-02,The Lion Whisperer,3430000,How to Unload LIONS #wildlife #animal #fun,獅子要怎麼從車上卸下,False,https://www.youtube.com/shorts/MObqFN_Jr6U
野生動物,知識科普,124372882,2520427,2.03,18,2024-02-21,The Lion Whisperer,3430000,How to Transport LIONS #wildlife #cat #sanctuary,獅子要怎麼運送,False,https://www.youtube.com/shorts/JyjzOoRipvE
野生動物,可愛日常,122639797,1110381,0.91,32,2025-05-20,Facts Dastan,9670000,Cute Baby Elephant 🐘,小象萌翻全場,False,https://www.youtube.com/shorts/hKks2jgOlpM
野生動物,挑戰實驗,122577442,3134343,2.56,69,2025-11-01,TheBirdsIView,95900,I left a GIANT Hamster Wheel in the Woods...,森林裡放巨型滾輪,False,https://www.youtube.com/shorts/dlTisufCGvE
野生動物,恐怖驚嚇,120938927,1583593,1.31,21,2024-02-08,Newsflare,4120000,Tourists run for their lives to evade charging elephant,大象暴衝遊客逃命,False,https://www.youtube.com/shorts/28pxQH8uyBs
野生動物,救援感人,118116619,1548328,1.31,60,2025-08-14,Wildlife Animals 379,6470000,This Woman Rescued a Baby Squirrel That Fell From Its Nest. #animalshorts,女子救起落巢小松鼠,False,https://www.youtube.com/shorts/lvtwbHhcljQ
野生動物,救援感人,113624035,2479502,2.18,11,2025-07-10,Gruzmood,1050000,Only a mother can truly understand another mother.❤️#gorilla #zoo #animals #mother #baby,只有媽媽懂媽媽,False,https://www.youtube.com/shorts/sAOidWykdiM
野生動物,搞笑意外,113381097,1956835,1.73,20,2021-07-12,Landon Scherr,1500000,ELEPHANT EATS MY HAT ! #SHORTS,大象吃掉我的帽子,False,https://www.youtube.com/shorts/eUmkQS034-g
野生動物,知識科普,112799715,2307947,2.05,49,2024-01-26,빵터져요 동물의 짤,845000,미스터리한 동물들,神秘的動物們,False,https://www.youtube.com/shorts/c7tNgZBO8wk
野生動物,其他,110962745,429159,0.39,19,2024-12-06,Wildlife Adventure ,277000,OMG!! These wild boar pig trap ever #pigtrap #shortvideo #wildboar #wildboarfarm #pighunting #viral,野豬陷阱大公開,False,https://www.youtube.com/shorts/E4jEH9uolg8
野生動物,救援感人,109080371,2275344,2.09,60,2025-07-05,Animal Hustle,1250000,Adopting abandoned tiger cubs #animals #lovestory #wildlife #cute #rescuestory#tiger #wildlife,收養被遺棄的虎寶,True,https://www.youtube.com/shorts/fNOFkjNzj9o
野生動物,救援感人,103177607,1620613,1.57,60,2025-11-25,Paws & Hearts,5260000,Rescuing a black panther cub #lovestory #animals #wildliferescue #cute #blackpanther #rescue #love,救援黑豹幼崽,True,https://www.youtube.com/shorts/LWiR9awy_q4
野生動物,救援感人,102617413,2153618,2.1,51,2025-08-15,Dar aur Prerna . 100k Views . 2 Hours ago,1680000,"""Squirrel Birth Story 🐿 | गिलहरी मां ने अकेले दिए 4 बच्चों को जन्म | Emotional Animal Video""",松鼠媽媽獨力生四寶,False,https://www.youtube.com/shorts/D2ZLNIf4Ko0
野生動物,可愛日常,99504789,3630300,3.65,29,2022-03-07,Chipmunks of TikTok,1060000,Squishy is back to fill the cheeks #shorts #chipmunks #cute #squishy,花栗鼠又來塞頰囊,False,https://www.youtube.com/shorts/xfjF_kSU-n0
野生動物,音樂舞蹈,97424980,3590943,3.69,39,2022-11-04,The Pet Collective,9550000,Adorable Elephant Learns to Play the Drums!  #Elephants #Shorts,大象學會打鼓了,False,https://www.youtube.com/shorts/TMg0hDCm31k
野生動物,救援感人,96667279,274281,0.28,11,2025-08-10,Viral Vibes,202000,Heartwarming Moment: Elephant Gently Approaches Curious Child at the Zoo,大象溫柔靠近好奇小孩,False,https://www.youtube.com/shorts/KgcVZhoTc3g
野生動物,救援感人,94070633,4122213,4.38,46,2023-10-15,Lavinnia11,958000,Encontré un cachorro de lobo? #animales #animallover #animalrescue #cachorro #lobezno #storytime,我撿到的是狼寶寶嗎？,False,https://www.youtube.com/shorts/cf1krixVOdI
野生動物,救援感人,92733816,801591,0.86,11,2025-07-18,Fun fact 1 min,137000,HERO ELEPHANT RESCUES CHILD IN HEART-STOPPING ZOO DRAMA! #elephant #zoo #rescue #animal 🐘,大象在動物園救了小孩,False,https://www.youtube.com/shorts/VomfFEkwSA8
野生動物,其他,88438286,480471,0.54,31,2026-07-22,MorphX 01,62900,shocking Animal transmission💀#animals #wildanimals,動物變形瞬間太震撼,True,https://www.youtube.com/shorts/j1oMRKnqYk8
野生動物,搞笑意外,84127441,1335221,1.59,9,2022-11-28,Jonathan Q Case,508000,Squirrel! #gorilla,大猩猩突然發現松鼠,False,https://www.youtube.com/shorts/wqkd72zPymM
野生動物,救援感人,82161123,1225561,1.49,60,2025-07-23,Love Animals,10300000,When animals reunite with their beloved human,動物與主人重逢的瞬間,False,https://www.youtube.com/shorts/tKLB-5VLT4Q
野生動物,搞笑意外,80803125,644606,0.8,8,2023-09-09,ViralHog,30200000,Baby Squirrel Startles Seagull Off Window Ledge || ViralHog,小松鼠嚇飛窗台海鷗,False,https://www.youtube.com/shorts/AeqJT5E_9vI
野生動物,劇情反轉,80214352,315249,0.39,8,2025-06-14,Next to world Animals and God vision,97000,"""Tiger  vs Cow in Village Farm#wildlife #tiger #cow#animation #animals",老虎闖進農場遇上牛,True,https://www.youtube.com/shorts/y5OdvMQ8fuo
野生動物,搞笑意外,78232707,2452412,3.13,43,2022-11-04,Ryan Trahan,23600000,squirrel,一隻松鼠突然闖進來,False,https://www.youtube.com/shorts/HrbzAL4M7rA
野生動物,救援感人,72811172,1575899,2.16,60,2025-04-24,FADY Fily,7340000,A couple rescued a squirrel that was painfully trapped and raised it by love,情侶救出被困的松鼠,False,https://www.youtube.com/shorts/VP01jB8uQQ8
野生動物,挑戰實驗,72310241,242185,0.33,27,2025-07-19,Factomato,11400000,Bodybuilders' Tug-of-War with Animals😊,健美選手拔河對決動物,True,https://www.youtube.com/shorts/ByYpTd38v58
野生動物,寵物與人互動,72307743,4405454,6.09,144,2025-01-26,We Love Animals,6370000,Why climb trees when you can climb into human arms ❤️ @RichardTheSquirrel,松鼠不爬樹只爬人身上,False,https://www.youtube.com/shorts/JamomRFy4zk
野生動物,寵物與人互動,71039430,728755,1.03,39,2025-05-05,Elephant Boy - Rene Casselly,84500,Banana time 🐘🍌 #elephant #banana,餵大象吃香蕉時間,False,https://www.youtube.com/shorts/IUXOCVkvWmc
野生動物,劇情反轉,69602140,,,32,2024-07-04,Ak Ultra,18800000,Secret Elephant Baby 😰|,藏起來的小象秘密曝光,True,https://www.youtube.com/shorts/GUmaBCVOhnI
野生動物,可愛日常,68863787,,,11,2025-06-07,The Advika Sharma,4430000,Advika papa mumma ne konsa animal dikhaya 🐊🦍🦖 #shorts,爸媽帶我看了什麼動物？,False,https://www.youtube.com/shorts/ufDJq5svt9k
野生動物,可愛日常,66462606,573019,0.86,7,2022-02-22,dpa logs,70300,#Elephant bathing #Hampi #TBRiver,大象在河裡痛快洗澡,False,https://www.youtube.com/shorts/PVRoDWhh8vg
野生動物,挑戰實驗,64475040,473158,0.73,22,2024-08-08,Minaz Shaikh,13800000,"Tiger 🐯🍅👍, Duck 🦆🍅👍 & Giraffe 🦒🍅……… ? #shorts",老虎鴨子長頸鹿吃番茄,True,https://www.youtube.com/shorts/pJChvXz7P8k
野生動物,可愛日常,63705695,1168357,1.83,18,2023-06-13,The Pet Collective,9550000,Cute Giraffe Gives Baby Smooches!,長頸鹿親了寶寶一大口,False,https://www.youtube.com/shorts/4V2jzRZxM8c
野生動物,可愛日常,63257760,742603,1.17,12,2024-07-12,Harpreet SDC,12800000,Kitne Pyare Hote Hai Ye ❤️ #elephant #family #love #animals,大象一家有多惹人愛,False,https://www.youtube.com/shorts/8kCTv3qkNVM
野生動物,知識科普,63227523,339541,0.54,13,2025-07-03,Feline funnies,279000,the cat family is good at swimming✌️😲,原來貓科動物超會游泳,False,https://www.youtube.com/shorts/YPvC27wzaCs
野生動物,知識科普,62435001,910737,1.46,108,2026-04-18,Only D. Facts,1850000,ईगल ने लालची लोमड़ी को सबक सिखाया। | The Greedy Fox Stole The Eagle's Prey. | #fox #eagle | #shorts,老鷹教訓偷食的貪心狐狸,False,https://www.youtube.com/shorts/ss_8zXwxxWE
野生動物,知識科普,61942725,1342380,2.17,61,2023-10-03,Dodo Kids,4240000,What Kind of Animal Is This Tiny Pink Baby? | Dodo Kids,猜猜這隻粉紅小寶寶是誰,False,https://www.youtube.com/shorts/KGjWzUCrSIQ
野生動物,搞笑意外,61645942,1840632,2.99,20,2023-07-05,The Pet Collective,9550000,Cute Baby Elephant Trips While Playing With Birds,小象跟鳥玩到自己跌倒,False,https://www.youtube.com/shorts/MYfWfgp4eIk
野生動物,其他,61590123,364103,0.59,31,2025-10-03,WILD ELEPHANT • ,62100,JCB VS MOTHER ELEPHANT ☠️ full video https://youtu.be/sSgDOE_tsws?si=Xpsu3S6stT4AI_E_,母象正面對上怪手機具,False,https://www.youtube.com/shorts/D_bQq_MFmuE
野生動物,搞笑意外,61393504,1017491,1.66,39,2025-07-30,Tiny Storiez,305000,Playful zookeeper messed with the hippos 🥰❤️,飼育員伸手逗河馬,False,https://www.youtube.com/shorts/bUsYmpozn8s
野生動物,搞笑意外,61213426,264539,0.43,13,2026-06-05,fun sufiyan,158000,kon sa sone Panda🐼?||#comedyvideos #funnyvideo #shorts,猜猜哪隻熊貓在睡覺,False,https://www.youtube.com/shorts/Bw0VGi8ZXlk
野生動物,救援感人,60930228,1285639,2.11,60,2024-08-31,Laki Hampa,3770000,Rumah tupai ini ditebang 🐿️,松鼠的家被砍掉了,False,https://www.youtube.com/shorts/R54yA-PvBc8
野生動物,可愛日常,59617082,1328002,2.23,16,2024-03-18,The Pet Collective,9550000,Adorable Squirrel Spots Human With Snacks,松鼠發現人類手上有零食,False,https://www.youtube.com/shorts/Rhtsh3a9zrw
野生動物,音樂舞蹈,58194345,274950,0.47,7,2025-04-12,React Vlogger,,Elephant Dance 😨 How is Possible 😱😱 #elephant #dance #shorts #clips #animatic,大象居然會跳舞，怎麼辦到,True,https://www.youtube.com/shorts/Hoe9Tmn1-u8
野生動物,搞笑意外,58126736,522556,0.9,12,2025-06-12,Panda-mylove,86700,What a clever panda! It thinks keeper can't see it by blocking its face with a basin! #panda #cute,熊貓用臉盆遮臉躲飼育員,False,https://www.youtube.com/shorts/C3MMFjlMJUw
野生動物,搞笑意外,58048736,2363400,4.07,27,2022-08-27,Mr. Star,236000,Zoo से बाहर आ गया Hippo 😱 #shorts,河馬跑出動物園了,False,https://www.youtube.com/shorts/Y1a_nR7_S6w
野生動物,救援感人,57880919,206954,0.36,12,2026-07-24,SeaDa,26000,Brave Man Saved Elephant From Angry Bullet Ants🐜🦣,男子從子彈蟻口中救出大象,True,https://www.youtube.com/shorts/DHJwh0DsCJw
野生動物,劇情反轉,57828145,1184429,2.05,113,2026-04-26,Ceca Slva,89200,The boy sold the squirrel to someone else🥺 #movie  #funny,男孩把松鼠賣給別人了,False,https://www.youtube.com/shorts/v-x9vOKvCjQ
野生動物,寵物與人互動,56053133,1210883,2.16,19,2023-05-28,TyAmongAnimals,2470000,Help me feed some crazy animals! #animals #shorts #coolanimals,一起來餵這些瘋狂動物,False,https://www.youtube.com/shorts/kTERK03Id5U
野生動物,救援感人,55330192,603645,1.09,9,2025-10-29,Fluffy Life,63300,Unbelievable! Stranded Koala Reaches for Rescuer in Massive Flood  #koala  #rescue #shorts,洪水中無尾熊伸手求救,False,https://www.youtube.com/shorts/gPg44PqzbSY
野生動物,救援感人,54714139,3207056,5.86,31,2023-12-30,Dylan Anderson,14700000,When a squirrel wants to show you something ❤️,松鼠拉你去看牠的秘密,False,https://www.youtube.com/shorts/bmzN35tn51Q
野生動物,救援感人,54580048,1678902,3.08,59,2025-02-05,Animal Love Heart,1380000,"adopted an abandoned baby leopard, and then #panther #animals #shorts",收養被遺棄的小豹之後,False,https://www.youtube.com/shorts/kj9pfEfNzFk
野生動物,可愛日常,54466119,2081376,3.82,19,2024-09-06,Ricardo,2560000,¡El Cuidado Secreto del Panda Bebé: Cuando la Mamá No Mira! 😲👀 #shorts,媽媽沒看時的熊貓寶寶,False,https://www.youtube.com/shorts/hnH_3d4CwYk
野生動物,音樂舞蹈,54027966,194718,0.36,9,2025-06-15,AJAY SONY Vlogs,476000,Please support me ❤️🥰🐘🐘#trending #dance #masti #reels #shorts,大象跟著音樂一起搖擺,False,https://www.youtube.com/shorts/sbMAyd-9Lps
野生動物,救援感人,52037979,679847,1.31,61,2025-09-09,Love Animals,10300000,A woman rescued an injured squirrel that was struck by a car and then...,她救了被車撞的松鼠之後,False,https://www.youtube.com/shorts/UvfVHzCuoB0
野生動物,救援感人,52026861,92633,0.18,8,2025-10-15,Wisdom Pouchannel,10000000,Zookeepers Break Concrete to Save Trapped Giraffe,破開水泥搶救受困長頸鹿,False,https://www.youtube.com/shorts/v47QfCGXXZ4
野生動物,搞笑意外,51793457,397947,0.77,27,2025-08-21,숏여우,154000,사육사의 실수에 폭주하는 해달 #동물 #해달,飼育員失誤讓海獺暴走,False,https://www.youtube.com/shorts/mRtaXoPd2ls
野生動物,知識科普,51778513,627945,1.21,28,2025-03-04,Wildlife Adventure In हिन्दी,8850000,How Do Zoos Make Tigers Bathe?,動物園怎麼讓老虎洗澡,False,https://www.youtube.com/shorts/Sv0vYjH-4gU
野生動物,搞笑意外,51482955,1365096,2.65,13,2024-01-17,EgoFilm,2310000,POV: It's the start of the month.🐿 #squirrels,月初的松鼠有多狂,False,https://www.youtube.com/shorts/nAaPWhDH9LI
野生動物,知識科普,51263768,1895173,3.7,35,2025-06-28,Zack D. Films,28000000,Why Elephants Never Escape 😥,大象為什麼從不逃跑,True,https://www.youtube.com/shorts/C7kqlJJD5dw
野生動物,救援感人,51138201,1546664,3.02,61,2025-01-28,AnimalLove Stories,10200000,This kind man saved a baby deer and then surprised to find...,他救了小鹿後發現驚喜,False,https://www.youtube.com/shorts/fBkQz2pwdwY
野生動物,其他,51123761,184709,0.36,14,2023-03-01,Elephant soul,257000,Clash of Giants The Battle of the Wild Elephants Elephant soul,野生巨象正面對決,False,https://www.youtube.com/shorts/uUsOVhnwwHU
野生動物,其他,50870513,255511,0.5,9,2024-04-08,Blog video and short videos,46200,Amazing Elephant sound 🦣🐘🦣🐘🦣🐘,大象發出驚人的叫聲,False,https://www.youtube.com/shorts/3VmysBGewME
野生動物,可愛日常,50776585,524461,1.03,16,2023-04-19,ViralHog,30200000,Handfeeding Peanuts to a Little Chipmunk || ViralHog,用手餵花栗鼠吃花生,False,https://www.youtube.com/shorts/_fdJV6Jqvv0
爬蟲海洋,可愛日常,279142608,4507713,1.61,16,2022-07-20,ADVEN,10700000,Dolphin love 😍  humans,海豚主動示好人類,False,https://www.youtube.com/shorts/6o2sh755A7A
爬蟲海洋,音樂舞蹈,275429574,2538920,0.92,23,2025-10-24,Factomato,11400000,Dolphin's Dance Surprised Everyone😍❤️,海豚的舞蹈讓全場驚呆,False,https://www.youtube.com/shorts/DvB5J7Slau0
爬蟲海洋,救援感人,234256528,2252211,0.96,60,2025-11-13,Paws & Hearts,5260000,Rescue the little fish #animals #wildliferescue #lovestory #cute #rescue #love #wildlife#fish,擱淺的小魚還救得回來嗎,False,https://www.youtube.com/shorts/EPFVbU40vvs
爬蟲海洋,搞笑意外,210243655,1561816,0.74,59,2025-07-07,The McCartys,17100000,How To Train A Snake,教你怎麼訓練一條蛇,False,https://www.youtube.com/shorts/GwnYwbF8NIo
爬蟲海洋,救援感人,160353924,1932056,1.2,23,2024-03-28,pets swag,18100000,Ocean Rescue: Saving a mother and her baby 🥺,海上救起母子倆,False,https://www.youtube.com/shorts/cO8q02cSn4A
爬蟲海洋,救援感人,146809954,4495406,3.06,54,2021-10-16,Jacob Colvin,8040000,Rescuing Cute Animals on the Beach #shorts,在沙灘上救回小生命,False,https://www.youtube.com/shorts/9RBQpRne27k
爬蟲海洋,可愛日常,146671457,677341,0.46,23,2025-12-28,Korean drama production,10400000,cute dolphin,海豚可愛到融化,False,https://www.youtube.com/shorts/wU1wOjYqRok
爬蟲海洋,搞笑意外,146231763,3712924,2.54,10,2022-12-22,Dusty Douglas,5150000,"or worse yet, an ELECTRIC EEL 🙀 🎥: pjordan922 (TT), #shorts",更慘的是遇到電鰻,False,https://www.youtube.com/shorts/z4OC3pYuOUw
爬蟲海洋,知識科普,141699621,2416965,1.71,19,2022-09-23,The Reptile Zoo,2310000,Zoo Tour! 😊,帶你逛爬蟲動物園,False,https://www.youtube.com/shorts/4FUYkvel5Uo
爬蟲海洋,救援感人,138111762,2333147,1.69,60,2025-05-04,Paws & Hearts,5260000,crocodile adopted  #wildliferescue #wildlife  #cute#rescue  #animalfriendshipgoals#crocodile,人類收養了一隻鱷魚,False,https://www.youtube.com/shorts/CfN_K228MaU
爬蟲海洋,可愛日常,132073254,,,19,2025-06-15,Surya K Gadgets,5670000,"Actually, no one came to see the dolphins today . #jessica",今天沒人來看海豚,False,https://www.youtube.com/shorts/RDjM2fXmCe0
爬蟲海洋,恐怖驚嚇,116044128,645840,0.56,7,2024-09-11,tv snake,268000,#shorts #animals #amazing #owl #cartoon #foryou #wildlife #bigsnake #nature #snakevideo #snake,巨蛇現身瞬間,False,https://www.youtube.com/shorts/12ZWyzLXVms
爬蟲海洋,搞笑意外,111215243,1123928,1.01,19,2025-09-02,Mostava Jr.,2030000,Ronaldo X Dolphin 🐬,C羅對決海豚,False,https://www.youtube.com/shorts/M1GgJB8J-FM
爬蟲海洋,知識科普,98292551,1390573,1.41,18,2025-05-28,Nexo ,754000,unbelievable smartest dolphine fish #shortsvideo,海豚聰明到不可思議,False,https://www.youtube.com/shorts/fO1hzYwGc4Y
爬蟲海洋,救援感人,93834941,695110,0.74,60,2026-02-11,Paws & Hearts,5260000,Rescue Baby Turtle #animals #wildliferescue #lovestory #rescue #animalrescue #cute#love #turtle,小烏龜受困等人搭救,True,https://www.youtube.com/shorts/2lh-GMjJr5I
爬蟲海洋,搞笑意外,88623733,2330908,2.63,41,2025-01-13,RSMSA,5860000,Jab Dolphin trick Me Hui Gadbad  ( 🎥_@umer2m ),海豚表演突然出包,False,https://www.youtube.com/shorts/8afWlEGFnLA
爬蟲海洋,寵物與人互動,80629291,2605360,3.23,50,2023-10-20,Localish,2180000,Dolphin befriends little girl,海豚主動跟小女孩交朋友,False,https://www.youtube.com/shorts/1tgb8_5S2JE
爬蟲海洋,寵物與人互動,79502743,4208934,5.29,54,2023-10-20,Humankind,965000,Little girl and super social dolphin stop to have a sweet chat | Humankind #shorts #goodnews,小女孩和海豚聊起天,False,https://www.youtube.com/shorts/lJyq5KkNJGI
爬蟲海洋,搞笑意外,73753801,2466330,3.34,60,2023-11-12,Dusty Douglas,5150000,🦎 Hilarious Reptile/Amphibian Voiceover Compilation #dustydubs #voiceover #shorts,幫爬蟲配音的爆笑合輯,False,https://www.youtube.com/shorts/r2WUhieXTN0
爬蟲海洋,知識科普,69173859,2956472,4.27,34,2024-02-16,Trinks,293000,Why Dolphins LOVE Modern Ships? 😱,海豚為何愛追現代大船,False,https://www.youtube.com/shorts/CzYScyiuLdM
爬蟲海洋,可愛日常,68641422,,,19,2024-04-03,Mariner Sunny🛥️🛳️,191000,#Africa watching dolphin dance,在非洲海邊看海豚跳舞,False,https://www.youtube.com/shorts/RWZyD7WaVyk
爬蟲海洋,其他,63675455,327927,0.51,7,2025-01-12,tv snake,268000,#shorts #amazing #animals #snakevideo #saampwalavideo #snakecartoon #saamp #snake #owl #anaconda,巨蛇現身的驚人畫面,True,https://www.youtube.com/shorts/-SlUvMT_PGQ
爬蟲海洋,知識科普,62569509,1783064,2.85,12,2022-01-10,Aquarium Info,6310000,This is a Morphed Axolotl 🦎,這是變異版的六角恐龍,False,https://www.youtube.com/shorts/tS_n3tcNMts
爬蟲海洋,搞笑意外,58038926,1155443,1.99,61,2026-05-10,RainbSheep,175000,Funny seal #animals #animallife #cute #shorts #viral,海豹的搞笑瞬間,False,https://www.youtube.com/shorts/X7xNXiLM4Ig
爬蟲海洋,恐怖驚嚇,50668208,168103,0.33,9,2025-08-11,creative idea ,53600,Jessica orca dolphin attack #jessica#dolphin#attack#short#live #news#JessicaOrca#trendingLast,虎鯨攻擊瞬間全被拍下,False,https://www.youtube.com/shorts/UK58P_4B5l4
昆蟲蜘蛛,恐怖驚嚇,188881919,1710126,0.91,7,2022-11-29,EgoFilm,2310000,DON'T BE AFRAID! (Spider vs Squirrel),別怕！蜘蛛對上松鼠,False,https://www.youtube.com/shorts/goZrTf-YYjY
其他動物,可愛日常,421944636,2948595,0.7,30,2025-05-06,잡동세상,237000,우리집 동물 가족 간식 시간! #동물 #강아지 #다람쥐 #앵무새 #햄스터일상 #동물원,家裡動物大家庭的點心時間,False,https://www.youtube.com/shorts/1BoFKVsHvZo
其他動物,救援感人,230827649,7833065,3.39,61,2024-02-02,AnimalLove Stories,10200000,The girl adopted baby hedgehog in her house #shorts,女孩把小刺蝟帶回家養,False,https://www.youtube.com/shorts/vQY1L-oUREU
其他動物,搞笑意外,187423033,4561877,2.43,42,2023-07-14,MIRANO,1440000,funny animals video #shortvideo #shorts,動物爆笑合輯一次看,False,https://www.youtube.com/shorts/63IX34q4Us0
其他動物,搞笑意外,159568180,5040517,3.16,54,2025-06-13,Animal doings,241000,Ranking Best Animal Actors Everr #animalvideos #animalshorts #animalactors,票選最會演戲的動物,False,https://www.youtube.com/shorts/kavObaGABHM
其他動物,搞笑意外,152873272,1915533,1.25,11,2025-01-02,Pet Flying Squirrel Official,508000,The Sugar Glider's Takeoff Route Deviated #cute #sugerglider #sugargliderstories,蜜袋鼯滑翔路線歪掉了,False,https://www.youtube.com/shorts/ne-f7R9rG6g
其他動物,可愛日常,69214620,901757,1.3,24,2024-11-03,Todd AI Animal ,211000,The cutest little animals #cuteanimals #ai #minianimals#shorts,迷你版動物有多療癒,True,https://www.youtube.com/shorts/-1BsfNKlsfs
其他動物,挑戰實驗,65358742,1520913,2.33,59,2023-08-27,Life is fun!,453000,"If you laugh, you restart, part 29 #animals #funnyanimals",笑了就要從頭重看一次,False,https://www.youtube.com/shorts/XSqVlLT1t_Q
其他動物,搞笑意外,63066779,456394,0.72,8,2023-09-12,Dylan González,903000,The confusing behavior of animals All animals are created equal Wonderful animals,動物們的迷惑行為大賞,False,https://www.youtube.com/shorts/NlbuILT-UrY
其他動物,救援感人,63044148,1429594,2.27,59,2025-05-30,Kokan NGO India,601000,Hero Climbs Into Garbage Drain to Save Animal! 🦸♂️🐾 #kindnessmatters  #rescue #shorts,他跳進排水溝救出動物,False,https://www.youtube.com/shorts/TGBqAfqawvo
其他動物,可愛日常,59292623,1953902,3.3,60,2025-01-20,Austin Mollno,9180000,My girlfriend's ZOO!!,我女友家根本是動物園,False,https://www.youtube.com/shorts/cyCrJX6p_xo
其他動物,搞笑意外,58583693,1688597,2.88,18,2023-06-20,Dusty Douglas,5150000,🗣️ Mashup 113 🎥: unknown / julouwho (TT) / kussan77 (IG) / mavis_the_piggie (IG) #shorts,幫動物配音的爆笑合輯,False,https://www.youtube.com/shorts/HjnQZjO_qzQ
其他動物,搞笑意外,56583463,291277,0.51,9,2024-09-15,Samir shoo,303000,"""Donkey falls on its back and starts laughing at itself! Funniest animal moment you'll see today!""",驢子摔倒後自己笑了,False,https://www.youtube.com/shorts/mkN5pblyBoU
其他動物,搞笑意外,54836081,665848,1.21,55,2025-01-11,Cute Animals,585000,cute animals funny video trending shorts 🥰 #funnycomedyshort #cuteanimalsfunnyvideos #funnycomedy,可愛動物爆笑瞬間合輯,False,https://www.youtube.com/shorts/zuX9dUhnfE0
其他動物,知識科普,54538926,698530,1.28,12,2024-06-26,Boldyz,870000,Nature's Beautiful Animal Evolution 2 #animaljourney #animaltransformation #beautifulnature,動物從幼到成的驚人變化,False,https://www.youtube.com/shorts/jPny26iB_NU
其他動物,搞笑意外,51436413,455283,0.89,9,2021-08-28,javeed hashim 94,49400,funny animals video 2021,動物爆笑失誤大合輯,False,https://www.youtube.com/shorts/-TjojsxYU6U
動畫角色,知識科普,1508622000,8570999,0.57,17,2025-06-24,Lalafun - Nursery Rhymes,13400000,Baby Lala is sharing his food with Farm Animals | Good Manners for kids,寶寶把食物分給農場動物,True,https://www.youtube.com/shorts/CvUw-xwfC8U
動畫角色,知識科普,1151232619,6677090,0.58,29,2025-04-04,Leo the Wildlife Ranger - Official Channel,3330000,THE ANTS ARE STEALING MY FOOD! 🐜 | Leo the Wildlife Ranger | #shorts #animals #fun,螞蟻大軍偷走我的食物,True,https://www.youtube.com/shorts/upPXB11TrfY
動畫角色,音樂舞蹈,821910598,3989186,0.49,15,2025-05-10,Domi Kids Bahasa Indonesia - Lagu Anak,1510000,Ayo Main Drum Bersama Kucing Imut 🥁🐾🎶#laguanakanak #Domikids #shorts,跟可愛小貓一起打鼓,True,https://www.youtube.com/shorts/AIVl9E0CZpA
動畫角色,搞笑意外,544503100,1970387,0.36,17,2025-07-26,MC Squared90,4730000,Pranking Donald Duck PT6 #funny #comedy #relatable #humor #skit,惡整唐老鴨第六彈,False,https://www.youtube.com/shorts/I3CMnCIzSWk
動畫角色,音樂舞蹈,474406243,4227742,0.89,15,2023-03-07,Hooray Kids Songs & Nursery Rhymes,4220000,Holiday Farm Kids Song - Hooray Kids Music #shorts #animals #farm #hooraykidssongs,農場動物一起唱歌,True,https://www.youtube.com/shorts/LY1oAC1nUaw
動畫角色,知識科普,442902515,4210192,0.95,15,2024-07-24,ChuChu TV Nursery Rhymes & Kids Songs,98100000,Endangered Animals Part-1 #animalshorts #kidsshorts #kidslearning #elephant #animals #kidsfun #funny,認識瀕危動物有哪些,True,https://www.youtube.com/shorts/t4j8JWKGjVY
動畫角色,搞笑意外,401223465,2221774,0.55,31,2025-09-22,PlayToon Land – Fun Adventure,2260000,🎉 Moo! 🐄 Funny Cow Milking Goes Backwards! 🍓,擠牛奶竟然反過來噴,True,https://www.youtube.com/shorts/g98D2x5jF3g
動畫角色,可愛日常,385967660,3614533,0.94,24,2025-05-30,NussaOfficial,12600000,Siapa yang kalau nemu kucing di jalan reaksinya kaya Rarra gini? 🥺 #NussaRarra #Edutainment,路上撿到貓你會這樣反應嗎,True,https://www.youtube.com/shorts/CdaSbkTfbj4
動畫角色,音樂舞蹈,347689274,4073324,1.17,60,2023-05-20,ChuChu TV Nursery Rhymes & Kids Songs,98100000,Asian Elephant Song #Shorts #ChuChuTV #KidsSongs #Learningsongs #animalshorts #endangeredanimals,亞洲象之歌一起唱,True,https://www.youtube.com/shorts/o0bc3OLxBEw
動畫角色,音樂舞蹈,186623871,862398,0.46,17,2025-10-10,Suno Kids TV,642000,Farm Animal Sounds Song | Animals and Farm Song for Kids - Fun Nursery Rhymes,農場動物叫聲兒歌大合唱,True,https://www.youtube.com/shorts/CmQwwr9jQdI
動畫角色,可愛日常,186508052,669550,0.36,11,2023-02-17,Peppa Pig - Official Shorts Channel,415000,Let's Jump in Muddy Puddles,一起跳進泥巴水坑玩,True,https://www.youtube.com/shorts/8x654WuhzKY
動畫角色,搞笑意外,183234170,1109523,0.61,9,2024-08-15,Packy Films,4030000,Ducky Happy Juice 😇🐤 #animation #ducky #happyjuice #funny,小鴨喝下快樂果汁之後,True,https://www.youtube.com/shorts/qe3lzbs47UY
動畫角色,劇情反轉,174353619,1043786,0.6,23,2025-06-12,Meow Meow Bobo,457000,Ballerina Cappuccina's love for TungTungTung sahur😭 #tungtungtungsahur #shorts,芭蕾娜對咚咚咚沙胡爾動心,True,https://www.youtube.com/shorts/e0mT1uoAQhc
動畫角色,搞笑意外,149524999,1135561,0.76,59,2025-05-10,Groovy el Marciano - Español,6380000,¿El perro está bien? 😨 El gran susto de Groovy 🐶💥,狗狗沒事吧？大驚嚇,True,https://www.youtube.com/shorts/GVxSOd9-dXg
動畫角色,音樂舞蹈,140231414,617910,0.44,16,2025-09-19,Nursery Rhyme Network,895000,Komodo Dragon at the Zoo! #animal #kidssongs #kidsvideo #singalong #children #kids #toddlers #babies,動物園裡的科摩多巨蜥,True,https://www.youtube.com/shorts/iqBHn34fJcc
動畫角色,音樂舞蹈,138488434,917563,0.66,22,2024-12-30,Lalafun - Nursery Rhymes,13400000,10 Little Pandas | Learn to Count | Lalafun Nursery Rhymes & Kids Songs #kidssongs #nurseryrhymes,十隻小熊貓帶你數數,True,https://www.youtube.com/shorts/GDHsgSUPPhU
動畫角色,搞笑意外,136014820,510746,0.38,19,2025-10-06,MC Squared90,4730000,Halloween Shopping with Donald Duck #funny #comedy #relatable #halloween #humor #skit,和唐老鴨去買萬聖節用品,False,https://www.youtube.com/shorts/XZtx8tqMXTk
動畫角色,音樂舞蹈,127844930,541714,0.42,20,2025-06-11,Nursery Rhyme Network,895000,Old MacDonald PIGS 🐷 #animals #pig #pigs #piglets #learning #farm #farmanimals #toddlers #preschool,王老先生有塊地唱小豬,True,https://www.youtube.com/shorts/cfswUY8gYN0
動畫角色,救援感人,125006377,842384,0.67,20,2024-12-18,Leo the Wildlife Ranger - Official Channel,3330000,WE FOUND MAMA OWL'S BABY! 🦉👶 | Leo the Wildlife Ranger | Kids Cartoon | #shorts #animals,找到貓頭鷹媽媽的寶寶,True,https://www.youtube.com/shorts/uZZAgE9pIrY
動畫角色,教學DIY,122346227,1992789,1.63,61,2023-06-27,Sofia's Kindergarten,1000000,Nursery rhymes. Peppa pig colouring pages. Videos for toddlers #peppapigcoloring #peppapig #abc,佩佩豬著色加兒歌,True,https://www.youtube.com/shorts/ysFBNSeqr8g
動畫角色,挑戰實驗,120875022,1300817,1.08,25,2023-06-22,David Animations Shorts,3810000,Mentos & Coca-Cola take out Peppa Pig's family 🥤 #peppapig #mentos  #cocacola,曼陀珠可樂炸佩佩豬,True,https://www.youtube.com/shorts/BPQd11dfU64
動畫角色,搞笑意外,119564570,3853549,3.22,20,2022-05-20,Michazike,1900000,When a Spider gets inside your Minecraft house (Animated #shorts),蜘蛛闖進你的家,True,https://www.youtube.com/shorts/CtkbksrylwY
動畫角色,音樂舞蹈,114648130,441914,0.39,28,2025-04-17,Nursery Rhyme Network,895000,Old MacDonald had a Farm 🧑‍🌾 COW! 🐄 #animals #childrensmusic #singalong #supersimple #kidssongs,王老先生有塊地養牛,True,https://www.youtube.com/shorts/5ocs5r_txV4
動畫角色,音樂舞蹈,112327959,1217115,1.08,17,2024-05-04,Duckling Do - Nursery Rhymes,971000,Shake your hips! | If You're Happy Song | Duck Video For Babies | Nursery Rhymes & Kids Songs,小鴨帶你扭腰唱歌,True,https://www.youtube.com/shorts/669ugcRQV8g
動畫角色,搞笑意外,108191951,,,4,2025-01-09,TomFighter,868000,Talking tom 😡😡 #viral #cat #shorts,湯姆貓氣炸了,True,https://www.youtube.com/shorts/LhVjlWgVh64
動畫角色,知識科普,107745828,1272164,1.18,44,2024-06-23,RECAP Animation,631000,Never touch poison dart frogs casually! #shorts #anime #animation #recap #funny #penguin #frog,千萬別亂碰箭毒蛙,True,https://www.youtube.com/shorts/GRywb37bm8Q
動畫角色,音樂舞蹈,96120440,576086,0.6,21,2025-05-09,Kidi Fun,11300000,Saute comme un lapin (🇬🇧 version anglaise) - Chanson des animaux #enfant #maternelle #jeux #comptine,跟著兒歌像兔子一樣跳,True,https://www.youtube.com/shorts/jnLGOeERxCc
動畫角色,知識科普,95959132,402679,0.42,19,2025-09-11,MEOWJI,12600000,🐄 Learn Farm Animals – Fun for Kids! 🐓 #kids #learn,帶小朋友認識農場動物,True,https://www.youtube.com/shorts/0_DiPG81AGI
動畫角色,其他,95066185,4048903,4.26,10,2023-06-24,My Talking Angela,615000,My Talking Angela #talkingangela #shorts,會說話的安琪拉登場,True,https://www.youtube.com/shorts/MBX-AgbBRA0
動畫角色,知識科普,94299788,315462,0.33,15,2026-03-05,AnimNepal Kids - Nepali Rhymes & Stories,208000,LEARN TO COUNT 1 - 10 WITH BUNNY 🐰❤️#learn #numbers #cartoon #childrenssongs,跟兔兔一起數到十,True,https://www.youtube.com/shorts/B71q-d_Qlhc
動畫角色,其他,93661726,3346355,3.57,11,2020-08-26,Игги :3,732000,Talking Tom says Hello Tom,湯姆貓開口說哈囉,True,https://www.youtube.com/shorts/BF_jax_vJq8
動畫角色,搞笑意外,92468143,930172,1.01,7,2022-09-28,Tom Fan U,2750000,Talking Tom toilet Funny Real life Video 😂🎃🙈 #shorts,湯姆貓上廁所的爆笑事,True,https://www.youtube.com/shorts/qYFCD6tIqXk
動畫角色,其他,89773932,380198,0.42,22,2025-05-15,KidSquad,344000,Peppa Pig Find The Real Character,猜哪一個佩佩豬是真的,True,https://www.youtube.com/shorts/_jk3GZBiy1Q
動畫角色,其他,86149762,357252,0.41,26,2026-05-29,ZOOWAKE - Games,4240000,Guess Gugu Gaga Penguin who's Forbidden from entering this door in hotel - Gmod,猜哪隻企鵝不准進門,True,https://www.youtube.com/shorts/u8uX14oE5JU
動畫角色,音樂舞蹈,83475358,975482,1.17,32,2025-01-18,Cam & Sam - Kids Songs & Nursery Rhymes,503000,🦆 Five Little Ducks 🦆 Babies Learn to Count 1 #Shorts #YouTubeKids #KidsSongs #NurseryRhymes,五隻小鴨帶你學數數,True,https://www.youtube.com/shorts/RSCQiwhLKiM
動畫角色,搞笑意外,80929010,284644,0.35,17,2026-04-17,Peppa Pig - Official Channel,44400000,Mummy Pig Rescues Daddy Pig 🚁 #shorts #peppapig,豬媽媽開直升機救老公,True,https://www.youtube.com/shorts/D-KKnakZG04
動畫角色,知識科普,80420531,739258,0.92,23,2024-06-05,Leo the Wildlife Ranger - Official Channel,3330000,BABY BIRD FELL FROM A TREE?! | Leo the Wildlife Ranger | #shorts #education #kids,小鳥從樹上掉下來了,True,https://www.youtube.com/shorts/1nijyysMdz4
動畫角色,音樂舞蹈,79210453,436340,0.55,19,2023-02-23,Talking Angela,13800000,Shine Together Side By Side! 🤩 Talking Angela #Shorts,安琪拉閃亮登場,True,https://www.youtube.com/shorts/VYiklSE7yFY
動畫角色,搞笑意外,72949195,408379,0.56,22,2023-12-08,Peppa Pig - Nursery Rhymes and Kids Songs,3880000,George Needs the Potty #peppapig,喬治急著要上廁所,True,https://www.youtube.com/shorts/EK7zza-p3Cg
動畫角色,搞笑意外,71174703,691333,0.97,27,2024-01-21,Fun World Tv,1450000,Peppa Pig greedily Eats Candy #peppapig #parody #funnycartoon,佩佩豬狂嗑糖果,True,https://www.youtube.com/shorts/NjBYCH3mC4Q
動畫角色,搞笑意外,67007170,290475,0.43,28,2025-04-23,Scrappy's Mess,187000,Scrappy Speed Drinks Too Much Liquid #squirrel #cartoon #comedy,松鼠喝太多水的下場,True,https://www.youtube.com/shorts/rKgmorK1FGo
動畫角色,音樂舞蹈,63542066,971810,1.53,60,2023-03-18,ChuChu TV Nursery Rhymes & Kids Songs,98100000,The Orangutan Song - Animal Songs #Shorts #ChuChuTV #savetheorangutan    #KidsSongs #LearningSongs,一起唱紅毛猩猩之歌,True,https://www.youtube.com/shorts/PvTHU-Puuqs
動畫角色,音樂舞蹈,62928521,228354,0.36,12,2026-03-26,Camp Jasmine - Kids Songs & Toddler Learning ,218000,Old MacDonald Had a DINOSAUR?! 🦖 #farmanimals #kidssongs #surprise,王老先生竟然養了恐龍,True,https://www.youtube.com/shorts/2TUYI9E_thY
動畫角色,劇情反轉,62445583,402585,0.64,21,2022-11-17,Peppa Pig - Official Channel,44400000,Peppa Pig Tales 🐷 Police Officer Peppa Catches Robber!,警察佩佩豬抓到小偷了,True,https://www.youtube.com/shorts/WpqFXr7nZ94
動畫角色,劇情反轉,61680749,1013303,1.64,51,2024-04-14,Pequeño Leon,6990000,Pequeño Leon | Perrito y gatito | Dibujos animados | Video Para Niños,小狗和小貓的動畫故事,True,https://www.youtube.com/shorts/NmBwmODgrIE
動畫角色,搞笑意外,61425740,2483966,4.04,52,2023-09-30,BrodyAnimates,3020000,My Evil Genius Dog,我家的狗是邪惡天才,True,https://www.youtube.com/shorts/mVIeCVMN2hg
動畫角色,音樂舞蹈,61353068,1796949,2.93,14,2022-02-09,TootyMcNooty,755000,A Sad Cat and Dog song | tootymcnooty #shorts,一首貓與狗的悲傷之歌,True,https://www.youtube.com/shorts/k3CPoSy6t1A
動畫角色,挑戰實驗,61337696,2479851,4.04,60,2024-08-13,Toto Cartoon Animals,1380000,Money Vs Knowledge? Help Cartoon Cow vs Big Bull What Do you Choose?#Shorts #Cartoon #Viral #funny,金錢還是知識，你選哪個,True,https://www.youtube.com/shorts/jU4yPK-hkQw
動畫角色,搞笑意外,61305757,1178575,1.92,60,2025-07-14,Teeny Tiny Simba (Español),5320000,¿Cómo SE LLAMA entonces?🐱 #simbochka #simba #gatos #animación,那牠到底叫什麼名字？,True,https://www.youtube.com/shorts/wx_sP8QI6Nw
動畫角色,知識科普,61065712,428017,0.7,22,2025-02-07,Buggle Time- Wholesome & Fun Toddler and Kid Songs,846000,Can You ACE our ANIMAL SOUNDS Quiz? What Does The Fox Say?,動物叫聲測驗你敢挑戰嗎,True,https://www.youtube.com/shorts/E3MH59F4c8A
動畫角色,搞笑意外,60774015,1700711,2.8,23,2025-08-14,Clutchmaker,6250000,When an Owl Tries to Kill Noob in the 99 Nights Forest ☠️ PT 8,貓頭鷹想在森林裡幹掉新手,True,https://www.youtube.com/shorts/sSpfXpfAjRs
動畫角色,其他,59712640,348170,0.58,10,2025-10-03,Super Cartoon AR,58200,superheroes but elephant #avengers #marvel #ironman #cartoon #venom #spiderman #hulk #venom,如果超級英雄都變成大象,True,https://www.youtube.com/shorts/PZ8bTq2kMiY
動畫角色,教學DIY,58732369,392205,0.67,26,2025-10-16,FriendToon - Create & Play,1590000,Yay! 🐰 Roly Poly Bunny 🎭 My Brother Made It For Me! ✨ #DIYForKids,哥哥做了不倒翁兔子給我,True,https://www.youtube.com/shorts/1a6JFfQ7eXY
動畫角色,搞笑意外,58125077,877227,1.51,5,2023-06-25,WONDERFULL CARTOON SS,174000,Talking tom cat 🐱🍧 #shorts #youtubeshorts #shortvideo #talkingtomcat #talkingcat #gaming #cartoon,湯姆貓吃冰淇淋,True,https://www.youtube.com/shorts/8DonKfi06uo
動畫角色,搞笑意外,56170822,1663598,2.96,35,2023-08-28,MrSmartt 2.0,6480000,When 2 Talking Tom Talking With Each-Other 😂 #shorts #shortvideo,兩隻湯姆貓互相對話,True,https://www.youtube.com/shorts/mmUkP8IbvuA
動畫角色,搞笑意外,55514763,389355,0.7,11,2025-10-21,rohit official ,54700,billi wala cartoon || cat || bilari || #cat #billi #cute #caetoon #ai,卡通貓咪的搞笑日常,True,https://www.youtube.com/shorts/i1MUo34aggk
動畫角色,音樂舞蹈,53180552,776846,1.46,10,2025-08-17,Coda,2810000,THE KITTY CAT DANCE ( TADC / The Amazing Digital Circus Ep 6 Animation ),數位馬戲團的貓咪熱舞,True,https://www.youtube.com/shorts/DWhM4LuX_nA
動畫角色,教學DIY,50660826,984153,1.94,13,2022-10-26,LAIKA Studios,1340000,Film It Yourself brings Bub the Ghost Dog to live-action in a behind-the-green-screen peek!,幽靈狗狗的綠幕拍攝祕密,True,https://www.youtube.com/shorts/Uw6F0FooaKc
無動物,劇情反轉,1867208968,17938278,0.96,60,2022-12-06,KL BRO Biju Rithvik,87700000,Tom 🍓 Jerry (Rithvi&Kavi)🍒Mom love End Twist 😂🎈#shorts,姊弟搶草莓，媽媽偏心大反轉,False,https://www.youtube.com/shorts/4UnP1I_sLgw
無動物,教學DIY,1195511903,15194071,1.27,24,2024-03-07,Rural mini project,5680000,How to make cow shed roof || Rural house mini project,迷你牛棚屋頂這樣蓋,False,https://www.youtube.com/shorts/3nHexlkfbqc
無動物,搞笑意外,642009405,2877368,0.45,19,2026-06-13,唐瑜熙🌈,1940000,現實版的貓和老鼠你們喜歡誰？Who do you like in the realistic version of Cat and Mouse?#sister #shorts,現實版貓和老鼠你喜歡誰,False,https://www.youtube.com/shorts/ZqNsQRdNbTM
無動物,搞笑意外,639238112,7631654,1.19,22,2024-03-15,Jiemba Sands,13000000,How Animals Get Over a Fence (With Emojis) 😂,各種動物翻圍籬的方式,False,https://www.youtube.com/shorts/FNfbEWT3pCI
無動物,教學DIY,556468985,3382133,0.61,30,2025-09-19,MEOWJI,12600000,🐷✏️ How to Draw a Cute Pig! Step by Step! 😃 #kids #fun,一步步畫出可愛小豬,False,https://www.youtube.com/shorts/DIXfRAFaOcw
無動物,搞笑意外,441005874,5704738,1.29,60,2022-08-11,KL BRO Biju Rithvik,87700000,Tom and Jerry (Kavi&Rithvi)🐱❤️part 68 #shorts,姊弟版湯姆貓與傑利鼠,False,https://www.youtube.com/shorts/SvzErnz1Qxg
無動物,劇情反轉,408739276,6839471,1.67,60,2023-07-21,KL BRO Biju Rithvik,87700000,Tom 🍓 Jerry (Rithvi&Kavi) Real End Twist 😂🎈 #shorts,姊弟搶食的結局大反轉,False,https://www.youtube.com/shorts/O2N60doam04
無動物,教學DIY,371276522,2432526,0.66,24,2023-09-02,Tripta Home Garden ,374000,चिड़िया रानी बड़ी शयनी चुगती दाना पीती पानी।।Bird Shape Chapati for kids #easy #food #viralvideo,把餅做成小鳥形狀哄小孩,False,https://www.youtube.com/shorts/_qO2qPouXMk
無動物,音樂舞蹈,363357662,,,15,2024-02-24,Ms Jessicas Little Learners,2140000,CUTE 5 Little Ducks Nursery Rhyme,五隻小鴨童謠帶動唱,False,https://www.youtube.com/shorts/z6941OF8Qr0
無動物,挑戰實驗,331846711,2949460,0.89,36,2025-11-22,Mark Rober,81100000,3 Levels of Elephant Toothpaste,大象牙膏三種等級大爆發,False,https://www.youtube.com/shorts/jfUU24gaqNg
無動物,恐怖驚嚇,319723343,810906,0.25,6,2026-05-16,ANYA KOVA,26600000,OMG Can Player escape from the Bunny?,玩家逃得出兔子的追殺嗎,False,https://www.youtube.com/shorts/SsyHu8_wb3Y
無動物,搞笑意外,295837998,3204827,1.08,29,2023-04-18,watermagic #shorts,2840000,Different animals cliff diving styles in #bluetreephuket,各種動物版跳水姿勢,False,https://www.youtube.com/shorts/rW3Trtfu8Vo
無動物,挑戰實驗,283128985,3517409,1.24,29,2024-01-14,عائلة برهوم,4040000,الخطأ متعمد لكن مين الشاطر الي كشفه 😂😂 #تصميمي #عائلة_برهوم,故意犯的錯，你抓得到嗎,False,https://www.youtube.com/shorts/UIlhdBQZaTY
無動物,搞笑意外,274411943,,,9,2023-06-12,mreviatar,8870000,The Kuchi Kuchi🤣🤣,庫奇庫奇的爆笑瞬間,False,https://www.youtube.com/shorts/5NvVT3d8vuI
無動物,教學DIY,263547540,1171147,0.44,18,2025-07-30,Emily's Playhouse Mini,2240000,🎨Try This Drawing Hack – Make a Pig the Easy Way!🐷#arttricks #artideas #easyartidea #easydrawing,一招輕鬆畫出小豬,False,https://www.youtube.com/shorts/jjOnhLZZ8_g
無動物,教學DIY,247576227,3800338,1.54,48,2023-05-02,"SLICK SLIME SAM - DIY, Comedy, Science",12200000,FUN! DIY Cutest Cat Paper Toys! #shorts #papercraft,用紙做出超可愛貓咪玩具,False,https://www.youtube.com/shorts/2thEO6PAzzo
無動物,搞笑意外,238318651,1689682,0.71,12,2023-09-19,XOXO viral,166000,My head is stuck #cute #baby #viral #viralvideo #shorts,我的頭卡住了出不來,False,https://www.youtube.com/shorts/c16AjqKsAhs
無動物,音樂舞蹈,214261922,2563047,1.2,15,2023-09-09,ANYA KOVA,26600000,Meow Meow Tutorial Cat Dance #shorts by Anna Kova,教你跳爆紅的喵喵貓咪舞,False,https://www.youtube.com/shorts/rUjiGUBmrOQ
無動物,教學DIY,189915264,1311188,0.69,36,2025-07-15,BippyBop,8740000,DIY! Funny Animals Made from Marshmallows! 🦒🐘,用棉花糖做出可愛動物,False,https://www.youtube.com/shorts/ze1sZiVepo4
無動物,挑戰實驗,137339292,2531560,1.84,60,2024-12-12,JayFindsThings,7780000,Testing the Unbreakable Pig...,測試打不破的存錢豬,False,https://www.youtube.com/shorts/Bs7Kw3CpkiA
無動物,教學DIY,123459161,2021188,1.64,15,2023-04-28,Carnival Mascot Factory - Premium Mascot Costumes,1270000,Gold Rabbit Mascot Costume 🐇✨ | Custom Luxury Character Design #mascotcostume #carnivalmascot,黃金兔子玩偶裝登場,False,https://www.youtube.com/shorts/GCrEJHn_izA
無動物,教學DIY,122592527,4472824,3.65,59,2023-03-18,Indian Singh,2930000,Girl vs Dolphin 😱 Mind blowing art #viralvideo #art  #artist,女孩與海豚的神畫作,False,https://www.youtube.com/shorts/UEYTC117ces
無動物,ASMR療癒,122295610,652595,0.53,8,2024-09-04,CHA CHA,454000,SpongeBob Squirrel Jelly 스폰지밥  다람이 젤리,海綿寶寶造型果凍,False,https://www.youtube.com/shorts/jjhhUsX8fO0
無動物,知識科普,121419240,3448185,2.84,53,2022-12-28,Mamlambo Fossils,615000,5 months of work to reveal this fossil penguin  #fossil #reveal #geology #paleontology,五個月挖出企鵝化石,False,https://www.youtube.com/shorts/d0kK0NZBtXU
無動物,教學DIY,120482734,702322,0.58,21,2023-11-16,Mi escuelita de apoyo,363000,Asi de fácil puedes dibujar un perrito 🐕🐕con esta historia 😄,用故事教你畫小狗,False,https://www.youtube.com/shorts/w60-vhlJgoQ
無動物,劇情反轉,113432607,3159314,2.79,55,2023-02-23,Stokes Twins,144000000,Losing a Parent..,失去父母的那一刻,False,https://www.youtube.com/shorts/nBIw5ETkacM
無動物,其他,112223764,2201250,1.96,20,2023-07-29,Jamie ,429000,#shorts,無標題的神秘爆紅片,False,https://www.youtube.com/shorts/7bVIKBpWuBo
無動物,搞笑意外,105331611,2460340,2.34,13,2022-07-21,Adhiyan & Viyaan Family,318000,Oru second la emandhuten🙄 unmaiyana elephant nu! #viralshorts,差點以為是真大象,False,https://www.youtube.com/shorts/stHbaHH_TdE
無動物,知識科普,98361432,,,10,2024-12-21,World's Mysterious Facts,356000,How is it possible?🤯😲 #illusion #cow #elephant #bull #temple #shorts #india #ancient #reels #yt #art,一座古雕像同時是牛也是象,False,https://www.youtube.com/shorts/GXHyKXmh7Lk
無動物,其他,95773568,3714656,3.88,36,2024-03-11,IGN,19900000,"Batman, Mr. Freeze, Penguin reunite at the Oscars #michaelkeaton #batman #dc #oscars",蝙蝠俠反派奧斯卡重聚,False,https://www.youtube.com/shorts/uxbeGCdRl9U
無動物,搞笑意外,94263427,,,9,2025-10-23,Nishiyoutuber,156000,Chacha ki मन गई happy Diwali🤣#trending #popular #dogeshmemes #ytshorts #funny #hype #comedy #viral,大叔的排燈節爆笑瞬間,False,https://www.youtube.com/shorts/-85k40ZnDS0
無動物,ASMR療癒,89688497,2525817,2.82,48,2024-03-12,Payman,17600000,This Panda was almost impossible to clean #shorts,這隻熊貓髒到幾乎洗不掉,False,https://www.youtube.com/shorts/gmlwb_x8Elc
無動物,搞笑意外,88061319,3861096,4.38,54,2022-05-06,The Graham Norton Show,5700000,Benedict Mispronouncing Penguin Has Us Weak😭 #Shorts,班奈狄克唸不出企鵝,False,https://www.youtube.com/shorts/GflW9_t7LZk
無動物,其他,87540668,906399,1.04,14,2024-02-29,Urvashi Rao,191000,cute toy money bank #toys #toystory #funny #cocomelon #kidstoys #adorablebabymoments #cute #monkey,小猴子存錢筒搶走硬幣,False,https://www.youtube.com/shorts/ufgxNEQKc0g
無動物,其他,84072384,2691232,3.2,10,2024-02-27,Mayamystic,12500000,I much prefer the Lola bunny of the movie than that of the series so it’s my old cosplay so simple🫠,重現電影版兔女郎 cosplay,False,https://www.youtube.com/shorts/x55ifyHrifk
無動物,ASMR療癒,78490271,1142794,1.46,59,2023-05-15,Biku entertainment,10400000,"Eating Challenge||ASMR||elephant,kinder joy,pineapple eating||bikram phuyal #biku #asmr #mukbang",大象造型甜點吃播挑戰,False,https://www.youtube.com/shorts/b3DBcjgJSSo
無動物,挑戰實驗,76949252,3360021,4.37,177,2025-05-23,Max the Meat Guy,10000000,I Cooked Every Bird in the World,我把全世界的鳥都煮過,False,https://www.youtube.com/shorts/hziqTqnleM0
無動物,其他,75445305,612244,0.81,78,2026-04-10,Alice Toys,1150000,Benda apa itu?? 🤔🫨 #apaitu #penasaran #hiburan #mainananak #penguin #pinguin #roboalive #mainan,這到底是什麼東西,False,https://www.youtube.com/shorts/YugwaCtU-QY
無動物,教學DIY,72096816,783184,1.09,59,2025-09-05,Thrawan,946000,a Fox Made of Oreos,用奧利奧做出一隻狐狸,False,https://www.youtube.com/shorts/MvnwDjmQrKw
無動物,其他,70517417,,,11,2022-08-18,Carnival Mascot Factory - Premium Mascot Costumes,1270000,Bunny Mascot Costume 🐰 | Cute Rabbit Character for Events 🐰 #mascotcostume #carnivalmascot,超萌兔子玩偶裝現身,False,https://www.youtube.com/shorts/u2UlbER-5H8
無動物,其他,64122237,852793,1.33,8,2024-09-08,ABUL᭄KAᏆSH,210000,Thanks for 65m views 🫶,感謝六千五百萬次觀看,False,https://www.youtube.com/shorts/CY9tiR0IT2I
無動物,教學DIY,62376426,2969814,4.76,60,2024-03-01,albert_cancook,29200000,Peking Duck 🦆 @ChefRush @GugaFoods,在家做出正宗北京烤鴨,False,https://www.youtube.com/shorts/0TWcDU11eDY
無動物,教學DIY,59384744,1228782,2.07,60,2025-09-11,Ashkan Sadeghi,4750000,Peking Duck🦆🇨🇳🔥#duck #cooking #recipe #shorts,正宗北京烤鴨這樣做,False,https://www.youtube.com/shorts/VR4abJUk3Ek
無動物,教學DIY,59124413,581474,0.98,49,2025-03-13,FLOOF,4220000,How to Make a Cute Dolphin 🐬 #kidsvideos,手作一隻可愛小海豚,False,https://www.youtube.com/shorts/UQH58vZ8o3c
無動物,其他,56694820,240402,0.42,23,2025-05-15,Nazib ke Toys,2760000,Amr Duita Toys RC Spider 🕷️ and Rabbit 🐇 #unboxing,開箱遙控蜘蛛和兔子,False,https://www.youtube.com/shorts/xc68ZCfiGGs
無動物,教學DIY,53578253,1499350,2.8,15,2024-01-09,Caked by Rach,892000,Penguin cupcakes 🐧🧁 #cupcake #cakedecorating #penguin #shapedcupcakes #bakinghacks #shortsfeed,企鵝造型杯子蛋糕教學,False,https://www.youtube.com/shorts/6xw58Ls3H3M
無動物,搞笑意外,51991686,826157,1.59,17,2024-05-19,Jiemba Sands,13000000,How different animals take fall damage. Part 2,不同動物摔落的爆笑反應,False,https://www.youtube.com/shorts/nETqLL-SUoA
無動物,搞笑意外,50593066,252383,0.5,28,2026-03-08,Cute Life,5690000,Aaj mai bhi ￼ penguin ki trah chalu gi,今天我也要學企鵝走路,False,https://www.youtube.com/shorts/Qaq5x6LsDgc
